report_month,sl_no,project_code,project_name,agency,state,ministry,sector,approval_date,start_date,original_completion_date,revised_completion_date,original_cost_cr,revised_cost_cr,cumulative_expenditure_cr,physical_progress_pct,source_file,source_page
2026-07,714.0,619184,"Total (190) Rehabilitation and up-gradation and completion of balance works of the section from Km 107.760 km to 129.445 km After Middle strait to Humphrey, Km 130.600 to 138.300 After Humphrey to Kadamtala of NH-4 Intermediate/2-Lane with hard shoulder in the Union Territory of Andaman & Nicobar Islands on EPC basis Package- IIIA",,Andaman & Nicobar,Ministry of Road Transport & Highways,Roads & Highways,02/2018,03/2024,09/2025,12/2026,465721.36,376.48,459390.96,81.95,FlashReport_July_2026 (1).pdf,89
2026-07,715.0,619185,Rehabilitation and up-gradation and completion of balance work of section from Km 155.00 to Km 181.00 End of Jarwa to Rangat of NH -4 Total length 26 Km to Intermediate Lane/2-lane with hard shoulders in the UT of A&N Islands on EPC basis - Package-III.B Balance work,,Andaman & Nicobar,Ministry of Road Transport & Highways,Roads & Highways,02/2018,05/2024,10/2025,03/2027,183.56,333.12,163.63,50.15,FlashReport_July_2026 (1).pdf,89
2026-07,716.0,619186,Construction of Balance works of Major Bridge over Middle Strait Creek between Km.106.590 to km108.553 of NH-04 connecting South Andaman & Baratang Island in the Union Territory of Andaman & Nicobar Islands on EPC basis,,Andaman & Nicobar,Ministry of Road Transport & Highways,Roads & Highways,03/2015,05/2024,02/2026,12/2026,262.96,371.88,112.15,12.98,FlashReport_July_2026 (1).pdf,89
2026-07,717.0,617984,"Gudivada Town 2 RoB, and Road improvement NH-165",MoRTH,Andhra Pradesh,Ministry of Road Transport & Highways,Roads & Highways,03/2022,05/2023,05/2025,03/2027,317.22,317.22,158.64,75.2,FlashReport_July_2026 (1).pdf,89
2026-07,718.0,617985,Widening to two lane with paved shoulders from Km 0/0 to 64/020 Pamarru to Akiveedu,MoRTH,Andhra Pradesh,Ministry of Road Transport & Highways,Roads & Highways,03/2020,11/2021,11/2023,05/2027,529.54,588.65,248.31,74.41,FlashReport_July_2026 (1).pdf,89
2026-07,719.0,617986,Kurnool/Kadapa Border-Jammalamadugu section of NH-167K i.e. Design Ch. Km 248010 to km 269900 to 2,MoRTH,Andhra Pradesh,Ministry of Road Transport & Highways,Roads & Highways,03/2023,12/2024,12/2026,12/2026,292.63,292.63,0.0,95.77,FlashReport_July_2026 (1).pdf,89
2026-07,720.0,617987,Nandyala-Kurnool/Kadapa Border section of NH-167K i.e. Km 186/000 to Km 250/000Design Ch.186000 to 248010 to 2LPS,MoRTH,Andhra Pradesh,Ministry of Road Transport & Highways,Roads & Highways,10/2024,09/2025,09/2027,09/2027,691.81,691.81,0.0,49.71,FlashReport_July_2026 (1).pdf,89
2026-07,721.0,617988,Sangameswaram - Atmakuru section from Km 96 to Km 124 & Velegodu- Nandyal section including Nandyal Bypass from Km 143/6 to 185/9 NH-167K,MoRTH,Andhra Pradesh,Ministry of Road Transport & Highways,Roads & Highways,10/2024,07/2025,07/2027,07/2027,776.17,644.14,0.0,41.98,FlashReport_July_2026 (1).pdf,90
2026-07,722.0,617991,"Rehabilitation and up-gradation of NH-167 from Km 14/900 to Km70/000 Design Ch. 14/900 to 69/700 Chintakunta to Adoni section to two lane with paved shoulders in the State of Andhra Pradesh under Corridor Approach through Engineering, Procurement",MoRTH,Andhra Pradesh,Ministry of Road Transport & Highways,Roads & Highways,11/2016,05/2017,05/2019,12/2026,290.15,290.15,141.83,91.9,FlashReport_July_2026 (1).pdf,90
2026-07,723.0,618013,4-laning of Puttaparthi-Koduru Section of NH-342,MoRTH,Andhra Pradesh,Ministry of Road Transport & Highways,Roads & Highways,10/2022,11/2023,11/2025,08/2026,1318.59,909.19,464.06,90.19,FlashReport_July_2026 (1).pdf,90
2026-07,724.0,618037,Rehabilitation and Up-gradation of existin of road from 2-lane to 2-lane with paved shoulders from km. 0.00 to km 53.590 total length-53.590 km of Raychoti to Vempalli section of NH-440 in the State of Andhra Pradesh on EPC mode.,MoRTH,Andhra Pradesh,Ministry of Road Transport & Highways,Roads & Highways,12/2021,05/2022,05/2024,09/2026,439.82,359.52,213.12,90.2,FlashReport_July_2026 (1).pdf,90
2026-07,725.0,618052,Gorantla - Hindupur section from Km 120/300 to 165/000 of NH716G in the State of Andhra Pradesh,MoRTH,Andhra Pradesh,Ministry of Road Transport & Highways,Roads & Highways,10/2024,08/2025,08/2027,08/2027,808.7,808.7,0.0,37.7,FlashReport_July_2026 (1).pdf,90
2026-07,726.0,618053,Muddanur to B. Kothapalli section of NH-716G from Km. 0/000 to Km. 56/500 56.500 Km in the State of Andhra Pradesh on EPC mode Job no. 741,MoRTH,Andhra Pradesh,Ministry of Road Transport & Highways,Roads & Highways,10/2024,08/2025,08/2027,08/2027,1019.97,1019.97,0.0,33.55,FlashReport_July_2026 (1).pdf,90
2026-07,727.0,618101,Kondamodu to Perecherla Section Design Ch. Km 000 to Km 49917 of NH-167AG to to 4LPS,MoRTH,Andhra Pradesh,Ministry of Road Transport & Highways,Roads & Highways,10/2024,04/2025,04/2027,04/2027,881.61,881.61,0.0,37.95,FlashReport_July_2026 (1).pdf,90
2026-07,728.0,618103,Rehabilitation and upgradation from Km 22300 to 58635 of MudireddyPalle to Kadapa/Nellore Border via porumamilla Section of NH 167 Two Lane with paved Shoulder in,MoRTH,Andhra Pradesh,Ministry of Road Transport & Highways,Roads & Highways,03/2022,10/2024,04/2026,07/2026,279.29,279.29,168.7,90.33,FlashReport_July_2026 (1).pdf,90
2026-07,729.0,618125,Rehabilitation and upgradation of NH 326A from km 0/0 to 41/979 excluding km 2/255 to 3/372 and km 36/820 to 38/275 Odisha border to Narasamapeta to two lane with paved Shoulders in the State of Andhra Pradesh under NHO on EPC Mode,MoRTH,Andhra Pradesh,Ministry of Road Transport & Highways,Roads & Highways,03/2018,09/2018,03/2020,10/2025,228.32,228.32,44.94,100.0,FlashReport_July_2026 (1).pdf,90
2026-07,730.0,618193,Widening of Existing Road to Two Lane with Paved Shoulder Configuration from Km 0.00 to 26.000 & Km 45.200 To 59.622 Of NH 365BB in the State of Andhra Pradesh Under Annual Plan 2023-24 through EPC Mode,MoRTH,Andhra Pradesh,Ministry of Road Transport & Highways,Roads & Highways,01/2024,04/2025,12/2026,12/2026,368.63,368.63,76.12,45.62,FlashReport_July_2026 (1).pdf,90
2026-07,731.0,618194,Rehabilitation and upgradation of New NH 544DD from design Chainage Km. 56/000 to 102/20 of Kalyandrg - Molakalmuru Section,MoRTH,Andhra Pradesh,Ministry of Road Transport & Highways,Roads & Highways,03/2018,08/2018,02/2020,09/2025,294.13,285.29,312.4,98.52,FlashReport_July_2026 (1).pdf,90
2026-07,732.0,618236,Rehabilitation and Up-gradation of Dhindi - Digamarru section from Km 126/510 to Km 135/740 of NH -214 New NH -216 and digamarru -Losari section from Km 0/000 tp Km 34/230 of NH-214 A New Nh-216 to two lane with paved shoulder in the state of AP-NH,MoRTH,Andhra Pradesh,Ministry of Road Transport & Highways,Roads & Highways,02/2016,05/2016,05/2018,11/2023,316.06,288.76,222.43,100.0,FlashReport_July_2026 (1).pdf,90
2026-07,733.0,618238,Rehabilitation and Up-gradation of Thimmapuram to Gurajanapalli section from Km 26/150 to Km 41/161 of NH - 214 New NH - 216 to two lane with paved shoulder in the state of Andhra Pradesh under NHDP-IV,MoRTH,Andhra Pradesh,Ministry of Road Transport & Highways,Roads & Highways,08/2016,01/2017,07/2018,09/2026,350.61,432.91,233.93,98.2,FlashReport_July_2026 (1).pdf,90
2026-07,734.0,618239,"Rehabilitation & Upgradation of NH214 New NH-216 from Km 34/230 to Km 84/550 Losari to Machavaram Section to two lane with paved shoulder in the state of Andhrapradesh under NHDP-IV through Engineering, Procurement& Construction EPC mode.",MoRTH,Andhra Pradesh,Ministry of Road Transport & Highways,Roads & Highways,03/2016,09/2016,09/2018,07/2025,445.22,459.37,512.79,98.6,FlashReport_July_2026 (1).pdf,90
2026-07,735.0,618254,Construction of Paderu bypass Km 0000 to Km 13000 of 2- lane with paved shoulder on NH-516E,MoRTH,Andhra Pradesh,Ministry of Road Transport & Highways,Roads & Highways,03/2023,01/2025,07/2026,12/2026,244.43,244.43,21.96,13.0,FlashReport_July_2026 (1).pdf,90
2026-07,736.0,618255,Two laning with paved shoulders of Lambasingi to Paderusection of NH 516E,MoRTH,Andhra Pradesh,Ministry of Road Transport & Highways,Roads & Highways,04/2020,11/2023,11/2025,03/2027,361.24,358.05,145.94,56.69,FlashReport_July_2026 (1).pdf,90
2026-07,737.0,618256,"Rehabilitation and Upgradation to 2-lane with paved should ders Sir, configuration of Chaprathipalem to Lambasingi section Km 165500 to Km 205000 of NH-516E in the State of Andhra Pradesh under Green National Highways Corridor Project GNHCP with the loan assistance of World Bank on EPC mode",MoRTH,Andhra Pradesh,Ministry of Road Transport & Highways,Roads & Highways,08/2020,10/2022,10/2024,07/2026,311.22,311.22,211.05,93.01,FlashReport_July_2026 (1).pdf,90
2026-07,738.0,618257,Rehabilitation and Upgradation to 2-lane with paved shoulders configuration of Koyyuru to Chaprathipalem section Km 120000 to Km 165500 of NH-516E in the State of Andhra Pradesh under Green National Highways Corridor Project GNHCP with the loan assistance of World Bank on EPC mode,MoRTH,Andhra Pradesh,Ministry of Road Transport & Highways,Roads & Highways,08/2020,07/2022,07/2024,07/2026,349.29,349.29,264.86,98.09,FlashReport_July_2026 (1).pdf,91
2026-07,739.0,618412,Construction of i Connecting Road from Z-Morh Tunnel to Zojila Tunnel Road Length 18.475km and ii 14.150 Km long 2-L Bi-directional single tube Zoji-la Tunnel across Zojila Pass on Sonamarg - Kargil section from Km 82 to Km 118 of NH-01 under PMDP,,Andhra Pradesh,Ministry of Road Transport & Highways,Roads & Highways,01/2018,10/2020,09/2026,02/2028,6808.69,6808.69,3574.5,68.8,FlashReport_July_2026 (1).pdf,91
2026-07,740.0,618475,Bangalore Chennai Expressway Phase-II Pkg-II from km.96.000 to Km 127.000 Baireddypalle to Bangarupalem section,,Andhra Pradesh,Ministry of Road Transport & Highways,Roads & Highways,02/2021,06/2023,06/2025,10/2026,2548.04,2548.04,1332.41,94.24,FlashReport_July_2026 (1).pdf,91
2026-07,741.0,618476,Bangalore Chennai Expressway Phase-II Pkg-III from km.127.000 to Km 156.000 Bangarupalem to Gudipala section,,Andhra Pradesh,Ministry of Road Transport & Highways,Roads & Highways,11/2020,10/2022,10/2024,08/2026,1407.33,1407.33,868.62,99.46,FlashReport_July_2026 (1).pdf,91
2026-07,742.0,618524,Construction of 6 lane elevated corridor including its approaches from Km. 629880 to Km. 634470 Design Chainage of NH-16 in Ranasthalam Town portion in the state of Andhra Pradesh on EPC Mode under NHO.,,Andhra Pradesh,Ministry of Road Transport & Highways,Roads & Highways,07/2024,03/2025,03/2027,08/2027,257.98,192.85,55.83,39.1,FlashReport_July_2026 (1).pdf,91
2026-07,743.0,618525,Construction of flyover at Gammon Junction at Km.903.265 on NH16 including vent at Diwancheruvu junction at Km.902.308 Blackspot ID No.AP03299 in Andhra Pradesh on EPC mode under NHO,,Andhra Pradesh,Ministry of Road Transport & Highways,Roads & Highways,03/2025,10/2025,10/2027,10/2027,326.61,223.29,43.82,18.9,FlashReport_July_2026 (1).pdf,91
2026-07,744.0,618526,6L of Gundugolanu Design km 1023.280 to Kalaparru Design km 1050.680 of NH-5 New NH-16,,Andhra Pradesh,Ministry of Road Transport & Highways,Roads & Highways,10/2018,01/2020,07/2021,08/2026,665.59,665.59,643.95,95.73,FlashReport_July_2026 (1).pdf,91
2026-07,745.0,618579,6L of Anandapuram Pendurthi Anakapalli Section from km. 681.000 to km. 731.780 of NH-16,,Andhra Pradesh,Ministry of Road Transport & Highways,Roads & Highways,01/2018,01/2019,07/2021,08/2026,2527.0,2957.25,2376.11,100.0,FlashReport_July_2026 (1).pdf,91
2026-07,746.0,618629,Nandigama Bypass and Kanchikacherla bypass,,Andhra Pradesh,Ministry of Road Transport & Highways,Roads & Highways,11/2017,03/2018,06/2019,09/2026,416.07,444.58,387.77,98.47,FlashReport_July_2026 (1).pdf,91
2026-07,747.0,618633,4L of Kadapa China Orampadu section of NH-716 Package I of Kadapa-Renigunta section,,Andhra Pradesh,Ministry of Road Transport & Highways,Roads & Highways,12/2022,03/2026,03/2028,03/2028,1732.66,1732.66,106.39,5.01,FlashReport_July_2026 (1).pdf,91
2026-07,748.0,618682,6L Korlam-Kantakapalle Section of NH-130CD Road from Km 421.100 to Km 445.100 Pkg-3,,Andhra Pradesh,Ministry of Road Transport & Highways,Roads & Highways,02/2021,02/2022,02/2024,08/2026,1112.7,1127.63,849.98,99.5,FlashReport_July_2026 (1).pdf,91
2026-07,749.0,618700,Renigunta - Poyya - Naidupeta km 124.60 to km 183.4 of NH 71,,Andhra Pradesh,Ministry of Road Transport & Highways,Roads & Highways,03/2020,01/2022,01/2024,09/2026,1863.09,2510.14,1677.19,98.6,FlashReport_July_2026 (1).pdf,91
2026-07,750.0,618712,6L Access Controlled Greenfield Highway from Kodur Ch. 0000 to Vanavolu Ch. 24300 of [NH-544G] Package-1,,Andhra Pradesh,Ministry of Road Transport & Highways,Roads & Highways,01/2023,02/2024,02/2026,03/2027,912.94,798.25,357.89,87.65,FlashReport_July_2026 (1).pdf,91
2026-07,751.0,618713,6L Access Controlled Greenfield Highway from Yerragudipadu Ch. 129000 to Audireddipalle Ch. 160000 of [NH 544G] Package-6,,Andhra Pradesh,Ministry of Road Transport & Highways,Roads & Highways,02/2023,02/2024,02/2026,11/2027,1200.42,1019.69,282.16,47.2,FlashReport_July_2026 (1).pdf,91
2026-07,752.0,618714,6L Access Controlled Greenfield Highway from Nallacheruvu palli Ch. 96300 to Yerragudipadu Ch. 129000 of [NH-544G] Package-5,,Andhra Pradesh,Ministry of Road Transport & Highways,Roads & Highways,02/2022,02/2024,02/2026,06/2027,1253.26,1095.78,389.19,67.05,FlashReport_July_2026 (1).pdf,91
2026-07,753.0,618715,6L Access Controlled Greenfield Highway from Odulapalle Ch. 72000 to Nallacheruvu- palli Ch. 96300 of [NH-544G]Package-4,,Andhra Pradesh,Ministry of Road Transport & Highways,Roads & Highways,01/2023,02/2024,02/2026,04/2027,1058.9,946.1,403.17,76.97,FlashReport_July_2026 (1).pdf,91
2026-07,754.0,618716,6L Access Controlled Greenfield Highway from Vankarakunta Ch. 45700 to Odulapalle Ch. 72000 of [NH-544G]Package-3,,Andhra Pradesh,Ministry of Road Transport & Highways,Roads & Highways,12/2022,03/2024,03/2026,03/2027,992.91,888.07,351.23,77.21,FlashReport_July_2026 (1).pdf,91
2026-07,755.0,618717,6L Access Controlled Greenfield Highway from Vanavolu Ch. 24300 to Vankarakunta Ch. 45700 of [NH-544G] Package-2,,Andhra Pradesh,Ministry of Road Transport & Highways,Roads & Highways,01/2023,03/2024,03/2026,02/2027,750.81,626.91,261.4,87.24,FlashReport_July_2026 (1).pdf,91
2026-07,756.0,618718,6L Access Controlled Greenfield Highway from Kavulakuntla Ch. 196000 to Narayanmpet Ch. 203500Package-09,,Andhra Pradesh,Ministry of Road Transport & Highways,Roads & Highways,02/2023,02/2025,02/2027,12/2027,1092.18,956.4,242.13,54.56,FlashReport_July_2026 (1).pdf,92
2026-07,757.0,618719,6L Access Controlled Greenfield Highway from Mallapalle Ch. 176000 to Kavulakuntla Ch. 196000 Package-08,,Andhra Pradesh,Ministry of Road Transport & Highways,Roads & Highways,02/2023,02/2024,02/2026,07/2027,909.02,751.81,290.04,65.92,FlashReport_July_2026 (1).pdf,92
2026-07,758.0,618720,6L Access Controlled Greenfield Highway from Audireddipalle Ch. 160000 to Mallapalle Ch. 176000Package-07,,Andhra Pradesh,Ministry of Road Transport & Highways,Roads & Highways,02/2023,03/2024,03/2026,04/2027,987.1,848.06,338.45,73.78,FlashReport_July_2026 (1).pdf,92
2026-07,759.0,618721,6L Access Controlled Greenfield Highway from Chandrasekharapuram Ch. 228000 to Polavaram Ch. 260000of [NH-544G] Package-11,,Andhra Pradesh,Ministry of Road Transport & Highways,Roads & Highways,02/2023,02/2024,02/2026,08/2027,1292.65,1110.33,358.41,64.2,FlashReport_July_2026 (1).pdf,92
2026-07,760.0,618759,4L PS Mydukur - Badvel from Km 585.820 to Km 630.960 of NH-67,,Andhra Pradesh,Ministry of Road Transport & Highways,Roads & Highways,05/2022,09/2023,09/2025,10/2026,1063.57,1103.87,585.79,90.4,FlashReport_July_2026 (1).pdf,92
2026-07,761.0,618777,4L of Pileru to Kalur Section from Km 55.900 to Km 92.800 & Km 94.500 to Km 95.717 of NH-71Package-II,,Andhra Pradesh,Ministry of Road Transport & Highways,Roads & Highways,03/2022,10/2023,11/2025,08/2026,1877.47,592.85,246.42,98.84,FlashReport_July_2026 (1).pdf,92
2026-07,762.0,618778,4L of Madanapalle to Pileru Section from Km 0.000 to Km 55.900 of NH-71Package-I,,Andhra Pradesh,Ministry of Road Transport & Highways,Roads & Highways,02/2022,01/2023,01/2025,08/2026,1877.47,1994.1,1182.65,94.9,FlashReport_July_2026 (1).pdf,92
2026-07,763.0,618803,Development of 4L Road from Samarlakota to Achampeta Junction as part of Kakinada Port Connectivity to NH-16 Rajanagaram Junction in East Godavari District,,Andhra Pradesh,Ministry of Road Transport & Highways,Roads & Highways,09/2022,08/2023,08/2025,12/2026,645.63,750.2,680.09,93.0,FlashReport_July_2026 (1).pdf,92
2026-07,764.0,618804,Dedicated Port road to Krishnapatnam Port Package-I from Km. 0.000 to Km. 18.000,,Andhra Pradesh,Ministry of Road Transport & Highways,Roads & Highways,03/2018,12/2018,12/2020,03/2027,348.72,341.36,310.54,80.19,FlashReport_July_2026 (1).pdf,92
2026-07,765.0,618805,6L Connectivity to Port Road from Sabbavaram Sheelanagar-NH516C,,Andhra Pradesh,Ministry of Road Transport & Highways,Roads & Highways,12/2024,02/2026,02/2028,02/2028,977.33,977.33,155.51,7.2,FlashReport_July_2026 (1).pdf,92
2026-07,766.0,618806,Improvement of 4L road to 6L road and 4L dedicated Port Roads for the Port connectivity road from Convent junction to Sheelanagar Junction,,Andhra Pradesh,Ministry of Road Transport & Highways,Roads & Highways,01/2023,02/2024,02/2026,12/2026,685.99,680.21,493.92,79.0,FlashReport_July_2026 (1).pdf,92
2026-07,767.0,618807,"4L Greenfield Road connecting North and South industrial cluster of Khandaleru Creek near Krishnapatnam port at Thamminapatnam to Mollur from Km 0.0 to Km 16.046, Part I & 6L extension of dedicated port road of NH-67 Km 18.0 to Km 19.3, Part II",,Andhra Pradesh,Ministry of Road Transport & Highways,Roads & Highways,08/2022,09/2023,09/2025,01/2027,609.43,559.98,579.22,84.03,FlashReport_July_2026 (1).pdf,92
2026-07,768.0,618826,4 Laning of NH-544D from Km 0.000 to km 37.000 of Anantapur- Muchukota section Pkg-1,,Andhra Pradesh,Ministry of Road Transport & Highways,Roads & Highways,10/2022,07/2023,07/2025,08/2026,907.76,905.98,468.12,92.34,FlashReport_July_2026 (1).pdf,92
2026-07,769.0,618827,4 Laning of NH-544D from Km 37.000 to km 69.000 of Muchukota- Bugga section Pkg-2,,Andhra Pradesh,Ministry of Road Transport & Highways,Roads & Highways,10/2022,08/2023,08/2025,12/2026,1097.57,1055.23,466.9,84.92,FlashReport_July_2026 (1).pdf,92
2026-07,770.0,618920,Access Controlled Highway of 4 Lane with Paved Shoulders from TN/AP Border Design Chainage Km 6151 to Puttur Design Chainage Km 81540 of NH-716 & 6 Lane with Paved Shoulders from Mallavaram to Renigunta,,Andhra Pradesh,Ministry of Road Transport & Highways,Roads & Highways,03/2024,12/2024,12/2026,03/2027,1346.82,1260.37,188.68,42.48,FlashReport_July_2026 (1).pdf,92
2026-07,771.0,619076,Six Laning of Vijayawada Bypass from Chinna Avutapalli to Gollapudi in Vijayawada - Gundugolanu Section from km. 0.00 to km. 30.00 Pkg-III,,Andhra Pradesh,Ministry of Road Transport & Highways,Roads & Highways,01/2020,02/2021,02/2023,09/2026,1581.24,1883.71,1024.51,98.2,FlashReport_July_2026 (1).pdf,92
2026-07,772.0,619102,4 L of China Orampadu-Renigunta section of NH-716 Package-II of Kadapa- Renigunta section,,Andhra Pradesh,Ministry of Road Transport & Highways,Roads & Highways,12/2022,03/2026,03/2028,03/2028,1500.11,1500.11,121.06,2.25,FlashReport_July_2026 (1).pdf,92
2026-07,773.0,619111,6L Jakkuva Korlam Section of NH-130CD Road from km 396.800 to km 421.100 Pkg 2,,Andhra Pradesh,Ministry of Road Transport & Highways,Roads & Highways,02/2021,03/2022,03/2024,08/2026,840.51,840.51,573.9,99.83,FlashReport_July_2026 (1).pdf,92
2026-07,774.0,619112,6L Kantakapalle Sabbavaram Section of NH-130CD Road from Km 445.100 to Km 464.662 Pkg-4,,Andhra Pradesh,Ministry of Road Transport & Highways,Roads & Highways,02/2021,10/2022,10/2024,12/2026,1012.57,1012.57,702.4,84.6,FlashReport_July_2026 (1).pdf,92
2026-07,775.0,619123,6L Access Controlled Greenfield Highway from Narayanmpet Ch. 203500 to Chandrasekharpuram Ch. 228000Package-10,,Andhra Pradesh,Ministry of Road Transport & Highways,Roads & Highways,02/2023,02/2024,02/2026,07/2027,813.66,678.21,223.35,66.12,FlashReport_July_2026 (1).pdf,93
2026-07,776.0,619124,6L Access Controlled Greenfield Highway from Polavaram Ch. 260000 to Marripudi Ch. 285500 of [NH-544G]Package-12,,Andhra Pradesh,Ministry of Road Transport & Highways,Roads & Highways,02/2023,02/2024,02/2026,05/2027,747.29,626.83,250.93,70.2,FlashReport_July_2026 (1).pdf,93
2026-07,777.0,619125,6L Access Controlled Greenfield Highway from Somavarappadu Ch.314.600 to Muppavaram Ch.343240 of [NH-544G] Package-14,,Andhra Pradesh,Ministry of Road Transport & Highways,Roads & Highways,02/2023,02/2024,02/2026,10/2027,1103.9,943.66,267.61,44.56,FlashReport_July_2026 (1).pdf,93
2026-07,778.0,619126,6L Access Controlled Greenfield Highway from Marripudi Ch. 285500 to Somavarappadu Ch. 314600 of [NH-544G] Package-13,,Andhra Pradesh,Ministry of Road Transport & Highways,Roads & Highways,02/2023,02/2024,02/2026,04/2027,976.41,798.71,370.82,73.0,FlashReport_July_2026 (1).pdf,93
2026-07,779.0,619140,6L of Naidupeta Junction - Turpukanupur Section from km 57.046 to km 91.927,,Andhra Pradesh,Ministry of Road Transport & Highways,Roads & Highways,08/2022,10/2023,10/2025,10/2027,1398.84,965.58,388.87,53.7,FlashReport_July_2026 (1).pdf,93
2026-07,780.0,619141,Construction of four lane access controlled highway from Chillakuru cross road to Turpu KanupurPart 1 of Package - II km 0.000 131.500 of NH - 16 to km 23.770 on New NH-516W including six lane flyover and approaches on NH-16 length km 1.050 and six lane access controlled from Turpu Kanupur to Port South Gate Part 2 of Package - II km 23.770 to km 35.015 on New NH-516W in the state of Andhra Pradesh on HAM Mode under Bharatmala Pariyojana Phase I,,Andhra Pradesh,Ministry of Road Transport & Highways,Roads & Highways,08/2022,12/2023,12/2025,03/2026,864.2,844.39,358.97,55.53,FlashReport_July_2026 (1).pdf,93
2026-07,781.0,619160,Balance works in AP Portion and punch list items in TN & AP portion of NH-205,,Andhra Pradesh,Ministry of Road Transport & Highways,Roads & Highways,10/2022,07/2023,01/2025,01/2026,166.52,113.46,98.52,100.0,FlashReport_July_2026 (1).pdf,93
2026-07,782.0,617892,Construction of 2-lane road of Potin to Pangin section of NH-13 from Km 163.59 to Km 206.66 Package-5 on EPC Mode in the State of Arunachal Pradesh under Arunachal Pradesh Package of Roads and Highways of SARDP-NE [Job No SARDP-NE/P- P/Pkg-A/NH-13/Ar.Pr./PWD/2018-19/116],MoRTH,Arunachal Pradesh,Ministry of Road Transport & Highways,Roads & Highways,03/2019,11/2020,11/2023,10/2026,450.65,450.65,345.01,96.61,FlashReport_July_2026 (1).pdf,93
2026-07,783.0,618401,"Construction of Intermediate Lane with Hard Shoulder of Hunli to Hayuliang Package- III from design Km 60.000 to Km 121.500 Design Length 61.500 km, Greenfield Section of Frontier Highway NH-913 in the State of Arunachal Pradesh on EPC Mode Pkg-3",,Arunachal Pradesh,Ministry of Road Transport & Highways,Roads & Highways,02/2024,07/2025,07/2028,07/2028,1418.67,1418.67,93.19,1.7,FlashReport_July_2026 (1).pdf,93
2026-07,784.0,618402,"Construction of Intermediate Lane with Hard Shoulder of Hunli to Hayuliang from Design Km 0.000 to Km 53.000 Design Length 53.000 km, Greenfield Section of Frontier Highway NH-913 in the State of Arunachal Pradesh on EPC Mode Package-I",,Arunachal Pradesh,Ministry of Road Transport & Highways,Roads & Highways,02/2024,03/2025,02/2028,03/2028,1262.43,1262.43,255.45,19.13,FlashReport_July_2026 (1).pdf,93
2026-07,785.0,618403,Construction of Intermediate Lane Road with hard shoulder from design Km 0.000 to Km 17.387 Total length 17.387 km of Hunli to Ithun Bridge section on NH-913 Frontier Highway in State of Arunachal Pradesh on EPC mode under NHO-NE,,Arunachal Pradesh,Ministry of Road Transport & Highways,Roads & Highways,02/2024,01/2025,01/2027,01/2027,275.5,275.5,163.15,56.18,FlashReport_July_2026 (1).pdf,93
2026-07,786.0,618404,Construction of lntermediate Lane Road with hard shoulder from design chainage Km 0.000 to Km 53.040 Existing Length68.500 Km & Total Design length 53.04 km of Tato to Monigong section of NH-913 Frontier Highway on Nafra Bomdila to Vijaynagar along China border in state of Arunachal pradesh on EPC mode,,Arunachal Pradesh,Ministry of Road Transport & Highways,Roads & Highways,12/2023,05/2025,11/2027,11/2027,625.61,625.61,269.64,22.81,FlashReport_July_2026 (1).pdf,93
2026-07,787.0,618405,"Construction of Intermediate Lane of Pango to Jorging Road from 0000 to Design Km Design Km 40000 Design Length 40.00 Km, Pkg-l, Greenfield Alignment in the State of Arunachal Pradesh on EPC mode Pkg-1",,Arunachal Pradesh,Ministry of Road Transport & Highways,Roads & Highways,01/2024,01/2025,07/2027,07/2027,898.19,898.19,255.52,39.86,FlashReport_July_2026 (1).pdf,93
2026-07,788.0,618433,Construction of Balance work of 2-Lane with PS of Joram Koloriang Road from existing Km122.600 to km138.00 [Design Km108.724 to Km123.714] in Arunachal Pradesh on EPC Mode under SARDP-NE Pkg-7,,Arunachal Pradesh,Ministry of Road Transport & Highways,Roads & Highways,02/2017,10/2020,04/2022,04/2026,184.89,184.89,156.42,99.69,FlashReport_July_2026 (1).pdf,93
2026-07,789.0,618434,Roing-Hunli Road Greenfield Alignment Project,,Arunachal Pradesh,Ministry of Road Transport & Highways,Roads & Highways,02/2017,03/2018,03/2022,10/2026,1718.59,1718.59,1123.4,82.45,FlashReport_July_2026 (1).pdf,93
2026-07,790.0,618445,Construction of 2-Laning with hard shoulders of Demwe-Brahmakund section of NH- 13 from Ch.0.00 km to 18.464 km on EPC under SARDP-NE NHO-NE -Balance Work,,Arunachal Pradesh,Ministry of Road Transport & Highways,Roads & Highways,08/2020,06/2025,12/2027,12/2027,353.9,353.9,26.82,19.57,FlashReport_July_2026 (1).pdf,93
2026-07,791.0,619014,"lmprovement and Widening to 2 lane with paved Shoulder of NH-15 old NH-52 from Existing Km 770.600 Design Km 24.819 to Existing km 805.750 Design Km 59.885 Kamlang T-Junction to Chowkham, Existing Length 35.150 Km, Design Length-35.066 Km in the state of Arunachal Pradesh on EPC mode Pkg-2",,Arunachal Pradesh,Ministry of Road Transport & Highways,Roads & Highways,12/2023,02/2026,02/2028,02/2028,316.73,316.73,34.98,15.06,FlashReport_July_2026 (1).pdf,94
2026-07,792.0,619248,"lmprovement and Widening to 2-lane with Paved Shoulder of NH-13 & 15 Old NH-52 from Existing Km 745.60 Design Km 0.000 to Existing km 770.600 Design Km 24.819 Brahmakund T-junction to Kamlang T-Junction, Existing Length 25.00 Km, Design Length 24.819 Km in the state of Arunachal Pradesh on EPC mode Pkg-1",,Arunachal Pradesh,Ministry of Road Transport & Highways,Roads & Highways,12/2023,06/2026,06/2028,06/2028,441.41,441.41,25.88,14.69,FlashReport_July_2026 (1).pdf,94
2026-07,793.0,617895,Construction of Mangaldoi Bypass NH-15 starting at Ch 26400 and terminating at Ch 41505 under Rangia NH Division L 15.105 Km in the State of Assam. Job No. 15/AS/2021-22/234,MoRTH,Assam,Ministry of Road Transport & Highways,Roads & Highways,03/2022,04/2023,04/2025,12/2026,535.03,535.03,209.27,76.32,FlashReport_July_2026 (1).pdf,94
2026-07,794.0,617896,"Construction of 4 lane Gauripur Bypass Starting bfrom Km 852.56 of NH- 31Dumardoha Pt-II and Terminating at Km 862.17 Baladmara via. Khudimari Pt.- II, Fulkumari, Charaldanga, Sajuakuti,Geramari Pt.-III and finally meeting at km 862.17 of NH-17New/ NH-31Old in the State of Assam under EPC Mode Job no. 31/AS/ 2023- 24/265",MoRTH,Assam,Ministry of Road Transport & Highways,Roads & Highways,03/2024,04/2025,10/2026,10/2026,421.15,421.15,0.0,34.0,FlashReport_July_2026 (1).pdf,94
2026-07,795.0,618034,Construction of 2 lane Barpeta Bypass from Km 77900Baradi to Km 86150 Deurikuchi Length8.25Km on NH-427 in the state of Assam under EPC ModeJob No.427/AS/2022-23/245,MoRTH,Assam,Ministry of Road Transport & Highways,Roads & Highways,03/2023,02/2025,08/2026,08/2026,173.65,173.65,11.38,20.0,FlashReport_July_2026 (1).pdf,94
2026-07,796.0,618159,"Construction of new 2 Lane with paved shoulders of NH Standards from km 0.080 to km 11.690 L11.610 km in Majuli and from km 19.715 to km 27.484 L 7.769 km in Jorhat on the newly declared NH 715K and construction of 1.10 km flyover on NH-715 with its approaches and service roads L1.10 km, Total Length 20.479 km in the State of Assam Job No. 715K/AS/2023-24/256",MoRTH,Assam,Ministry of Road Transport & Highways,Roads & Highways,02/2024,09/2025,03/2027,03/2027,382.1,382.1,28.96,6.7,FlashReport_July_2026 (1).pdf,94
2026-07,797.0,618160,"Construction of 2 lane Major Bridge including approaches over Brahmaputra between Majuli on North Bank and Jorhat on South Bank from km. 11.690 to km. 19.715 length of bridge 6,812.5m Package - II on NH-715K in the state of Assam Job no. 715/AS/2020-21/213",MoRTH,Assam,Ministry of Road Transport & Highways,Roads & Highways,03/2025,12/2025,12/2027,12/2027,1019.17,1019.17,0.0,3.25,FlashReport_July_2026 (1).pdf,94
2026-07,798.0,618282,4-L Bilasipara-Guwahati Package-10,,Assam,Ministry of Road Transport & Highways,Roads & Highways,03/2023,12/2023,06/2026,03/2027,1264.9,1264.9,632.99,64.48,FlashReport_July_2026 (1).pdf,94
2026-07,799.0,618283,4-L Bilasipara-Guwahati Package-9,,Assam,Ministry of Road Transport & Highways,Roads & Highways,03/2023,12/2023,06/2026,03/2027,1000.27,1000.27,505.47,59.78,FlashReport_July_2026 (1).pdf,94
2026-07,800.0,618284,Widening/Improvement to 4-Lane with paved shoulder from Km 99930 to Km 143680 Design Chainage 96000 to 139750 of Paikan to Dhupdhara Sahar of Bilasipura- Guwahati Road on NH-17 in the state of Assam on EPC mode under Bharatmala Pariyojana in Economic Corridors Project Length 43.750km under NHO-NE Package- 8,,Assam,Ministry of Road Transport & Highways,Roads & Highways,03/2023,12/2023,12/2026,12/2026,1457.59,1457.59,962.73,85.87,FlashReport_July_2026 (1).pdf,94
2026-07,801.0,618286,Construction of New 2-Lane Bridge with its approaches from km 0000 to Km 4385 across River Brahmaputra on NH-17 at Jogighopa in Assam on EPC mode,,Assam,Ministry of Road Transport & Highways,Roads & Highways,09/2021,11/2021,11/2024,12/2026,746.76,746.76,435.79,81.07,FlashReport_July_2026 (1).pdf,94
2026-07,802.0,618287,"Widening/Improvement to 4-Lane with paved Shoulder from Ch. 25.633 Km to Ch. 52.470 Km Design Ch. 21.850 Km to Ch.48.670 Km for Package-2 of Bilasipura- Guwahati road NH-17 Section Near Mowatari, before Chapar Bypass to Tulungia junction with NH-17 in the state of Assam on HAM mode under NHO-NE Package-2",,Assam,Ministry of Road Transport & Highways,Roads & Highways,11/2023,12/2024,06/2027,06/2027,1338.61,1338.61,199.15,12.45,FlashReport_July_2026 (1).pdf,94
2026-07,803.0,618288,"Widening/lmprovement to 4-Lane with Paved Shoulder from Ch.5.580 Km to Ch.25.633 Km Design Ch.0.000 Km to Ch.17.737km Km 901.100 to Km 921.145 of old NH-31 of Bilasipara- Guwahati road NH-17 Section Near Chirakuta to near Mowatari, before Chapar Bypass in the state ol Assam on HAM mode Package-1",,Assam,Ministry of Road Transport & Highways,Roads & Highways,02/2024,02/2025,08/2027,08/2027,1081.15,1081.15,163.12,35.0,FlashReport_July_2026 (1).pdf,94
2026-07,804.0,618289,Construction and up gradation to 4-Lane of existing two lane with paved shoulder from Hapachara to Tulungia road of NH-117 of existing Km 0.00 to km 14.050 and Design Km 0.000 to km 14.660 under BMP on EPC mode,,Assam,Ministry of Road Transport & Highways,Roads & Highways,03/2020,06/2020,12/2022,03/2026,224.85,224.85,209.95,97.76,FlashReport_July_2026 (1).pdf,94
2026-07,805.0,618308,Construction of 4-Lane Panchgram Bypass from Design Chainage km 15500 on NH- 37 Old NH-53 at Kalinagar Pt.-I Village to Design Chainage km 27300 at crossing with NH-6 Old NH-44 Near Siddeswar Pt.-I Village on Silchar - Churaibari stretch in the State of Assam on EPC Mode under Bharatmala Pariyojana in Economic Corridors Silchar- Churaibari Package-2,,Assam,Ministry of Road Transport & Highways,Roads & Highways,03/2023,08/2024,02/2027,03/2027,676.18,728.97,339.78,57.17,FlashReport_July_2026 (1).pdf,95
2026-07,806.0,618309,Widening/lmprovement to 4-Laning and Greenfield alignment with Paved shoulder of Silchar-Badarpur Churaibari section of NH-37 & NH-8 from Design chainage 38.600 End point of proposed Badarpur Bypass to Km. 62.800 Start point of proposed Nilambazar/Cheragi Bypass in the state of Assam on HAM Mode Package-4,,Assam,Ministry of Road Transport & Highways,Roads & Highways,02/2024,08/2025,08/2027,08/2027,1319.55,1319.55,185.17,23.07,FlashReport_July_2026 (1).pdf,95
2026-07,807.0,618310,Widening/lmprovement to 4-L of Karimgani - sutarkandi section of NH 37 from design Ch 0020 Start of proposed Karimganj Bypass from NH -8 to design Chainage Km 14380 near Sutarkandi Spur Connectivity to Indo/Bangladesh Border on Silchar- Churaibari in the State of Assam on HAM Mode Package-7,,Assam,Ministry of Road Transport & Highways,Roads & Highways,02/2024,02/2025,02/2027,02/2027,791.79,791.79,135.54,41.88,FlashReport_July_2026 (1).pdf,95
2026-07,808.0,618311,Widening/lmprovement to 4-Lane with Paved shoulder for existing as well as Greenfield alignment of Badarpur Churaibari section of NH-8 from Design chainage 87.700 Chandkhira to Km. 106.500 Churaibari section Assam-Tripura border in the state of Assam on HAM Mode Package-6,,Assam,Ministry of Road Transport & Highways,Roads & Highways,03/2024,03/2025,03/2027,03/2027,870.0,870.0,158.08,40.99,FlashReport_July_2026 (1).pdf,95
2026-07,809.0,618312,Widening/lmprovement to 4-Lane with Paved Shoulder from existing road and Greenfield alignment form Design Ch. 62.800 start of proposed Nilambazar/Cheragi Bypass to Design Ch. 87.700 near Chandkhira Village of NH-8 on Silchar-Churaibari in the state of Assam on HAM Mode Package-5,,Assam,Ministry of Road Transport & Highways,Roads & Highways,02/2024,04/2025,10/2027,10/2027,1258.13,1258.13,186.86,14.04,FlashReport_July_2026 (1).pdf,95
2026-07,810.0,618313,Widening/lmprovement of Existing 2 lane to 4-Laning of Karimganj-Silchar section of NH-37 from Design Ch 0.000 near Silchar ISBT to Design Ch 15.970 near Kalinagar Pt I on NH-37 in Assam on HAM Mode Pkg-1,,Assam,Ministry of Road Transport & Highways,Roads & Highways,03/2024,09/2025,09/2027,09/2027,1181.55,1181.55,178.62,41.26,FlashReport_July_2026 (1).pdf,95
2026-07,811.0,618314,4-Laning of Dhanehari Lailapur / Vairengte section from Existing Chainage km 12920 to km 43000 of NH 306 Design Chainage km 20000 to km 49360 on Silchar - Vairengte Sairang road in the State of Assam under Bharatmala Pariyojna on EPC mode. Project Length 29.360 km under NHO-NE Package-2,,Assam,Ministry of Road Transport & Highways,Roads & Highways,03/2023,02/2024,08/2026,03/2027,1716.21,1716.21,1057.72,81.65,FlashReport_July_2026 (1).pdf,95
2026-07,812.0,618315,4-Laning of Silchar - Dhanehari section from Existing Chainage km 263800 of NH 37 to km 12920 of NH 306 Design Chainage km 0000 to km 20000 on Silchar - Vairengte - Sairang road in the State of Assam under Bharatmala Pariyojna on EPC mode Package-1,,Assam,Ministry of Road Transport & Highways,Roads & Highways,02/2023,01/2024,07/2026,03/2027,1256.9,1256.9,632.2,59.65,FlashReport_July_2026 (1).pdf,95
2026-07,813.0,618326,Widening/Improvement to 4-Lane with Paved Shoulder from KM 38500 to Km 51246 Design Chainage 38500 to 50959 with proposed Daboka Bypass of Daboka- Parokhaowa of NH 29 on EPC under NHO-NE Package-1,,Assam,Ministry of Road Transport & Highways,Roads & Highways,01/2023,11/2023,11/2025,06/2026,516.88,516.88,322.98,99.7,FlashReport_July_2026 (1).pdf,95
2026-07,814.0,618331,lmprovement to 4-Lane with Paved Shoulder from existing km 260000 Design Ch.4560 km to existing km Ch.233000 D. Ch.24560 of Silchar near Nutan Dayapur village - Budha Nagar Section Length-20.00 Km of NH-37 under Package Silchar- Jiribam Pkg-1 in the state of Assam on HAM Mode,,Assam,Ministry of Road Transport & Highways,Roads & Highways,01/2024,01/2025,01/2028,01/2028,957.95,957.95,214.64,47.27,FlashReport_July_2026 (1).pdf,95
2026-07,815.0,618340,Widening/Improvement to 4-Lane with Paved Shoulder from km 626030 Nalani hulla Gaon to km 650450 Chotahapjan on existing Tinsukhia -Makum Bypass of NH-15 OLD NH-37 and Strengthening of existing NH-315 OLD NH-38 from Km 0000 Chotahapjan to Km 16900 Bogapani section 2-Lane PS in Assam on EPCMode under NHO-NE Package-3,,Assam,Ministry of Road Transport & Highways,Roads & Highways,01/2023,05/2023,05/2025,10/2026,458.59,458.59,261.02,88.99,FlashReport_July_2026 (1).pdf,95
2026-07,816.0,618351,Widening & Upgradation to 2 lanes with paved shoulders road from Tamenglong to Mahur NH-137 in the State of Assam starting from km 156.489 near P. Leikul to km 176.410 near Borowapu on EPC mode under NHO-NE Assam portion Package-10,,Assam,Ministry of Road Transport & Highways,Roads & Highways,03/2023,08/2023,08/2025,09/2026,890.33,693.15,605.43,90.5,FlashReport_July_2026 (1).pdf,95
2026-07,817.0,618352,Widening & Upgradation to 2 lanes with paved shoulders road from Tamenglong to Mahur NH-137 in the State of Assam starting from km 136.500 near Hejaichak to km 156.489 near P. Leikul Package-9 on EPC mode under NHO-NE Package-9,,Assam,Ministry of Road Transport & Highways,Roads & Highways,03/2023,08/2023,08/2025,09/2026,860.37,614.43,559.51,87.5,FlashReport_July_2026 (1).pdf,95
2026-07,818.0,618353,Widening & Upgradation to 2-lanes with paved shoulders road from Tamenglong to Mahur NH-137 in the State of Assam starting from km 116.480 near Hangrum to km 136.500 near Hejaichak Package-8 on EPC mode under NHO-NE Package 8,,Assam,Ministry of Road Transport & Highways,Roads & Highways,03/2023,08/2023,08/2025,09/2026,904.04,904.04,563.52,85.2,FlashReport_July_2026 (1).pdf,95
2026-07,819.0,618354,Wideinig & Upgradation to 2-lanes with paved shoulders road from Tamenglong to Mahur NH-137 in the State of Assam starting from km 96.870 near Jiri River to km 116.550 near Hangrum Package-7 on EPC mode Package7,,Assam,Ministry of Road Transport & Highways,Roads & Highways,12/2023,03/2024,03/2026,12/2026,846.82,846.82,481.81,90.36,FlashReport_July_2026 (1).pdf,96
2026-07,820.0,618371,"Widening/Improvement to 4-Lane with Paved Shoulder configuration of existing single lane road from Srirampur near Bhairiguri Village to Kachukhana Harichara Paglagaunj Package-I of Srirampur - Dhubri Section of NH-127B from existing Km 0.000 to Km 28.050 Design Km 0.000 to Km 27.650, Design Length27.650 Km under JICA ODA Loan assistance Phase-V -Balance work",,Assam,Ministry of Road Transport & Highways,Roads & Highways,03/2022,11/2024,11/2026,11/2026,613.89,613.89,384.6,89.5,FlashReport_July_2026 (1).pdf,96
2026-07,821.0,618373,"Construction of 4-Lane Bridge including approaches over River Brahmaputra between Dhubri on North Bank,Assam and Phulbari on south Bank,Meghalaya on NH-127B under JICA ODA Loan assistance Phase-III",,Assam,Ministry of Road Transport & Highways,Roads & Highways,05/2019,12/2020,09/2028,09/2028,4997.04,4997.04,3081.08,77.14,FlashReport_July_2026 (1).pdf,96
2026-07,822.0,618436,4-Laning of Jamugurihat to end of Biswanath Chariali By-Pass from Km 182.000 to Km 208.000 of NH-52 on EPC mode in state of Assam under SARDP-NE,,Assam,Ministry of Road Transport & Highways,Roads & Highways,03/2015,12/2016,06/2019,07/2025,599.0,599.0,432.62,100.0,FlashReport_July_2026 (1).pdf,96
2026-07,823.0,618437,"Construction of Balance Work of 4-Laning of NH-37 Section between End of Moran Bypass to Bogibeel junction near Lapetketa Km. 561.700-Km. 580.875 under SARDP- NE, Phase 'A' in the State of Assam on EPC mode Pkg-I Road works & Toll Plaza",,Assam,Ministry of Road Transport & Highways,Roads & Highways,01/2016,09/2024,03/2025,08/2025,274.34,274.34,116.66,100.0,FlashReport_July_2026 (1).pdf,96
2026-07,824.0,618438,"4-Laning of NH-37 Section between Demow to End of Moran Bypass From Km. 534.800 to Km. 561.700 including Emergency Landing Facility ELF under SARDP-NE, Phase 'A' in the State of Assam on EPC mode",,Assam,Ministry of Road Transport & Highways,Roads & Highways,01/2016,01/2023,07/2024,08/2025,385.57,385.57,680.44,100.0,FlashReport_July_2026 (1).pdf,96
2026-07,825.0,618440,"Construction of Balance Work of 4-Laning of the Section from Jhanji to Demow of NH- 37 Old from Km 490.800 to Km 534.800, under SARDP- NE on EPC Mode in the state of Assam Pkg- IV Structures & Toll Plaza",,Assam,Ministry of Road Transport & Highways,Roads & Highways,01/2016,10/2024,10/2025,10/2026,187.09,100.22,16.71,58.19,FlashReport_July_2026 (1).pdf,96
2026-07,826.0,618441,"Construction of Balance Work of 4-Laning of the Section from Jhanji to Demow of NH- 37 Old from Km 490.800 to Km 501.800 11.000 Km, under SARDP- NE under EPC Mode in the state of Assam Pkg-I Road Works",,Assam,Ministry of Road Transport & Highways,Roads & Highways,01/2016,10/2024,09/2025,10/2026,467.79,476.5,97.88,87.33,FlashReport_July_2026 (1).pdf,96
2026-07,827.0,618442,"Construction of Balance Work of the 4-Laning of the Section from Jorhat to Jhanji of NH-37 Old from Km 477.000 to Km 490800 13.800 Km, under SARDP- NE under EPC Mode in the state of Assam Pkg-III Road Works",,Assam,Ministry of Road Transport & Highways,Roads & Highways,01/2024,02/2024,08/2024,06/2026,358.72,358.72,100.4,100.0,FlashReport_July_2026 (1).pdf,96
2026-07,828.0,618454,"Earthwork in Formation, Road Work, Construction of Bridges, Blanketing, P. Way Linking works including Supply of P. Way Fittings and Track Ballast in connection with Construction of Railway Siding from Jogighopa Railway Station to MMLP at Jogighopa from Ch. 00 to 3760 on Item Rate basis Package -3, Railway Siding from Jogighopa Railway Station to MMLP",,Assam,Ministry of Road Transport & Highways,Roads & Highways,02/2020,12/2020,06/2022,09/2024,693.97,693.97,40.17,93.23,FlashReport_July_2026 (1).pdf,96
2026-07,829.0,618455,Development of External Trunk Connectivity and Internal Infrastructure Works at Multi Model Logistics ParkMMLP at Jogighopa in the State of Assam on EPC Mode Package-I Road and Utility Works,,Assam,Ministry of Road Transport & Highways,Roads & Highways,02/2020,09/2020,04/2022,09/2024,693.97,693.97,308.85,100.0,FlashReport_July_2026 (1).pdf,96
2026-07,830.0,618934,Guwahati Ring Road in the State of Assam,,Assam,Ministry of Road Transport & Highways,Roads & Highways,08/2024,01/2026,01/2030,01/2030,5729.47,5729.47,328.42,0.0,FlashReport_July_2026 (1).pdf,96
2026-07,831.0,618958,2L with ES of Yagyi - Kalewa section from Milepost 40/0 to Milepost 115/5 in Myanmar,,Assam,Ministry of Road Transport & Highways,Roads & Highways,12/2017,05/2018,06/2023,07/2027,1200.14,1200.14,0.0,52.0,FlashReport_July_2026 (1).pdf,96
2026-07,832.0,619013,"Construction of Balance Work of 4-Laning of the Section from Jhanji to Demow of NH- 37 Old from Km 501.800 to Km 514.800 13.000 Km, under SARDP- NE under EPC Mode in the state of Assam Pkg-II Road Works",,Assam,Ministry of Road Transport & Highways,Roads & Highways,10/2014,10/2024,01/2026,10/2026,508.76,542.87,111.18,73.88,FlashReport_July_2026 (1).pdf,96
2026-07,833.0,619057,Construction of 4-Lane Badarpur Bypass from Design Chainage km 27300 at crossing with NH-6 Old NH-44 Near Siddeswar Pt.-I Village to Design Chainage km 38600 on NH-37 Old NH-44 at Kandigram Chaita Village on Silchar - Churaibari stretch in the State of Assam on EPC Mode under Bharatmala Pariyojana in Economic Corridors Silchar- Churaibari Pkg-3,,Assam,Ministry of Road Transport & Highways,Roads & Highways,02/2023,02/2024,08/2026,03/2027,574.26,574.26,330.98,71.09,FlashReport_July_2026 (1).pdf,96
2026-07,834.0,619060,"Construction of Balance Work of 4-Laning of the Section from Jhanji to Demow of NH- 37 Old from Km 514.800 to Km 534.800 20.000 Km, under SARDP- NE under EPC Mode in the state of Assam Pkg-III Road Works",,Assam,Ministry of Road Transport & Highways,Roads & Highways,10/2014,10/2024,09/2025,10/2026,344.71,619.7,56.58,72.0,FlashReport_July_2026 (1).pdf,97
2026-07,835.0,619089,Balance work of 4L of NarimbangloJatinga Junction- Harangajoroad section from Km 0.000 to Km 49.230 of NH-27,,Assam,Ministry of Road Transport & Highways,Roads & Highways,03/2022,01/2023,01/2026,08/2026,1909.98,2745.74,1393.08,98.0,FlashReport_July_2026 (1).pdf,97
2026-07,836.0,617897,Construction of proposed 4Lane Revelgunj bypass NH-19 in the State of Bihar on EPC mode connecting NH 19 to 85 origin,MoRTH,Bihar,Ministry of Road Transport & Highways,Roads & Highways,03/2022,07/2023,07/2025,12/2026,295.24,295.24,44.18,88.65,FlashReport_July_2026 (1).pdf,97
2026-07,837.0,617958,Widening & Strenthening from km132.895 to km 190.15 NH-80,MoRTH,Bihar,Ministry of Road Transport & Highways,Roads & Highways,03/2021,11/2022,11/2024,11/2026,566.1,566.1,293.89,73.21,FlashReport_July_2026 (1).pdf,97
2026-07,838.0,617961,Gaya-Hisua-Rajgir-Nalanda-Biharsharif section km0.00 to 92.935 NH-82,MoRTH,Bihar,Ministry of Road Transport & Highways,Roads & Highways,01/2014,11/2016,11/2019,10/2026,1408.85,2138.16,0.0,97.0,FlashReport_July_2026 (1).pdf,97
2026-07,839.0,617966,Rehabilitation and Upgrading to 2 lanes/2-lane with paved shoulders configuration and strengthening of of Birpur and Bihpur Section from km 0.0 to Km 106 of NH 106 under phase I of National Highways Interconnectivity Improvement Projects NHIIP ICB No. NHIIP-BR-106-7 [NHIIP-BR-106-7],MoRTH,Bihar,Ministry of Road Transport & Highways,Roads & Highways,01/2014,10/2016,10/2019,10/2026,780.77,961.33,0.04,99.74,FlashReport_July_2026 (1).pdf,97
2026-07,840.0,617969,Construction of 4 Lane ROB and its approaches at the level crossing LC No 29 B of Km 29 Ekangarsarai at NH 110 New NH 33 & Railway Km 32.63 at Fatwa FUT Islampur IPR section in the state of Bihar on EPC mode.,MoRTH,Bihar,Ministry of Road Transport & Highways,Roads & Highways,03/2023,07/2024,07/2026,12/2026,201.08,201.08,0.01,62.0,FlashReport_July_2026 (1).pdf,97
2026-07,841.0,618004,Construction of Bhabhua Bypass from Ch. 10800Design Ch. 10800 to Ch. 19860 Design Ch. 18150 and Chand Bypass from Ch. 38060 Design Ch. 36250 to Ch. 40460 Design Ch. 38650 and widening of existing road to 2 - lane with Paved shoulder from Ch. 40460 Design Ch. 38650 to Ch. 46860 Design Ch. 45050 of NH-219 Total length- 16.150 Kmunder EPC mode in the state of Bihar,MoRTH,Bihar,Ministry of Road Transport & Highways,Roads & Highways,02/2022,06/2026,12/2027,12/2027,179.86,179.86,2.37,2.0,FlashReport_July_2026 (1).pdf,97
2026-07,842.0,618073,Improvement to Two lane with Paved Shoulder from Junction of NH22 near Hajipur to Junction of NH -122 at Bachhwara via Mahnar and Mohiuddin Nagar from Km 0.00 to Km 29.730 of NH 122 B in the State of Bihar.,MoRTH,Bihar,Ministry of Road Transport & Highways,Roads & Highways,02/2024,08/2024,02/2026,02/2027,226.16,226.16,0.0,61.0,FlashReport_July_2026 (1).pdf,97
2026-07,843.0,618074,Pre construction activity of NH 122B from km 0 to 72.348 and Improvement to two lane with paved shoulders of NH 122B from km 29.730 to km 72.348 in state of Bihar under EPC mode,MoRTH,Bihar,Ministry of Road Transport & Highways,Roads & Highways,02/2022,05/2023,08/2026,08/2026,624.43,624.43,154.25,96.0,FlashReport_July_2026 (1).pdf,97
2026-07,844.0,618080,Improvement to two lane with paved shoulders of BH WB Border Amdabad Manihari section from design Km 0.000 to Km 23.945 of NH 131 A Total length 23.945 Km under EPC mode in the state of Bihar,MoRTH,Bihar,Ministry of Road Transport & Highways,Roads & Highways,01/2022,05/2025,11/2026,06/2027,353.27,353.27,0.0,7.5,FlashReport_July_2026 (1).pdf,97
2026-07,845.0,618120,construction of Four-Lane of chausa-Buxar Bypass from Km 45.000 to Km 65.915 Package - 2 in the State of Bihar on EPC Mode.,MoRTH,Bihar,Ministry of Road Transport & Highways,Roads & Highways,09/2022,01/2026,01/2028,01/2028,1060.16,1060.16,0.22,4.0,FlashReport_July_2026 (1).pdf,97
2026-07,846.0,618121,Improvement to two lane with paved shoulders of NH-319A from km 0 to km 45 in state of Bihar under EPC mode,MoRTH,Bihar,Ministry of Road Transport & Highways,Roads & Highways,02/2022,06/2023,12/2024,11/2026,427.29,427.29,198.23,93.0,FlashReport_July_2026 (1).pdf,97
2026-07,847.0,618126,"Pre-Construction activities from Km 134.000 to Km 190.233 of NH-333A and Construction of 4 no. of Bypasses at Katoria, Lakhpura, Banka & Panjwara total length-14.359 Km to two lane with paved shoulders standard in State of Bihar.",MoRTH,Bihar,Ministry of Road Transport & Highways,Roads & Highways,11/2022,12/2024,12/2026,03/2027,479.37,479.37,67.37,58.75,FlashReport_July_2026 (1).pdf,97
2026-07,848.0,618146,Estimate for Improvement to two lane with paved shoulder from Ramnagar to Roseda from km 3.500 to 43.000 of NH 527 E on EPC mode in State of Bihar,MoRTH,Bihar,Ministry of Road Transport & Highways,Roads & Highways,01/2022,10/2024,04/2026,04/2027,495.16,495.16,0.38,39.0,FlashReport_July_2026 (1).pdf,97
2026-07,849.0,618228,construction of a new 4 lane Parallel to existing MG Setu with its approaces from km 0.00 to km 14.500 across river Ganga on NH-19 at Patna in the state of Bihar.,MoRTH,Bihar,Ministry of Road Transport & Highways,Roads & Highways,02/2019,03/2021,09/2024,12/2027,2926.42,2926.42,622.65,75.33,FlashReport_July_2026 (1).pdf,97
2026-07,850.0,618234,Construction of a new 4-lane major bridge across river Kosi at Phulaut including Rehabilitation and upgradation of existing Birpur and Bihpur section of NH-106 from km 106.000 to km 136.000 to 2-lane with paved shoulders in the State of Bihar on EPC mode,MoRTH,Bihar,Ministry of Road Transport & Highways,Roads & Highways,09/2018,06/2021,06/2024,02/2027,1478.4,1478.4,901.52,98.6,FlashReport_July_2026 (1).pdf,97
2026-07,851.0,618246,Construction of New 4-Lane Bridge Parallel to existing Vikramashila Setufrom km 8920 to Km 13375including approach road 35m Naugachhia side &53 m Bhagalpur sideacross River Ganga on newly declared NH-131B at Bhagalpur in the State of Bihar,MoRTH,Bihar,Ministry of Road Transport & Highways,Roads & Highways,07/2020,05/2023,05/2027,03/2029,1110.23,1110.23,522.58,52.6,FlashReport_July_2026 (1).pdf,98
2026-07,852.0,618250,Construction of 6-Lane Elevated / Extra Dose Cable Bridge on River Ganga parallel to & Western side of Digha-Sonepur Rail cum-Road Bridge of NH 139W in the State of Bihar,MoRTH,Bihar,Ministry of Road Transport & Highways,Roads & Highways,01/2024,05/2024,11/2027,12/2028,3064.45,3064.45,0.0,18.66,FlashReport_July_2026 (1).pdf,98
2026-07,853.0,618251,"Improvement and Up gradation to four lane with Paved shoulder configuration from Existing Km 0000 to Km 39500 design km 0500 to Km 40342, Design length km of NH 227A near Mehrauna GhatUP Bihar Border to Siwan on the state of Bihar on Hybrid Annuity Model HAM basis",MoRTH,Bihar,Ministry of Road Transport & Highways,Roads & Highways,03/2023,09/2025,03/2028,03/2028,1661.25,1661.25,0.83,9.07,FlashReport_July_2026 (1).pdf,98
2026-07,854.0,618571,Permanent rectification of 3 nos. of black spots in project Highway NH-27 of U.P border - Dewapur - Kotwa section from Km.360.915 to km.440.000 Total Length of 79.085 Km of NH-27& Permanent rectification of 5 nos. of black spots of project Highway NH-27 of Kotwa - Mehsi - Muzaffarpur Section from km.440.000 to km.520.000 Total length 80.00Km,,Bihar,Ministry of Road Transport & Highways,Roads & Highways,04/2022,12/2023,12/2025,12/2026,227.25,321.23,233.7,83.01,FlashReport_July_2026 (1).pdf,98
2026-07,855.0,618725,6L Greenfield Varanasi-Ranchi-Kolkata Highway from Pachmon village to Anarbansalea village From KM. 116000 to KM. 151200 Package-6,,Bihar,Ministry of Road Transport & Highways,Roads & Highways,03/2023,09/2025,09/2027,09/2027,1915.99,1920.21,431.04,24.8,FlashReport_July_2026 (1).pdf,98
2026-07,856.0,618726,6L Greenfield Varanasi-Ranchi-Kolkata Highway from junction with Chandauli- Chainpur Road near Khainti village to junction with Bhabhua-Adhaura road near Palka village from Km. 27.000 to Km. 54.000 Pkg-2,,Bihar,Ministry of Road Transport & Highways,Roads & Highways,03/2023,10/2025,10/2027,10/2027,1240.93,1341.52,252.44,26.77,FlashReport_July_2026 (1).pdf,98
2026-07,857.0,618727,6L Greenfield Varanasi-Ranchi-Kolkata Highway from junction with Bhabhua-Adhaura road in Bhairopur village to Konki village From KM. 54.000 to KM. 90.000Pkg-3,,Bihar,Ministry of Road Transport & Highways,Roads & Highways,03/2023,10/2025,10/2027,10/2027,1576.94,1711.44,328.2,26.31,FlashReport_July_2026 (1).pdf,98
2026-07,858.0,618738,6L Bridge and its approaches across River Ganga as Part of Patna Ring Road NH- 131G starting from Km 8.480 near Sherpur to Km 23.000 near Dighwara,,Bihar,Ministry of Road Transport & Highways,Roads & Highways,09/2022,09/2023,09/2027,03/2029,6291.69,3351.62,734.19,22.05,FlashReport_July_2026 (1).pdf,98
2026-07,859.0,618739,4L Greenfield Alignment of Amas to Shivrampur from 0.000 Km. to 55.002 Km. of NH 119 D Pkg-I,,Bihar,Ministry of Road Transport & Highways,Roads & Highways,02/2022,03/2023,03/2025,07/2027,1390.92,1427.43,642.43,54.8,FlashReport_July_2026 (1).pdf,98
2026-07,860.0,618740,4L Greenfield Alignment of Shivrampur to Ramnagar from Km. 55.002 to Km. 109.300 of NH 119 D Pkg-II,,Bihar,Ministry of Road Transport & Highways,Roads & Highways,02/2022,07/2023,07/2025,11/2027,1494.31,1546.07,702.39,50.8,FlashReport_July_2026 (1).pdf,98
2026-07,861.0,618741,4L Greenfield Alignment from Kalyanapur to Tal Dashraha of NH-119D Pkg-III,,Bihar,Ministry of Road Transport & Highways,Roads & Highways,03/2022,02/2023,02/2025,03/2028,1857.58,1969.3,957.28,36.25,FlashReport_July_2026 (1).pdf,98
2026-07,862.0,618742,"Construction of 6-lane Greenfield corridor from Ramnagar to Kacchi Dargah NH-119D from Km 109700 to Km 122300, including widening of the existing NH-31 from Km 196700 to Km 198600, as part of the Amas-Darbhanga.",,Bihar,Ministry of Road Transport & Highways,Roads & Highways,01/2025,04/2026,04/2028,04/2028,1113.46,1113.46,12.44,0.8,FlashReport_July_2026 (1).pdf,98
2026-07,863.0,618775,Ara Bypass,,Bihar,Ministry of Road Transport & Highways,Roads & Highways,03/2025,10/2025,04/2027,04/2027,226.32,226.32,5.95,25.78,FlashReport_July_2026 (1).pdf,98
2026-07,864.0,618790,Construction of four laning of Bakarpur- Manikpur road section starting from village Chitarsenpur km 0000 and terminating at SH-74 near Manikpur 38814 at NH-139W under Bharatmalapariyona,,Bihar,Ministry of Road Transport & Highways,Roads & Highways,03/2023,10/2024,04/2027,09/2027,1422.37,1537.99,635.91,49.0,FlashReport_July_2026 (1).pdf,98
2026-07,865.0,618791,4L PS under NH configuration of Manikpur-Sahebganj of NH-139W,,Bihar,Ministry of Road Transport & Highways,Roads & Highways,10/2024,01/2026,12/2027,12/2027,1538.76,1538.76,595.95,27.5,FlashReport_July_2026 (1).pdf,98
2026-07,866.0,618840,Simaria Km. 206.050 to Khagaria Km. 266.282,,Bihar,Ministry of Road Transport & Highways,Roads & Highways,12/2015,10/2016,04/2019,10/2026,664.02,891.64,814.22,97.73,FlashReport_July_2026 (1).pdf,98
2026-07,867.0,618841,4L Elevated Section and at-grade improvements at Begusarai town Simaria - Khagaria section from Km. 221.047 to Km. 225.302 of NH-31,,Bihar,Ministry of Road Transport & Highways,Roads & Highways,10/2021,06/2022,12/2024,08/2026,491.04,348.38,354.17,95.72,FlashReport_July_2026 (1).pdf,98
2026-07,868.0,618861,Bakhtiyarpur-Rajauli Pkg-II from km. 54.405 to km.101.630,,Bihar,Ministry of Road Transport & Highways,Roads & Highways,09/2020,04/2021,07/2023,08/2026,897.45,1397.47,914.25,97.85,FlashReport_July_2026 (1).pdf,99
2026-07,869.0,618862,Bakhtiyarpur-Rajauli Pkg-III from km. 101.630 to km.152.520,,Bihar,Ministry of Road Transport & Highways,Roads & Highways,09/2020,12/2021,06/2024,08/2026,2156.22,3046.61,1818.91,99.14,FlashReport_July_2026 (1).pdf,99
2026-07,870.0,618902,Maheshkunt-Saharsa-Purnea Pkg I km 0.00 to km. 90.00 of NH-107,,Bihar,Ministry of Road Transport & Highways,Roads & Highways,02/2017,12/2019,12/2021,09/2026,662.44,1311.22,1126.22,90.07,FlashReport_July_2026 (1).pdf,99
2026-07,871.0,618903,Maheshkunt -Saharsa-Purnea Pkg II,,Bihar,Ministry of Road Transport & Highways,Roads & Highways,03/2017,12/2018,12/2020,09/2026,1245.33,1244.09,1230.43,94.0,FlashReport_July_2026 (1).pdf,99
2026-07,872.0,618905,Widening with additional 3L abetting Chhapra Bypass Section of NH-19 from Km. 143.200 to Km. 159.255 Pkg-1,,Bihar,Ministry of Road Transport & Highways,Roads & Highways,02/2024,08/2024,08/2026,10/2026,470.5,528.48,302.74,77.28,FlashReport_July_2026 (1).pdf,99
2026-07,873.0,618914,"4L Elevated Corridor and at-grade improvements from Design Ch0000 to Design Ch 19870 of Danapur Bihta Section, Design Ch0000 to Design Ch0231 connecting the existing RoB near Danapur station ,1.35 Km ramps and at-grade improvements to 4- lane section on Danapur side and Upgradation of existing Two lane carriageway to Four Lane carriageway from Design Ch19870 to Design Ch23500 of Bihta - Koilwar section",,Bihar,Ministry of Road Transport & Highways,Roads & Highways,10/2022,03/2024,09/2026,08/2027,4432.97,2625.4,1578.15,63.91,FlashReport_July_2026 (1).pdf,99
2026-07,874.0,618917,4L Greenfield starting from NH-30 near Saristabad Patna to Nathupur Project end point of Patna-Gaya-Dobhi Section of NH-83,,Bihar,Ministry of Road Transport & Highways,Roads & Highways,07/2023,03/2024,08/2025,09/2026,488.24,419.66,101.06,88.3,FlashReport_July_2026 (1).pdf,99
2026-07,875.0,618926,4L of Siwan- Masrakh section of Ram Janki Marg from Km 230.385 to Km 281.391 of NH-227A,,Bihar,Ministry of Road Transport & Highways,Roads & Highways,08/2022,11/2024,11/2026,11/2028,1431.36,1927.04,504.03,10.97,FlashReport_July_2026 (1).pdf,99
2026-07,876.0,618953,Umagaon-Saharsa Package-IV Koshi Bridge & approach Road - Bheja-Bakaur,,Bihar,Ministry of Road Transport & Highways,Roads & Highways,02/2019,02/2020,08/2023,03/2027,1199.58,1223.94,1312.28,92.4,FlashReport_July_2026 (1).pdf,99
2026-07,877.0,618954,Umagaon - Saharsa Package - I Combined Umagaon-Kaluahi0.000KM to 21.609Km of NH227LSaharghat-Rahika0.000 Km to 26.130KM of NH227JRahika-Rampatti 0.00 KM to 15.00KM of NH527ABideshwarsthan-Bheja0.000KM to 25.915KM of NH527A.,,Bihar,Ministry of Road Transport & Highways,Roads & Highways,08/2022,01/2025,07/2027,07/2027,1473.2,1703.02,644.37,23.78,FlashReport_July_2026 (1).pdf,99
2026-07,878.0,618955,2L PS of Majhauli to Charout section from km. 0.00 to km. 63.655,,Bihar,Ministry of Road Transport & Highways,Roads & Highways,01/2018,11/2019,11/2021,08/2026,638.29,1067.51,1096.16,99.8,FlashReport_July_2026 (1).pdf,99
2026-07,879.0,618956,Construction of Major Bridge over Baghmati and Lakhandei River along with Approaches from Design km.16.500 to km.21.500,,Bihar,Ministry of Road Transport & Highways,Roads & Highways,02/2024,10/2024,04/2027,03/2028,498.97,380.3,57.23,26.84,FlashReport_July_2026 (1).pdf,99
2026-07,880.0,619127,4L of Greenfield Alignment from Km. 47.000 to Km. 89.210 of Balbhadarpur to Bela Nawda Section of NH-119D,,Bihar,Ministry of Road Transport & Highways,Roads & Highways,03/2022,03/2024,03/2026,03/2028,2185.75,2118.46,764.97,30.41,FlashReport_July_2026 (1).pdf,99
2026-07,881.0,619136,Rehabilitation and Upgradation of Chorma - Bairgania Section of National Highway No 227F to 2 lane with paved shoulders from Design Ch.0.000 to Ch. 34.566,,Bihar,Ministry of Road Transport & Highways,Roads & Highways,06/2022,02/2024,01/2026,08/2026,610.78,628.65,337.4,100.0,FlashReport_July_2026 (1).pdf,99
2026-07,882.0,619152,Bakhtiyarpur Km 153.300 to Mokama Km 197.900,,Bihar,Ministry of Road Transport & Highways,Roads & Highways,12/2015,06/2017,12/2019,08/2026,1898.84,1898.84,1799.23,99.95,FlashReport_July_2026 (1).pdf,99
2026-07,883.0,619166,Umagaon-Saharsa Package-V Bakaur-Parsarma-Bangaon-Bariyahi & Spur to Mahishi,,Bihar,Ministry of Road Transport & Highways,Roads & Highways,10/2022,12/2023,12/2025,08/2026,768.35,968.42,509.32,99.5,FlashReport_July_2026 (1).pdf,99
2026-07,884.0,619289,4L of Munger Mirzachauki section from Munger to Kharia village junction from Km 69520 to Km 95580 Pkg-1,,Bihar,Ministry of Road Transport & Highways,Roads & Highways,01/2021,03/2022,03/2024,10/2026,1659.81,1696.66,685.48,82.72,FlashReport_July_2026 (1).pdf,99
2026-07,885.0,619301,Construction of Approach Road to Rail-cum- Road Bridge across river Ganga at Munger Ghat NH-333 B,,Bihar,Ministry of Road Transport & Highways,Roads & Highways,07/2013,12/2018,05/2021,08/2026,537.88,633.91,573.97,99.99,FlashReport_July_2026 (1).pdf,99
2026-07,886.0,619305,4L of Munger Mirzachauki section from start of existing Bhagalpur bypass to Rasulpur from Km 125000 to Km 157350 Pkg-3,,Bihar,Ministry of Road Transport & Highways,Roads & Highways,01/2021,04/2022,04/2024,12/2026,1769.5,2024.59,675.5,77.3,FlashReport_July_2026 (1).pdf,99
2026-07,887.0,619306,4L of Munger Mirzachauki section from Km 95580 to Km 125000 Pkg-2,,Bihar,Ministry of Road Transport & Highways,Roads & Highways,02/2021,03/2022,03/2024,08/2026,1020.84,1235.65,643.0,95.9,FlashReport_July_2026 (1).pdf,100
2026-07,888.0,619317,4L of Hajipur-Muzaffarpur Section of the existing NH-77 from Km. 0000 Ramashish Chowk to Km. 46300 and new bypass starting at Km. 46300 and connecting NH-28 of E-W Corridor at Km. 515045,,Bihar,Ministry of Road Transport & Highways,Roads & Highways,08/2010,08/2010,02/2013,09/2026,2723.39,2906.78,2160.8,99.45,FlashReport_July_2026 (1).pdf,100
2026-07,889.0,617908,Bemetara Bypass NH 30,MoRTH,Chhattisgarh,Ministry of Road Transport & Highways,Roads & Highways,01/2024,04/2025,04/2027,04/2027,161.96,161.96,0.0,42.0,FlashReport_July_2026 (1).pdf,100
2026-07,890.0,617919,Construction of 4 Nos Grade separtor between km. 281.000 to km. 307.600 km. 286.400 kumhari km. 299.000 Transport Nagar km. 302.000 Power House km. 304.000 Chandra Moura Chowk to km. 305.000 supeia of NH-53 old NH-06 Raipur - Durg 4 Lane on EPC mode in the state of chhattisgarh job NO. NH-53old NH-06 CG- 2017-18-56,MoRTH,Chhattisgarh,Ministry of Road Transport & Highways,Roads & Highways,03/2018,01/2019,01/2021,08/2025,349.03,349.03,304.04,97.9,FlashReport_July_2026 (1).pdf,100
2026-07,891.0,617971,Up-gradation to Two/Four lane with paved shoulder Configuration of Kondagaon- Narayanpur from design ch. 0.00 - 48.693 Design Length 47.493 Km. 1.20 Km. retained on NH-130D under EPC mode in the State Chhattisgarh.,MoRTH,Chhattisgarh,Ministry of Road Transport & Highways,Roads & Highways,12/2022,03/2025,03/2027,03/2027,322.4,322.4,1.14,70.0,FlashReport_July_2026 (1).pdf,100
2026-07,892.0,617972,Upgradation to Two lane with Paved Shoulder Configuration of Narayanpur Kasturmeta pkg-II from design ch. 48.693 to 70.453 design length21.760 Km. on NH-130D under EPC mode in the state of Chhattisgarh.,MoRTH,Chhattisgarh,Ministry of Road Transport & Highways,Roads & Highways,12/2022,12/2024,06/2026,,200.67,200.67,0.0,0.0,FlashReport_July_2026 (1).pdf,100
2026-07,893.0,618014,"Upgradation of Ambikapur-Ramanujganj-Garwa road of NH-343, Package-III, Badki mahri village to Ramanujganj section from existing km 80.600 to km 110.330 Design Ch. 85.370 to Ch. 114.800 of total length 29.430 km to two lane with paved shoulders udner corridor scheme under EPC Mode in the of Chhattisgarh",MoRTH,Chhattisgarh,Ministry of Road Transport & Highways,Roads & Highways,03/2022,05/2025,10/2026,10/2026,199.05,199.05,53.0,38.56,FlashReport_July_2026 (1).pdf,100
2026-07,894.0,618015,"Upgradation of Keonchi - Ratanpur Road of NH 45 Package-I, from design chainage km 237.860 to km 273.200 of length 35.340 km to two lane with paved shoulders under Corridor scheme on EPC mode in the state of Chhattisgarh.",MoRTH,Chhattisgarh,Ministry of Road Transport & Highways,Roads & Highways,03/2022,07/2024,01/2026,12/2026,225.41,228.93,83.75,60.0,FlashReport_July_2026 (1).pdf,100
2026-07,895.0,618016,"Upgradation of Ambikapur Ramanujganj - Garhwa Road NH 343 of Package-I, Rajpuri Khurd Village to Padih Village section from existing km 7.830 to km 57.650 Design Ch. 13.700 to Ch. 62.700 of total length 49.00 km to two lane with paved shoulders under EPC mode in the state of Chhattisgarh",MoRTH,Chhattisgarh,Ministry of Road Transport & Highways,Roads & Highways,03/2022,05/2025,05/2027,05/2027,397.44,397.44,76.67,28.07,FlashReport_July_2026 (1).pdf,100
2026-07,896.0,618017,"Upgradation of Keonchi - Ratanpur Road of NH 45 Package-II, from design chainage km 278.75 to km 321.348 of length 42.598 km to two lane with paved shoulders under Corridor scheme on EPC mode in the state of Chhattisgarh.",MoRTH,Chhattisgarh,Ministry of Road Transport & Highways,Roads & Highways,03/2022,07/2024,01/2026,12/2026,286.0,286.0,92.75,60.0,FlashReport_July_2026 (1).pdf,100
2026-07,897.0,618018,Upgradation of Bilaspur-Takhatpur-Mungeli-Pandariya-Pondi Road on N.H.-130A Package IIIA Takhatpur By-pass from existing Ch. 26.542 to 32.093 [Design Ch. 18.700 to 25.900] & Mungeli By-pass from existing Ch. 45.786 to 56.275 [Design Ch. 29.600 to 51.600] and Package IIIB Pandariya By-Pass from existing Ch. 82.582 to 87.133 [Design Ch. 77.900 to 81.1000 & Pondi By-pass from existing Ch. 103.166 to 104.756 [Design Ch. 97.000 to 103.395] to two lane with paved shoulder configuration in the,MoRTH,Chhattisgarh,Ministry of Road Transport & Highways,Roads & Highways,03/2022,01/2024,07/2025,12/2026,351.19,351.19,11.63,11.0,FlashReport_July_2026 (1).pdf,100
2026-07,898.0,618589,Durg-Raipur Bypass Section Package - 1 from km. 0.00 to km. 44.50 near Tendesara to near Khatti Village,,Chhattisgarh,Ministry of Road Transport & Highways,Roads & Highways,06/2022,07/2023,07/2025,03/2027,1828.0,1656.73,1063.62,75.39,FlashReport_July_2026 (1).pdf,100
2026-07,899.0,618590,Durg-Raipur-Arang Package - 2 from km. 44.50 to km. 92.23 near Khatti Village to near Aurang,,Chhattisgarh,Ministry of Road Transport & Highways,Roads & Highways,06/2022,06/2023,05/2025,03/2027,1958.9,1561.97,1001.18,73.96,FlashReport_July_2026 (1).pdf,100
2026-07,900.0,618639,4L of Bilaspur to Urga km 0.00 to 70.2 of NH-130A,,Chhattisgarh,Ministry of Road Transport & Highways,Roads & Highways,04/2020,03/2022,03/2024,12/2026,1855.59,2523.86,1470.78,94.81,FlashReport_July_2026 (1).pdf,100
2026-07,901.0,618640,4L of Urga - Pathalgaon from Km. 70.200 to km. 157.745 of NH-130A,,Chhattisgarh,Ministry of Road Transport & Highways,Roads & Highways,03/2022,02/2024,08/2026,08/2026,2261.3,2860.36,1120.45,81.5,FlashReport_July_2026 (1).pdf,100
2026-07,902.0,618646,4L of Pathalgaon-Kunkuri-CG/JH Border section of NH-43 from Km. 00.000 to Km.104.250,,Chhattisgarh,Ministry of Road Transport & Highways,Roads & Highways,08/2024,04/2026,04/2029,04/2029,3147.07,3147.07,0.03,0.0,FlashReport_July_2026 (1).pdf,100
2026-07,903.0,618673,Development of 6L of Jhanki Sargi Section Road from km 0.000 to km 42.800 of NH- 130CD Pkg-CG-1,,Chhattisgarh,Ministry of Road Transport & Highways,Roads & Highways,11/2021,09/2022,09/2024,02/2027,1368.19,1129.14,715.32,99.35,FlashReport_July_2026 (1).pdf,101
2026-07,904.0,618674,Development of 6L Sargi Basanwahi Section from km 42.800 to km 99.500 of NH- 130CD Pkg-CG-2,,Chhattisgarh,Ministry of Road Transport & Highways,Roads & Highways,12/2021,01/2023,01/2025,08/2026,1470.73,1461.81,757.62,100.0,FlashReport_July_2026 (1).pdf,101
2026-07,905.0,618675,Development of 6L of Basanwahi Marangpuri Section from km 99.500 to km 124.661 of NH-130-CD,,Chhattisgarh,Ministry of Road Transport & Highways,Roads & Highways,03/2022,10/2023,10/2025,03/2027,1307.16,1303.63,489.55,70.73,FlashReport_July_2026 (1).pdf,101
2026-07,906.0,618957,4 laning of Champa - Korba from km 0.00 to km 38.2,,Chhattisgarh,Ministry of Road Transport & Highways,Roads & Highways,02/2021,01/2022,01/2024,08/2026,1002.33,1304.47,944.68,98.75,FlashReport_July_2026 (1).pdf,101
2026-07,907.0,619039,"Balance Works of Rehabilitation and Up gradation of NH-43 New NH-30 from Krn 162120 to Krn 173500 Length 11.380 Km. Keshkal Bypass 4-Lane with Paved shoulder in the State Of Chhattisgarh under NHDP-IV through Engineering, Procurement & Construction EPC Basis",MoRTH,Chhattisgarh,Ministry of Road Transport & Highways,Roads & Highways,06/2025,06/2026,06/2028,,307.96,307.96,0.0,0.0,FlashReport_July_2026 (1).pdf,101
2026-07,908.0,619103,4/6 Laning of Raipur-Simga Pkg-I from km. 0.00 to km. 48.58,,Chhattisgarh,Ministry of Road Transport & Highways,Roads & Highways,10/2015,04/2016,04/2018,08/2026,1096.52,1172.36,905.32,100.0,FlashReport_July_2026 (1).pdf,101
2026-07,909.0,619167,4 Laning with PS of Pathrapalli-Katghora km 53.3 to km 92.6 Pkg-II of Bilaspur Kathghora,,Chhattisgarh,Ministry of Road Transport & Highways,Roads & Highways,12/2019,12/2020,12/2022,11/2026,865.1,1275.26,853.85,93.1,FlashReport_July_2026 (1).pdf,101
2026-07,910.0,619347,Balance Work Estimate of Rehabilitation and Up-gradation of NH- 43 from Km. 468.600 to Km. 531.250 Pathalgaon to kunkuri Section to two-lane with paved shoulder in the State of Chhattisgarh on SBD mode under NHO under Annual plan 2025-26,MoRTH,Chhattisgarh,Ministry of Road Transport & Highways,Roads & Highways,03/2026,06/2026,06/2028,,201.16,201.16,0.0,0.0,FlashReport_July_2026 (1).pdf,101
2026-07,911.0,619183,Widening of Existing Road from Intermediate Lane 2-lane to 4-lane Between Km 19.994 to Km 35.180 of NH-848A Rakholi-Khadoli-Velugam Section in U.T. of Dadra and Nagar Haveli and Daman and Diu,MoRTH,Dadra & Nagar Haveli and Daman & Diu,Ministry of Road Transport & Highways,Roads & Highways,10/2022,02/2024,06/2026,08/2026,198.06,239.57,77.74,80.0,FlashReport_July_2026 (1).pdf,101
2026-07,912.0,618509,Development of 6L UER II [Package - I] NH-1 Near Bakoli till Karala Kanjhawala Road from km. 0.70 to km.15.00,,Delhi,Ministry of Road Transport & Highways,Roads & Highways,07/2020,10/2021,10/2023,08/2026,2089.94,2203.45,1834.91,99.99,FlashReport_July_2026 (1).pdf,101
2026-07,913.0,619090,8L of Dwarka Expressway Pkg-II RuB near Dwarka Sector 21-DL/HR Border from 5.300 Km.to 9.500 Km. of NH-248BB,,Delhi,Ministry of Road Transport & Highways,Roads & Highways,01/2018,10/2019,10/2021,08/2026,2067.67,2670.22,2381.53,100.0,FlashReport_July_2026 (1).pdf,101
2026-07,914.0,619202,Dwarka Expressway from Km -0.600 to Km 5.300 - Pkg-I Shivmurti Chowk-RuB near Dwarka Sector 21,,Delhi,Ministry of Road Transport & Highways,Roads & Highways,03/2018,09/2020,09/2022,08/2026,2144.67,3929.5,3512.17,98.8,FlashReport_July_2026 (1).pdf,101
2026-07,915.0,617941,4-Laning from End of Zuari approaches to Start of Margao Bypass section of NH-66 from Km 536.800 to Km 543.450,MoRTH,Goa,Ministry of Road Transport & Highways,Roads & Highways,07/2024,02/2026,02/2028,02/2028,398.25,398.25,0.28,1.0,FlashReport_July_2026 (1).pdf,101
2026-07,916.0,617942,Construction of Six lane Elevated Corridor from Km. 508.000 to Km. 513.150 including approaches on NH-66,MoRTH,Goa,Ministry of Road Transport & Highways,Roads & Highways,04/2023,04/2024,04/2026,10/2026,641.46,641.46,0.0,99.08,FlashReport_July_2026 (1).pdf,101
2026-07,917.0,617943,4-laning of Navelim to Cuncolim Section of NH-66 from Km 554.245 to Km 561.480 on HAM Mode,MoRTH,Goa,Ministry of Road Transport & Highways,Roads & Highways,12/2024,04/2026,10/2028,10/2028,746.75,746.75,0.0,0.0,FlashReport_July_2026 (1).pdf,101
2026-07,918.0,618609,Construction of 4L Flyover from MES College Junction to Bogmalo Junction on NH- 566 from Km. 7.106 to Km. 10.460 and 4L VUP at Queeny Nagar Junction from Km. 3.330 to Km. 4.550,,Goa,Ministry of Road Transport & Highways,Roads & Highways,01/2024,08/2024,07/2026,05/2027,463.08,316.28,168.21,59.18,FlashReport_July_2026 (1).pdf,101
2026-07,919.0,617906,Up-gradation of Dhoraji-Jamkandorna-Kalavad Section of NH-927D from Design Chainage km 0/00 to km 58/115 to Two lane with PS configuration in the State of Gujarat on EPC,MoRTH,Gujarat,Ministry of Road Transport & Highways,Roads & Highways,10/2022,01/2025,01/2027,01/2027,246.6,291.19,0.0,35.0,FlashReport_July_2026 (1).pdf,101
2026-07,920.0,617916,Work of 6 laning/Construction of elevated corridor from km 0/0 to 10/170 Narol Junction to Sarkhej junction including 4 lane Shastri Bridge on Sabarmati river on NH 47 in the State of Gujarat on HAM mode,MoRTH,Gujarat,Ministry of Road Transport & Highways,Roads & Highways,03/2024,08/2025,02/2028,02/2028,1295.39,1295.39,0.0,35.0,FlashReport_July_2026 (1).pdf,102
2026-07,921.0,617926,Construction of new 4 lane major bridge with approaches on Sabarmati River near Dharoi at Km. 82/00 to 86/00 Design length 3.300 km on NH-58 in the State of Gujarat on Hybrid Annuity Mode HAM,MoRTH,Gujarat,Ministry of Road Transport & Highways,Roads & Highways,03/2024,08/2025,08/2027,08/2027,398.4,398.4,0.0,53.0,FlashReport_July_2026 (1).pdf,102
2026-07,922.0,617927,Widening to 2LPS between Km 0/0 to 56/0 Khokhara Gujarat Border Vijayanagar Antrasuba Mathasur road of NH 58 in the State of Gujarat,MoRTH,Gujarat,Ministry of Road Transport & Highways,Roads & Highways,03/2024,09/2025,09/2027,09/2027,699.19,699.19,0.0,36.0,FlashReport_July_2026 (1).pdf,102
2026-07,923.0,617928,"Widening 2 lane to 4-lane from KM 92/320 to Km 115/320 Vav Chokdi-Satlasana to to Vrundavan Chokdi, Kheralu on NH-58 in the State of Gujarat.",MoRTH,Gujarat,Ministry of Road Transport & Highways,Roads & Highways,03/2022,03/2024,03/2026,08/2026,151.13,171.27,0.0,98.0,FlashReport_July_2026 (1).pdf,102
2026-07,924.0,617976,Work of development and construction of elevated corridorfrom km 38/660 to km 42/690 Iscon junction to start point of approach of sanand flyover of NH-147 in the sate of Gujarat,MoRTH,Gujarat,Ministry of Road Transport & Highways,Roads & Highways,03/2023,06/2024,06/2026,09/2026,530.2,530.2,58.29,90.0,FlashReport_July_2026 (1).pdf,102
2026-07,925.0,618022,Upgradation to two lane with paved Shoulder Configuaration from Km. 0/00 to 47/000 of NH 351 Mahuva to Badhada section in the State of Gujarat,MoRTH,Gujarat,Ministry of Road Transport & Highways,Roads & Highways,12/2022,02/2024,08/2025,12/2026,173.06,219.08,22.63,77.0,FlashReport_July_2026 (1).pdf,102
2026-07,926.0,618107,Upgradation of Mehsana-Visnagar-vadnagar-Kheralu-Idar section from km 0/00 to 81/300 of NH 168G Mehsana to Idar in the State of GujaratTotal Length 81.300 Km on Hybrid Annuity Mode HAM,MoRTH,Gujarat,Ministry of Road Transport & Highways,Roads & Highways,02/2024,12/2025,06/2028,06/2028,1155.21,1155.21,421.58,23.0,FlashReport_July_2026 (1).pdf,102
2026-07,927.0,618108,Up-gradation and strengthening to 2lanePS from Km 95/500 to km 129/775 of Nh 168G Idar-Bhiloda-Samlaji in the state of Gujarat Length 34.275 km,MoRTH,Gujarat,Ministry of Road Transport & Highways,Roads & Highways,09/2022,12/2023,12/2025,12/2026,237.28,237.28,41.55,64.5,FlashReport_July_2026 (1).pdf,102
2026-07,928.0,618459,Delhi-Vadodara Greenfield Alignment NH-148N Pkg-26 Ch.696890 to Ch.726390,,Gujarat,Ministry of Road Transport & Highways,Roads & Highways,09/2020,12/2022,08/2024,02/2027,1555.2,1556.4,1288.32,85.5,FlashReport_July_2026 (1).pdf,102
2026-07,929.0,618462,Delhi-Vadodara Greenfield Alignment NH-148N Pkg-31 Ch.824920 to Ch.844382 [Junction near Pratap nagar Village - Junction near Dodka Village],,Gujarat,Ministry of Road Transport & Highways,Roads & Highways,11/2019,05/2021,05/2023,08/2026,1644.85,1651.14,1297.76,100.0,FlashReport_July_2026 (1).pdf,102
2026-07,930.0,618463,Vadodara Mumbai Expressway Kim to Ankleshwar Phase IA - Pkg V,,Gujarat,Ministry of Road Transport & Highways,Roads & Highways,02/2018,11/2019,10/2021,08/2026,1324.84,2807.48,1546.7,91.34,FlashReport_July_2026 (1).pdf,102
2026-07,931.0,618467,Vadodara Mumbai Expressway Karvad - Jujuwa from Km. 128.000 to Km. 154.600 Phase-I Package-IX,,Gujarat,Ministry of Road Transport & Highways,Roads & Highways,07/2023,04/2024,10/2025,07/2027,2594.17,2587.04,235.55,21.75,FlashReport_July_2026 (1).pdf,102
2026-07,932.0,618503,Ahmedabad - Dholera Pkg III from km. 48.52 to km. 71.06 [Vejallka Village - Start of DSIR zone],,Gujarat,Ministry of Road Transport & Highways,Roads & Highways,05/2020,07/2021,07/2023,08/2026,1034.04,1155.41,1125.55,100.0,FlashReport_July_2026 (1).pdf,102
2026-07,933.0,618504,Ahmedabad - Dholera Pkg IV from km. 71.06 to km. 109.019 [Start of DSIR zone - Adhelai Village],,Gujarat,Ministry of Road Transport & Highways,Roads & Highways,05/2020,12/2021,12/2023,08/2026,1181.76,1358.73,1222.79,98.08,FlashReport_July_2026 (1).pdf,102
2026-07,934.0,618507,"Balance work of Six Laning of Shamlaji-Motachiloda from Km. 401.200 to Km.494.410 section Design Chainage Km.447.385 to Km 540.595, Length- 93.210 Km of old NH-8 NH-48 in the state of Gujarat on single Percentage Item Rate Contract",,Gujarat,Ministry of Road Transport & Highways,Roads & Highways,06/2024,08/2024,06/2025,08/2026,466.8,501.48,577.62,91.83,FlashReport_July_2026 (1).pdf,102
2026-07,935.0,618508,Construction of Additional Structures including Approaches in Vadodara Surat Section of NH48 between existing Km. 108.000 to Km. 250.000,,Gujarat,Ministry of Road Transport & Highways,Roads & Highways,03/2024,01/2025,01/2027,06/2027,907.39,907.39,368.63,48.73,FlashReport_July_2026 (1).pdf,102
2026-07,936.0,618564,6L with PS of Samakhiyali to Santalpur section from km. 339.700 to Km. 430.100 of NH-27,,Gujarat,Ministry of Road Transport & Highways,Roads & Highways,01/2023,12/2023,12/2025,03/2027,1553.76,34.34,28.66,64.52,FlashReport_July_2026 (1).pdf,102
2026-07,937.0,618615,Sanchore - Santalpur from km 99.000 - km 130.073 of NH-754K AJ-RGBS-Package-4,,Gujarat,Ministry of Road Transport & Highways,Roads & Highways,02/2020,03/2021,03/2023,08/2026,778.15,835.55,767.83,99.7,FlashReport_July_2026 (1).pdf,102
2026-07,938.0,618616,4L of Dhrol bypass section of NH-151A Approx. length 5.7 Km & widening upto 4 laning of missing link of Amran section of NH-151A Approx. length 6.55 Km from existing Ch. 42000 to 48500 of ongoing Dhrol-Bhadra-Pipaliya section of NH-151A,,Gujarat,Ministry of Road Transport & Highways,Roads & Highways,03/2024,02/2025,02/2027,02/2027,625.58,455.54,151.99,35.47,FlashReport_July_2026 (1).pdf,103
2026-07,939.0,618787,"Upgradation to 4L PS from Bhimasar, Junction of NH-41 to Anjar- Bhuj upto Airport Junction from Km 0.000 to Km 65.478 of NH-341",,Gujarat,Ministry of Road Transport & Highways,Roads & Highways,03/2022,01/2023,06/2025,03/2027,1373.06,1687.25,837.85,96.0,FlashReport_July_2026 (1).pdf,103
2026-07,940.0,618901,4L PS Divided Carriageway from Patan Near Rajpur to Gojariya From Km 52.000 to Km 128.940 of NH-68,,Gujarat,Ministry of Road Transport & Highways,Roads & Highways,12/2021,03/2023,03/2025,11/2026,1181.34,1098.23,934.16,87.12,FlashReport_July_2026 (1).pdf,103
2026-07,941.0,618930,4L PS from Ch. 94.030 in Jabugam Village to Ch. 132.320 in Dhamasiya Village of NH-56 Pkg-III,,Gujarat,Ministry of Road Transport & Highways,Roads & Highways,03/2023,11/2025,11/2027,11/2027,1188.46,898.0,179.47,25.82,FlashReport_July_2026 (1).pdf,103
2026-07,942.0,618931,4L PS from Ch. 179.780 in Bitada/Movi Village to Ch. 208.900 in Nasarpore Village of NH-56 Pkg-V,,Gujarat,Ministry of Road Transport & Highways,Roads & Highways,03/2023,11/2025,11/2027,11/2027,764.02,566.96,82.38,10.08,FlashReport_July_2026 (1).pdf,103
2026-07,943.0,619061,Construction of 4 lane with PS Idar-Badoli bypass section from design km 81/300 to km 95/500 of NH 168G in the State of Gujarat,MoRTH,Gujarat,Ministry of Road Transport & Highways,Roads & Highways,03/2025,05/2026,05/2028,05/2028,705.09,705.09,0.0,7.0,FlashReport_July_2026 (1).pdf,103
2026-07,944.0,619087,Widening to 6L of Existing 4L Jetpur - Gondal - Rajkot Section from Km. 117.600 to Km. 185.00 on NH-27,,Gujarat,Ministry of Road Transport & Highways,Roads & Highways,03/2022,09/2023,09/2025,01/2027,2070.44,1390.29,1117.01,76.83,FlashReport_July_2026 (1).pdf,103
2026-07,945.0,619145,Four Laning of Una to Kodinar from km. 180.478 to km. 221.610 Package-V,,Gujarat,Ministry of Road Transport & Highways,Roads & Highways,02/2016,02/2017,08/2019,03/2025,877.71,1126.66,1008.79,100.0,FlashReport_July_2026 (1).pdf,103
2026-07,946.0,619197,Delhi-Vadodara Greenfield Alignment NH-148N Pkg-27 Ch.729.700 to Ch.756.052,,Gujarat,Ministry of Road Transport & Highways,Roads & Highways,09/2020,02/2022,02/2024,08/2026,1185.69,1259.27,1045.08,98.9,FlashReport_July_2026 (1).pdf,103
2026-07,947.0,619297,Upgradation of Existing Two Lane Carriageway to Two Lane Carriageway with Paved Shoulder from Ch. 665686 Existing Km. 665.686 in Khanpur Village in Vansda Taluka to Ch. 710470 Existing Km. 710.483 in Karvad Village in Vapi Taluka Length 44.784 Km Section of NH-56 in the State of Gujarat on EPC Mode,,Gujarat,Ministry of Road Transport & Highways,Roads & Highways,02/2026,07/2026,07/2028,01/2027,647.2,647.2,9.24,0.0,FlashReport_July_2026 (1).pdf,103
2026-07,948.0,618482,Delhi-Amritsar-Katra Expressway Phase-I Pkg-I from Jussur Kheri on NH-KMP Expressway to Junction with Rohtak-Panipat road NH-709 near Rukhi Paani village Km 0000 to Km 34000,,Haryana,Ministry of Road Transport & Highways,Roads & Highways,12/2020,12/2021,12/2023,07/2026,1866.49,2429.9,1609.72,99.91,FlashReport_July_2026 (1).pdf,103
2026-07,949.0,618483,Delhi-Amritsar-Katra Expressway Phase-I Pkg-II from Junction with Rohtak-Panipat road NH-709 near Rukhi Paani village to Junction with Jind-Panipat road NH-352A near Gangana village Km 34000 to Km 60800,,Haryana,Ministry of Road Transport & Highways,Roads & Highways,12/2020,01/2022,01/2024,07/2026,1533.87,1792.53,1176.23,99.89,FlashReport_July_2026 (1).pdf,103
2026-07,950.0,618506,"Construction of Additional Structures, Improvement of Service Road & Maintenance of Six Lane Gurgaon-Jaipur Section of NH-48 old NH-8 between km 42700 to km 107100 in the State of Haryana",,Haryana,Ministry of Road Transport & Highways,Roads & Highways,05/2024,05/2025,05/2027,05/2027,401.74,240.02,131.79,61.38,FlashReport_July_2026 (1).pdf,103
2026-07,951.0,618580,Gohana - Sonipat PKG-2,,Haryana,Ministry of Road Transport & Highways,Roads & Highways,01/2019,07/2020,07/2022,07/2026,1275.31,1957.44,1225.85,97.86,FlashReport_July_2026 (1).pdf,103
2026-07,952.0,618788,4L Greenfield Jalbhera Shahbad section from km. 0.000 to km. 22.850 of NH-152G,,Haryana,Ministry of Road Transport & Highways,Roads & Highways,03/2022,06/2023,05/2025,08/2026,927.22,1173.66,550.65,87.05,FlashReport_July_2026 (1).pdf,103
2026-07,953.0,618792,4L Bhiwani-Hansi road section of NH-148B,,Haryana,Ministry of Road Transport & Highways,Roads & Highways,11/2022,12/2023,12/2025,08/2026,1330.23,1144.21,455.86,99.5,FlashReport_July_2026 (1).pdf,103
2026-07,954.0,618936,Jagadhari - Tajewala from Km -0.175 to 32.337 km of NH-344,,Haryana,Ministry of Road Transport & Highways,Roads & Highways,03/2022,02/2023,02/2025,03/2027,1269.5,919.43,712.77,68.0,FlashReport_July_2026 (1).pdf,103
2026-07,955.0,619080,4L PS of Ambala Ring Road of New NH-44,,Haryana,Ministry of Road Transport & Highways,Roads & Highways,02/2023,10/2023,10/2025,09/2026,1093.35,1225.41,595.59,92.97,FlashReport_July_2026 (1).pdf,103
2026-07,956.0,619092,4L of Jind-Gohana road Package-1 from km. 0.00 to km. 40.601 of NH-352 A under NHO,,Haryana,Ministry of Road Transport & Highways,Roads & Highways,01/2019,07/2020,07/2022,07/2026,994.22,1606.82,1064.47,99.97,FlashReport_July_2026 (1).pdf,103
2026-07,957.0,619132,4/6L of Gurgaon - Pataudi - Rewari from km. 0.00 to km.43.87 of NH-352W,,Haryana,Ministry of Road Transport & Highways,Roads & Highways,05/2020,11/2021,11/2023,08/2026,1810.04,1917.5,1267.55,77.76,FlashReport_July_2026 (1).pdf,104
2026-07,958.0,619201,Karnal ring road Lot-4/Pkg-1,,Haryana,Ministry of Road Transport & Highways,Roads & Highways,11/2022,08/2023,08/2025,10/2026,1741.45,2041.54,834.54,96.66,FlashReport_July_2026 (1).pdf,104
2026-07,959.0,618215,"Improvement/construction of existing CL-5 Road to NH Intermediate lane specification with hard shoulder from Km 166.000 to 203.77 net Length 37.770 kms of NH-505 Sumdo-Kaza-Gramphoo road in the state of Himachal Pradesh on EPC mode under project Deepak, BRO",MoRTH,Himachal Pradesh,Ministry of Road Transport & Highways,Roads & Highways,06/2021,06/2024,06/2027,06/2027,274.36,194.0,0.0,22.26,FlashReport_July_2026 (1).pdf,104
2026-07,960.0,618216,"Improvement/construction of existing CL-5 Road to NH Intermediate lane specification with hard shoulder from Km 133.000 to 166.000 net Length 33.000 kms of NH-505 Sumdo-Kaza-Gramphoo road in the state of Himachal Pradesh on EPC mode under project Deepak, BRO",MoRTH,Himachal Pradesh,Ministry of Road Transport & Highways,Roads & Highways,03/2021,07/2023,06/2026,09/2027,230.55,203.15,31.4,23.24,FlashReport_July_2026 (1).pdf,104
2026-07,961.0,618217,Improvement/construction of existing Class-5 Road to NH Intermediate lane specification with hard shoulder from existing Km 76/340 to 134/940 Design chainage from Km 76/300 to 133/000 net Length 56.700 kms of NH-505 Sumdo-Kaza- Gramphoo road in the state of Himachal Pradesh Package I,MoRTH,Himachal Pradesh,Ministry of Road Transport & Highways,Roads & Highways,03/2021,05/2023,05/2026,08/2027,314.67,244.15,93.27,62.28,FlashReport_July_2026 (1).pdf,104
2026-07,962.0,618230,Rehabilitation and Upgradation to 2-lane configuration of Kalwahn-Mandi Section km 208.950 to 250.592 of NH-70 in the State of Himachal Pradesh under Green National Highways Corridor Project GNHCP with the loan assistance of World Bank on EPC mode.Package-3,MoRTH,Himachal Pradesh,Ministry of Road Transport & Highways,Roads & Highways,08/2020,10/2022,04/2025,12/2026,314.32,314.32,0.0,70.58,FlashReport_July_2026 (1).pdf,104
2026-07,963.0,618231,Rehabilitation and Upgradation to 2-lane configuration of Hamirpur-Karnohal Section km 141.00 to 181.00 of NH-70 in the State of Himachal Pradesh under Green National Highways Corridor Project GNHCP with the loan assistance of World Bank on EPC mode.Package-1,MoRTH,Himachal Pradesh,Ministry of Road Transport & Highways,Roads & Highways,08/2020,06/2022,12/2024,09/2026,371.93,371.93,198.34,93.62,FlashReport_July_2026 (1).pdf,104
2026-07,964.0,618232,Rehabilitation and Upgradation to 2-lane configuration of Karnohal- Kalwahn Section km 181.00 to 208.950 of NH-70 in the State of Himachal Pradesh under Green National Highways Corridor Project GNHCP with the loan assistance of World Bank on EPC mode.Package-2,MoRTH,Himachal Pradesh,Ministry of Road Transport & Highways,Roads & Highways,08/2020,11/2023,05/2026,12/2026,251.62,190.02,77.84,58.0,FlashReport_July_2026 (1).pdf,104
2026-07,965.0,618253,Construction of missing link from Birhu to Lathiani from Km 35/550 Design chainage Km 0.000 to Km 42/800 Design Chainage Km 8.153on NH-503A including Lathiani Bridge on back water of Govindsagar and its approaches in Himachal Pradesh.,MoRTH,Himachal Pradesh,Ministry of Road Transport & Highways,Roads & Highways,06/2023,03/2026,03/2029,03/2029,870.95,896.86,0.0,0.0,FlashReport_July_2026 (1).pdf,104
2026-07,966.0,618850,Nerchowk km 190.000 to Pandoh including Pandoh bypass km221.305,,Himachal Pradesh,Ministry of Road Transport & Highways,Roads & Highways,03/2016,01/2018,07/2020,08/2026,1464.12,1651.67,1574.85,100.0,FlashReport_July_2026 (1).pdf,104
2026-07,967.0,618851,Pandoh bypass 221.305 to Takoli 242.000 of NH-21 in the state of Himachal Pradesh,,Himachal Pradesh,Ministry of Road Transport & Highways,Roads & Highways,06/2017,03/2018,09/2021,03/2027,3419.95,4465.94,2883.58,95.65,FlashReport_July_2026 (1).pdf,104
2026-07,968.0,618852,4L Sundar Nagar Bypass from Km.173.900 to Km.179.600 of NH-21,,Himachal Pradesh,Ministry of Road Transport & Highways,Roads & Highways,02/2022,06/2022,06/2024,08/2026,191.11,192.11,182.6,100.0,FlashReport_July_2026 (1).pdf,104
2026-07,969.0,618878,Rehabilitation and Upgradation to 4L configuration & Strengthening of Sihuni to Rajol from Km 51.000 to Km 72.000 of NH-154 Package-IIA,,Himachal Pradesh,Ministry of Road Transport & Highways,Roads & Highways,03/2022,09/2023,09/2025,09/2026,696.65,776.59,496.48,99.18,FlashReport_July_2026 (1).pdf,104
2026-07,970.0,618879,Rehabilitation and Upgradation to 2L PS configuration & Strengthening of Padhar to Bijni section from Km 180.000 to Km 202.815 of NH-154 Pkg-VA,,Himachal Pradesh,Ministry of Road Transport & Highways,Roads & Highways,06/2022,11/2024,11/2026,11/2026,930.86,930.86,666.12,99.86,FlashReport_July_2026 (1).pdf,104
2026-07,971.0,618880,Rehabilitation and Up-gradation to 4L configuration & Strengthening of Thanpuri to Paror section from Km 85.135 to Km 100.840 of NH-154 Pkg-IIC,,Himachal Pradesh,Ministry of Road Transport & Highways,Roads & Highways,07/2022,03/2024,12/2025,04/2027,815.68,666.79,496.91,56.61,FlashReport_July_2026 (1).pdf,104
2026-07,972.0,618881,4L PS bijni to mandi section from Km 202.815 to Km 208.000 of NH-20 New NH-154 of Pathankot-Mandi Package-VB,,Himachal Pradesh,Ministry of Road Transport & Highways,Roads & Highways,02/2023,03/2025,09/2027,09/2027,1113.02,1112.39,547.08,35.3,FlashReport_July_2026 (1).pdf,104
2026-07,973.0,618888,Rehabilitation and Up-gradation of existing road to 2L PS from End of Hamirpur Bypass near Chilbahal to Bhangbar section from Km. 138.295 to Km.175.270 of NH- 88 Pkg-IV,,Himachal Pradesh,Ministry of Road Transport & Highways,Roads & Highways,03/2022,04/2023,04/2025,12/2026,1146.19,1358.62,987.35,97.2,FlashReport_July_2026 (1).pdf,104
2026-07,974.0,618889,"4L of Bhangbar Near Ranital to Kangra Bypass Section of Old NH-88 New NH- 303,503 up to Intersection with NH-154 from Km 175.270 to Km 193.400 Pkg-VB",,Himachal Pradesh,Ministry of Road Transport & Highways,Roads & Highways,03/2021,12/2022,12/2024,09/2026,1322.95,1829.49,1102.58,97.45,FlashReport_July_2026 (1).pdf,105
2026-07,975.0,618890,2L PS of Hamirpur Bypass from Km 121.175 to Km.138.295 of NH-103&3,,Himachal Pradesh,Ministry of Road Transport & Highways,Roads & Highways,08/2022,10/2023,10/2025,12/2026,739.39,754.82,369.94,94.37,FlashReport_July_2026 (1).pdf,105
2026-07,976.0,618891,4L PS from Kalar Bala Village to Nauni Chowk of NH 205 from Km 41.000 to Km 58.450,,Himachal Pradesh,Ministry of Road Transport & Highways,Roads & Highways,01/2024,05/2025,05/2027,09/2027,1244.43,786.91,145.72,31.46,FlashReport_July_2026 (1).pdf,105
2026-07,977.0,618892,"4 Lane with Paved Shoulder from Dareota Village to Kalar Bala NH 205, Design Chainage -Km 33185 to Km 41000, Design Length-7.815 Km Package-IIB",,Himachal Pradesh,Ministry of Road Transport & Highways,Roads & Highways,06/2025,06/2026,06/2028,06/2028,992.85,992.85,5.27,0.68,FlashReport_July_2026 (1).pdf,105
2026-07,978.0,618921,4L of Kathlighat to Shakral Village from Km 128.835 to Km 146.300 of NH- 5 Shimla Bypass - Pkg I,,Himachal Pradesh,Ministry of Road Transport & Highways,Roads & Highways,03/2022,04/2023,04/2026,07/2027,1703.48,2648.8,1182.61,64.2,FlashReport_July_2026 (1).pdf,105
2026-07,979.0,618922,4L of Shakral Village to Dhalli Section from Km 146.300 to Km 156.560 Shimla Bypass - Pkg II and Shimla connectivity from Km 0.000 to Km 0.725 of NH-5,,Himachal Pradesh,Ministry of Road Transport & Highways,Roads & Highways,04/2022,03/2024,03/2027,12/2027,1956.26,2880.72,1505.86,59.88,FlashReport_July_2026 (1).pdf,105
2026-07,980.0,619003,Solan - Kaithlighat Section of NH-22 Now NH-5 from Km. 106.139 to Km.129.05,,Himachal Pradesh,Ministry of Road Transport & Highways,Roads & Highways,03/2018,11/2018,05/2021,11/2026,881.74,1519.53,1347.79,90.11,FlashReport_July_2026 (1).pdf,105
2026-07,981.0,619153,4L of HP/Punjab Border - Mo from km. 11.00 to km. 42.00 of Old NH-20 New NH-154 Package-IA,,Himachal Pradesh,Ministry of Road Transport & Highways,Roads & Highways,03/2021,05/2022,05/2024,12/2026,1002.11,1363.04,819.72,68.65,FlashReport_July_2026 (1).pdf,105
2026-07,982.0,618038,Construction of Shopian Bypass on NH-444 taking off from existing chainage Km 36500 and re-joining at km 47588 of existing Chainage New Design Ch. From km 28000 to km 36925 as 2- lane with paved shoulder in the UT of Jammu & Kashmir on EPC mode.,MoRTH,Jammu and Kashmir,Ministry of Road Transport & Highways,Roads & Highways,03/2024,01/2026,01/2028,,224.44,224.44,0.0,3.0,FlashReport_July_2026 (1).pdf,105
2026-07,983.0,618201,"Widening and strengthening to 2 lane with paved shoulder from existing Ch. Km 56720 to Km 100820 and Design Ch. From Km 62600 to Km 106360 Total Length43.760 Km on SRINAGAR -BARAMULA URINH-01 in the UT of Jammu & Kashmir under project BEACON, Border Roads Organization BRO on EPC mode.",MoRTH,Jammu and Kashmir,Ministry of Road Transport & Highways,Roads & Highways,09/2023,11/2024,11/2026,06/2027,702.1,702.1,0.0,51.0,FlashReport_July_2026 (1).pdf,105
2026-07,984.0,618202,Construction of 2 lane with paved shoulders Baramulla Bypass Greenfield bypass from existing Ch. Km 47020 to Km 56720 and Design Ch. From 48500 to 62600 Total length 14.100 km on road Srinagar Baramulla Uri NH-01 in the UT of Jammu & Kashmir under Project.Package-III,MoRTH,Jammu and Kashmir,Ministry of Road Transport & Highways,Roads & Highways,03/2023,09/2024,09/2026,07/2027,992.43,992.43,112.16,46.8,FlashReport_July_2026 (1).pdf,105
2026-07,985.0,618203,"Construction of 4 lane with paved shoulder Pattan bypass Greenfield bypass from existing Ch. Km 24320 to Km 33760 and Design Ch. from Km 24400 to Km 35300, total length 10.900 km on road SrinagarBaramulla Uri NH-01 in the UT of Jammu & Kashmir under Project BEACON, Border Roads Organization BRO on EPC mode. Package-II",MoRTH,Jammu and Kashmir,Ministry of Road Transport & Highways,Roads & Highways,03/2023,08/2024,07/2026,02/2027,980.21,980.21,132.03,57.0,FlashReport_July_2026 (1).pdf,105
2026-07,986.0,618204,Construction of realignment between Pandrass- Pashkyun Total length 27.10 km on road Zozila-Kargil -Leh NH-1 to 2 lane specifications i.e. Drass alignment 9.30 km Kharboo realignment 6.30 km & Kargil alignment 11.50 km under project Vijayak BRO in the UT of Ladakh on EPC Mode,MoRTH,Jammu and Kashmir,Ministry of Road Transport & Highways,Roads & Highways,11/2021,06/2023,06/2025,07/2027,426.15,426.15,112.2,54.89,FlashReport_July_2026 (1).pdf,105
2026-07,987.0,618205,"Construction of 4 lane with paved shoulder from Existing Ch. 14200 to 24320 Design Ch. 14200 to 24400, Ch. 33760 to 42780 Design Ch. 35300 to 44294 & Ch. 43440 to 47020 Design Ch. 44958 to 48500 Delina Flyover including construction of flyover length 1.704 km of total length 22.736 kms in AOR of 760 BRTF on road SRINAGAR BARAMULA URI NH-01 in the UT of Jammu & Kashmir under project BEACON, Border Roads Organization BRO Package-IJob No NH-1-J&K-2022-23-110",MoRTH,Jammu and Kashmir,Ministry of Road Transport & Highways,Roads & Highways,06/2022,08/2023,08/2025,12/2026,823.46,823.46,298.96,85.5,FlashReport_July_2026 (1).pdf,105
2026-07,988.0,618206,Widening and Strengthening of Rafiabad-Kupwara-Chowkibal-Tangdhar-Chamkot NH- 701 road from design Ch. From 0000 to 51000 to two lanes with paved shoulders under Project Beacon in the UT of Jammu & Kashmir on EPC mode Package-I.,MoRTH,Jammu and Kashmir,Ministry of Road Transport & Highways,Roads & Highways,03/2024,11/2024,05/2027,,1404.94,1404.94,160.59,41.7,FlashReport_July_2026 (1).pdf,105
2026-07,989.0,618221,Rehabilitation and upgradation to 2 lane with paved shoulder from existing chainage Km 166.100 to Km 192.98 design chainage Km 146.700 to Km 162.800 including construction of Bhimber Gali Tunnel Total Length of Tunnel 1.100 Km under 31 BRTF on Akhnoor-Poonch Roads on EPC mode NH-144A Package-VII,MoRTH,Jammu and Kashmir,Ministry of Road Transport & Highways,Roads & Highways,09/2021,07/2024,07/2026,07/2027,734.64,734.64,0.0,60.0,FlashReport_July_2026 (1).pdf,105
2026-07,990.0,618222,Widening and Strengthening up gradation to 2 lane with paved shoulder from existing chainage Km 192.98 to Km 229.820 design chainage Km 162.800 to Km 198.18 under 31 BRTF on Akhnoor-Poonch Road NH-144A in the UT of Jammu and Kashmir under Project Sampark Border Roads Organisation BRO on EPC Mode Package-VIII Job No NH-144A-J&K-2022-2023-111,MoRTH,Jammu and Kashmir,Ministry of Road Transport & Highways,Roads & Highways,10/2022,01/2024,01/2026,03/2027,562.45,562.45,158.68,71.27,FlashReport_July_2026 (1).pdf,106
2026-07,991.0,618223,Rehabilitation and up-gradation to 2 lane with paved shoulder from existing chainage km 64535 to km 85385 Design chainage km 55800 to km 74350 under 13 TF on Akhnoor-Poonch road NH-144A under Project Sampark BRO in the UT of Jammu & Kashmir on EPC mode Package-III Job no NH-144A-J&K-2019-20-79,MoRTH,Jammu and Kashmir,Ministry of Road Transport & Highways,Roads & Highways,03/2020,09/2021,09/2023,12/2026,152.93,152.93,77.62,90.06,FlashReport_July_2026 (1).pdf,106
2026-07,992.0,618224,Rehabilitation and up-gradation to 2 lane with paved shoulder from existing chainage km 49150 to km 64535 Design chainage km 46.450 to km 55.800 including construction of Sungal Tunnel Total length of Tunnel 2.79 km under 13 TF on Akhnoor-Poonch road NH-144A under Project Sampark BRO in the UT of Jammu & Kashmir on EPC mode Package-II Job no NH-144A-J&K-2019-20-78,MoRTH,Jammu and Kashmir,Ministry of Road Transport & Highways,Roads & Highways,03/2020,08/2021,08/2024,08/2026,796.97,796.97,440.97,92.1,FlashReport_July_2026 (1).pdf,106
2026-07,993.0,618225,Rehabilitation and up-gradation to 2 lane with paved shoulder from existing chainage km 134950 to km 166100 Design chainage km 116980 to km 146700 under 31 TF on Akhnoor-Poonch road NH-144A in the UT of Jammu & Kashmir under Project Sampark BRO on EPC mode Package-VI Job no NH-144A-J&K-2021-22-106,MoRTH,Jammu and Kashmir,Ministry of Road Transport & Highways,Roads & Highways,07/2021,07/2022,07/2024,12/2026,395.25,395.25,162.0,89.2,FlashReport_July_2026 (1).pdf,106
2026-07,994.0,618226,Rehabilitation and upgradation to 2 lane with paved shoulder from existing chainage Km 30.053 to Km 49.150 design chainage Km 30.000 to Km 46.450 including Kandi Tunnel under 31 BRTF on Akhnoor-Poonch Road NH-144A Under Project Sampark in the UT of Jammu & Kashmir EPC modePackage-I Job no NH-144A-J&K-2020-21-83.,MoRTH,Jammu and Kashmir,Ministry of Road Transport & Highways,Roads & Highways,07/2020,11/2022,11/2024,12/2026,272.49,272.49,160.08,95.27,FlashReport_July_2026 (1).pdf,106
2026-07,995.0,618394,Up-gradation to 2-lane with Paved Shoulder from Km 12.850 to Km20.300 of 7.450Km length on Goha-Khellani section and a link road to Goha village of 2.016 km on NH- 244 in UT of Jammu and Kashmir on EPC Mode Pkg-1,,Jammu and Kashmir,Ministry of Road Transport & Highways,Roads & Highways,07/2020,10/2020,04/2022,10/2026,228.39,225.37,182.21,94.26,FlashReport_July_2026 (1).pdf,106
2026-07,996.0,618395,"Construction & Upgradation to 2-lane with paved shoulder from Design Ch. Km 51700 at Premnagar km 66315 to Km 66535 New Thatri at Start of Km 83rd, Tunnel Km 82665 of 14.835 Km design length on Chenani-Sudhmahadev-Goha Khellani- Kishtwar-Vailoo Donipawa-Ashajipora section of NH-244 in the UT of J&K on EPC Mode under NHO-Gen Pkg - 2",,Jammu and Kashmir,Ministry of Road Transport & Highways,Roads & Highways,03/2021,08/2021,02/2023,10/2026,512.43,512.43,164.66,53.49,FlashReport_July_2026 (1).pdf,106
2026-07,997.0,618397,Widening and Up-gradation to 2-Lane with Paved Shoulder of configuration and geometric improvement from Km 0.000 to Km 16.990 on Chenani Sudhmahadev section of NH-244 in UT of Jammu and Kashmir to be executed on EPC basis,,Jammu and Kashmir,Ministry of Road Transport & Highways,Roads & Highways,03/2018,11/2018,11/2020,12/2025,255.9,255.9,239.96,94.06,FlashReport_July_2026 (1).pdf,106
2026-07,998.0,618398,Up-gradation to 2-lane with Paved Shoulder from Km 20.300 to Km 29.030 of 8.730 Km length on Goha-Khellani section on NH-244 in UT of Jammu and Kashmir on EPC Mode Package II,,Jammu and Kashmir,Ministry of Road Transport & Highways,Roads & Highways,07/2020,10/2020,04/2022,06/2026,210.79,210.79,190.27,96.95,FlashReport_July_2026 (1).pdf,106
2026-07,999.0,618399,Construction of Kishtwar bypass with 2 lane with paved shoulder from Design Km. 80.675 Dulhasti to km 95.550 Bandarkoot of 14.88 km & a link road to Kishtwar town from 0000 to 1.871 of length1.871 Km on Khellani - Kishtwar - Chattroo section in UT of Jammu and Kashmir on EPC Mode Pkg-4,,Jammu and Kashmir,Ministry of Road Transport & Highways,Roads & Highways,03/2021,08/2021,08/2023,06/2027,859.67,859.67,363.03,50.64,FlashReport_July_2026 (1).pdf,106
2026-07,1000.0,618400,Construction & Upgradation to 2-lane with paved shoulder from Design Km 67.805 at the end of Km 83rd Tunnel near Dhrabshalla Ex. Km 83905 to Km 80.675 start of Kishtwar Bypass - Dulhasti Ex. Km 970751 of 12.870 Km length on chenani- Sudhmahadev-Goha Khellani-Kishtwar-vailoo-Donipawa-Ashajipora seition of NH-244 in the UT of J&K on EPC Mode under NHO-Gen Pkg-3,,Jammu and Kashmir,Ministry of Road Transport & Highways,Roads & Highways,03/2021,07/2021,12/2022,08/2025,398.51,398.51,120.09,98.55,FlashReport_July_2026 (1).pdf,106
2026-07,1001.0,618406,Up-gradation to 4-lane with Paved Shoulder of Jammu-Akhnoor road section of NH- 144A from Ganesh Vihar Km 6.000 to Khati Chowk Km 26.350 in UT of Jammu and Kashmir on EPC basis Pkg-3A,,Jammu and Kashmir,Ministry of Road Transport & Highways,Roads & Highways,03/2018,07/2019,07/2021,11/2026,322.49,322.49,398.19,92.5,FlashReport_July_2026 (1).pdf,106
2026-07,1002.0,618407,Jammu-Akhnoor Road Pkg-I,,Jammu and Kashmir,Ministry of Road Transport & Highways,Roads & Highways,03/2018,01/2023,01/2025,10/2026,245.3,245.3,115.21,75.29,FlashReport_July_2026 (1).pdf,106
2026-07,1003.0,618494,Delhi-Amritsar-Katra Expressway Phase-II Pkg-XV [Junction with Hiranagar Road near village Gurha Baildaran to Junction with Jammu Ring Road NH-244A near Jakh village from Km 468100 to Km 503250],,Jammu and Kashmir,Ministry of Road Transport & Highways,Roads & Highways,10/2021,09/2022,09/2024,12/2026,2714.95,3716.56,1846.59,90.01,FlashReport_July_2026 (1).pdf,106
2026-07,1004.0,618495,4/6L Access Control Expressway from Design Chainage Km 515.000 to 528.300 Kunjwani to Sidhra Section of NH-44 and from Design Chainage Km 550.900 to Km 566.520 Domel to Katra Section Phase II-Package XVII,,Jammu and Kashmir,Ministry of Road Transport & Highways,Roads & Highways,06/2022,06/2023,06/2025,11/2027,2894.74,2894.74,1016.96,66.74,FlashReport_July_2026 (1).pdf,107
2026-07,1005.0,618496,Delhi-Amritsar-Katra Expressway Phase-II Pkg-XVI Existing Jakh Vijaypur-Kunjwani section of NH-44 including spur Connectivity to Jammu Airport NH-144A [Km 503500 to km 514500],,Jammu and Kashmir,Ministry of Road Transport & Highways,Roads & Highways,09/2021,09/2022,09/2024,09/2026,1821.72,2522.56,1238.6,94.14,FlashReport_July_2026 (1).pdf,107
2026-07,1006.0,618497,Delhi Amritsar Katra Expressway Phase-II Pkg XVIII Development and Upgradation of Four lane Access Control Expressway from Design Chainage KM 530.00 to KM 545.300 Sidhra to Domel Section of NH-44,,Jammu and Kashmir,Ministry of Road Transport & Highways,Roads & Highways,12/2022,11/2023,11/2025,06/2027,1025.73,975.38,631.2,70.17,FlashReport_July_2026 (1).pdf,107
2026-07,1007.0,618541,4L Ring road/bypass around Srinagar city from km 0.000 to km 42.100 Phase-I,,Jammu and Kashmir,Ministry of Road Transport & Highways,Roads & Highways,03/2021,08/2021,02/2024,10/2026,2919.96,2604.76,1832.29,89.0,FlashReport_July_2026 (1).pdf,107
2026-07,1008.0,618542,4L of existing Wayul Ganderbal Pandach Soura section of old NH-1 as a part of Srinagar Ring Road Phase IIA,,Jammu and Kashmir,Ministry of Road Transport & Highways,Roads & Highways,12/2024,05/2026,05/2028,05/2028,827.98,827.98,265.02,0.02,FlashReport_July_2026 (1).pdf,107
2026-07,1009.0,618543,4L of twin tube tunnel configuration including approaches from Marog to Digdol from Km.154.210 to Km.158.650 North Bound and from Km.155.940 to Km.160.260 South Bound of Ramban to Banihal Pkg-I of Old NH-1A New NH-44,,Jammu and Kashmir,Ministry of Road Transport & Highways,Roads & Highways,07/2021,08/2022,08/2025,12/2027,1912.17,1034.3,406.09,30.5,FlashReport_July_2026 (1).pdf,107
2026-07,1010.0,618544,"4L twin tube tunnel including approaches from Digdol to Khuni Nallah North Bound connecting with existing major bridge on NB and South Bound connecting with Tunnel T4 ,Single tube tunnel of Ramban to Banihal Pkg-II of Old NH-1A New NH-44",,Jammu and Kashmir,Ministry of Road Transport & Highways,Roads & Highways,07/2021,02/2022,06/2024,09/2026,1401.87,1020.99,1054.8,87.1,FlashReport_July_2026 (1).pdf,107
2026-07,1011.0,618545,"4L of Km.165.092 to Km.171.855 North Bound and from Km.166.895 to Km.173.638 South Bound, excl. certain reaches of North Bound and South Bound of Ramban to Banihal Pkg-III of Old NH-1A New NH-44",,Jammu and Kashmir,Ministry of Road Transport & Highways,Roads & Highways,07/2021,02/2022,08/2024,06/2027,614.48,444.76,306.05,42.8,FlashReport_July_2026 (1).pdf,107
2026-07,1012.0,618547,2L NH-1 from km 8.660 to km 33.775 Sumbal to Wayul to 4L dual carriageway NH standard as part of Srinagar Ring Road PhaseII [Design Ch. 41.907 to Ch. 66.609],,Jammu and Kashmir,Ministry of Road Transport & Highways,Roads & Highways,11/2022,12/2023,06/2026,06/2027,961.0,643.64,474.55,55.02,FlashReport_July_2026 (1).pdf,107
2026-07,1013.0,618549,Construction of twin tube tunnels on Jammu Kashmir Ring Road NH-244A Between Design Ch. 50600 to 51700 and design Ch. 53535 to 55700 on EPC mode under residual NHDP component of Bharatmala Pariyojna,,Jammu and Kashmir,Ministry of Road Transport & Highways,Roads & Highways,11/2022,06/2023,06/2025,12/2026,242.65,731.59,677.47,83.87,FlashReport_July_2026 (1).pdf,107
2026-07,1014.0,618550,Corridor Efficiency Improvement including removal of black spots in Lakhanpur - Samba section of NH-44 from Chainage Km. 16.300 to Km. 74.100,,Jammu and Kashmir,Ministry of Road Transport & Highways,Roads & Highways,06/2022,12/2022,06/2024,12/2026,855.74,215.68,203.55,74.63,FlashReport_July_2026 (1).pdf,107
2026-07,1015.0,618967,Upgradation and Strengthening of Chenani to Nashri Section via Patnitop of NH244 from Km 0.000 to Km 39.100,,Jammu and Kashmir,Ministry of Road Transport & Highways,Roads & Highways,03/2024,08/2024,08/2026,03/2027,295.06,295.06,176.25,64.88,FlashReport_July_2026 (1).pdf,107
2026-07,1016.0,619038,Construction/upgradation to 2-lane with paved shoulder from Design Km 95.55 Bandarkoot to Km. 111.06 Chattroo of 15.52 Km length on Khellani-Kishtwar-Chattroo section on NH-244 in UT of Jammu and Kashmir on EPC Mode Pkg-5,,Jammu and Kashmir,Ministry of Road Transport & Highways,Roads & Highways,03/2021,08/2021,02/2023,03/2026,497.09,497.09,270.82,99.97,FlashReport_July_2026 (1).pdf,107
2026-07,1017.0,618060,Widening and Strengthening of existing paveemnt to two lane with paved shoulders from km 116.00 to km 176.355 of NH-75E in the State of Jharkhand on EPC mode.,MoRTH,Jharkhand,Ministry of Road Transport & Highways,Roads & Highways,01/2022,01/2023,07/2024,10/2026,315.21,315.21,162.16,89.0,FlashReport_July_2026 (1).pdf,107
2026-07,1018.0,618083,Construction of byepass around Lohardaga town of NH-143A in the Sate of Jharkhand under EPC mode.,MoRTH,Jharkhand,Ministry of Road Transport & Highways,Roads & Highways,02/2022,01/2024,01/2026,09/2026,458.78,458.78,2.32,5.0,FlashReport_July_2026 (1).pdf,107
2026-07,1019.0,618084,Widening to 2-lane with paved shoulder from km 0.00 to 44.00 Kuru-Ghaghra section of NH-143A including re-construction of culverts and bridges.,MoRTH,Jharkhand,Ministry of Road Transport & Highways,Roads & Highways,02/2020,08/2021,08/2023,10/2026,153.01,133.67,100.77,95.0,FlashReport_July_2026 (1).pdf,107
2026-07,1020.0,618127,Construction of 2- Lane with paved shoulder from km 56.45 Dharampur More to 93.050 Pakur of NH-333A in the State of Jharkhand on EPC mode,MoRTH,Jharkhand,Ministry of Road Transport & Highways,Roads & Highways,03/2023,11/2025,05/2027,05/2027,255.73,255.73,10.06,15.0,FlashReport_July_2026 (1).pdf,107
2026-07,1021.0,618242,Widening and Reconstruction to 4-lane/4-lane with service road including structures from Pokharia More at Km 47.600 Ex. Km 50.230 to Govindpur at km 62.949 Ex. Km 65.325 of Nh-419 in the State of Jharkhand on EPC mode.,MoRTH,Jharkhand,Ministry of Road Transport & Highways,Roads & Highways,05/2022,01/2024,01/2026,01/2027,300.46,300.46,94.18,54.54,FlashReport_July_2026 (1).pdf,108
2026-07,1022.0,618534,Construction of Six lane elevated flyover including reconstruction/rehabilitation of existing pavement from Km 426230 to Km 430500 Length 4.27 Km at Nirsa in the Barwa Adda Panagarh section of NH-19 from Km.398.240 to Km.521.120 including Panagarh Bypass in the State of Jharkhand on EPC Mode.,,Jharkhand,Ministry of Road Transport & Highways,Roads & Highways,01/2025,02/2026,08/2028,08/2028,470.75,470.75,0.93,0.0,FlashReport_July_2026 (1).pdf,108
2026-07,1023.0,618535,Construction of Six lane elevated flyover including reconstruction/rehabilitation of existing pavement from Km 406100 to Km 411150 Length 5.05 Km at Gobindpur area in the Barwa Adda Panagarh section of NH-19 from Km.398.240 to Km.521.120 including Panagarh Bypass in the State of Jharkhand on EPC Mode.,,Jharkhand,Ministry of Road Transport & Highways,Roads & Highways,01/2025,09/2025,03/2028,03/2028,687.77,442.52,67.84,19.91,FlashReport_July_2026 (1).pdf,108
2026-07,1024.0,618641,4 Lane of CG/JH Border-Gumla from km 0.000 to km 32.370 of NH-43 in the State of Jhrkhand,,Jharkhand,Ministry of Road Transport & Highways,Roads & Highways,08/2024,02/2026,02/2028,02/2028,1325.8,1325.8,293.4,9.76,FlashReport_July_2026 (1).pdf,108
2026-07,1025.0,618642,4L of Palma to Gumla from km. 26.00 to km. 89.170 of NH-23,,Jharkhand,Ministry of Road Transport & Highways,Roads & Highways,03/2020,04/2022,03/2024,09/2026,1882.93,1895.75,1371.55,99.9,FlashReport_July_2026 (1).pdf,108
2026-07,1026.0,618644,4L of Ormanjhi-Gola section from Km 81.450 to Km 53.600 of NH- 320BPKG-II,,Jharkhand,Ministry of Road Transport & Highways,Roads & Highways,02/2022,06/2023,06/2025,12/2026,1214.93,1462.19,993.6,86.57,FlashReport_July_2026 (1).pdf,108
2026-07,1027.0,618645,4L of Gola-BokaroJaina More section from Km 53.600 to Km 21.110 of NH-320PKG-1,,Jharkhand,Ministry of Road Transport & Highways,Roads & Highways,02/2022,06/2023,06/2025,10/2026,1007.97,1030.64,617.85,78.1,FlashReport_July_2026 (1).pdf,108
2026-07,1028.0,618729,6 Lane Greenfield Varanasi- Ranchi- Kolkata Highway from Donoreshan village to junction with NH-20 in Bongabar village from km 288.600 to km 325.500 Pkg -11,,Jharkhand,Ministry of Road Transport & Highways,Roads & Highways,03/2023,07/2026,07/2028,07/2028,1856.12,1856.12,261.78,0.0,FlashReport_July_2026 (1).pdf,108
2026-07,1029.0,618730,6 Lane Greenfield Varanasi- Ranchi- Kolkata Highway from Deoria village to Donoreshan village from km 253.000 to km 288.600 Pkg -10,,Jharkhand,Ministry of Road Transport & Highways,Roads & Highways,03/2023,05/2026,05/2028,05/2028,1546.27,1546.27,183.44,5.65,FlashReport_July_2026 (1).pdf,108
2026-07,1030.0,618731,6 Lane Greenfield Varanasi- Ranchi- Kolkata Highway from Chatra to junction with NH- 100 in Deoria village from km 222.000 to km 253.000 Pkg -9,,Jharkhand,Ministry of Road Transport & Highways,Roads & Highways,03/2023,07/2026,07/2028,07/2028,1418.16,1418.16,143.72,0.0,FlashReport_July_2026 (1).pdf,108
2026-07,1031.0,618733,6L Greenfield Varanasi- Ranchi- Kolkata Highway from junction with NH-20 in Bongabar village to junction with NH-30 in Lepo village from km 325.500 to km 358.500 Pkg -12,,Jharkhand,Ministry of Road Transport & Highways,Roads & Highways,03/2023,07/2026,07/2028,07/2028,1525.52,1525.52,218.28,0.1,FlashReport_July_2026 (1).pdf,108
2026-07,1032.0,618736,4L Elevated corridor of Kalimandir-Dimna Chowk-Baliguma Jamshedpur Section of NH-33 New NH-18 from km 241940 to km 251961 Length 10.021 km,,Jharkhand,Ministry of Road Transport & Highways,Roads & Highways,03/2024,09/2024,03/2027,03/2027,936.26,832.2,328.76,49.5,FlashReport_July_2026 (1).pdf,108
2026-07,1033.0,618737,Grade separated Interchanges at Km. 113.730 junction with Ranchi Hazaribagh Road & Km. 139.225 junction with Ranchi Jamshedpur road on 4L Ranchi Bypass of NH-33,,Jharkhand,Ministry of Road Transport & Highways,Roads & Highways,01/2025,12/2025,12/2027,12/2027,303.53,5.58,4.98,0.0,FlashReport_July_2026 (1).pdf,108
2026-07,1034.0,618830,4L from Km 147.450 Bhogu to Km 196.870 Sankha on NH-75 Sec-III,,Jharkhand,Ministry of Road Transport & Highways,Roads & Highways,10/2022,11/2023,11/2025,03/2027,1517.87,1652.09,1131.52,76.95,FlashReport_July_2026 (1).pdf,108
2026-07,1035.0,618831,4L from Km 95.400 Udaipura to Km 147.450 Bhogu on NH-75 Sec-II,,Jharkhand,Ministry of Road Transport & Highways,Roads & Highways,03/2023,10/2024,10/2026,03/2027,1436.8,1301.54,419.62,29.2,FlashReport_July_2026 (1).pdf,108
2026-07,1036.0,618832,4L from Km 55.00 Kuru to Km 95.400 Udaipura on NH-75 Sec-I,,Jharkhand,Ministry of Road Transport & Highways,Roads & Highways,02/2024,01/2026,01/2028,01/2028,1274.82,1274.82,253.64,11.1,FlashReport_July_2026 (1).pdf,108
2026-07,1037.0,618863,Barhi-Koderma Section of NH31 km 0.00 - km 27.5,,Jharkhand,Ministry of Road Transport & Highways,Roads & Highways,02/2017,11/2019,08/2024,08/2026,662.44,826.59,825.2,98.5,FlashReport_July_2026 (1).pdf,108
2026-07,1038.0,618947,4L of NH-80 from km 215.00 to km 260.00 Mirza Chauki to Farkka Pkg-I,,Jharkhand,Ministry of Road Transport & Highways,Roads & Highways,03/2018,12/2021,07/2023,10/2026,1504.8,1508.21,1038.65,91.83,FlashReport_July_2026 (1).pdf,108
2026-07,1039.0,618949,4L of Basukinath- Deoghar Section of NH-114A,,Jharkhand,Ministry of Road Transport & Highways,Roads & Highways,09/2022,12/2023,12/2025,08/2026,1444.94,1553.76,781.51,90.53,FlashReport_July_2026 (1).pdf,108
2026-07,1040.0,618950,Construction of Bypass to NH-114A Connecting NH-333 and NH-133 Deoghar Bypass from design km 0.000 to design Km 49.000,,Jharkhand,Ministry of Road Transport & Highways,Roads & Highways,11/2024,01/2026,01/2028,01/2028,1565.47,1565.47,106.04,12.0,FlashReport_July_2026 (1).pdf,109
2026-07,1041.0,619005,Construction of bypass around Chatra Town on NH-22 old NH-99 in the state of Jharkhand under EPC Mode,MoRTH,Jharkhand,Ministry of Road Transport & Highways,Roads & Highways,03/2023,01/2026,01/2028,01/2028,235.42,199.2,0.86,13.0,FlashReport_July_2026 (1).pdf,109
2026-07,1042.0,617935,"Construction of Elevated corridor from Km. 135.650 to 136.300 on 63, from Km. 249 to Km. 250.050 on old NH-4 and from Km. 192.910 to Km. 193.350 on NH-218 from decongestion of traffic in Ranichennamma circle in Hubli city in the state of Karnataka on EPC basis",MoRTH,Karnataka,Ministry of Road Transport & Highways,Roads & Highways,08/2020,06/2021,06/2024,11/2026,298.0,349.49,232.09,65.0,FlashReport_July_2026 (1).pdf,109
2026-07,1043.0,617950,Construction of Srinivasapura Bypass from existing Km 453.890 Design Ch. 0000 to existing Km 461.450 Design Ch 10080 on NH-69 in the State of Karnataka Under NH O in EPC mode under Annual Plan 2022-23 NH-69-KNT-2022-23-966 dated 22.11.2022,MoRTH,Karnataka,Ministry of Road Transport & Highways,Roads & Highways,11/2022,07/2025,01/2027,01/2027,204.42,204.42,9.76,22.0,FlashReport_July_2026 (1).pdf,109
2026-07,1044.0,617951,Construction of Chintamani Bypass from Design Ch.0000 Existing Ch.428880 to Design Ch.15400 Existing Ch.444010 on NH-69 in the State of Karnataka in EPC Mode under NHO Annual Plan 2022-23. NH-69-KNT-2022-23-989 dated 24.03.2023,MoRTH,Karnataka,Ministry of Road Transport & Highways,Roads & Highways,03/2023,01/2026,07/2027,07/2027,314.55,314.55,7.02,14.0,FlashReport_July_2026 (1).pdf,109
2026-07,1045.0,617955,Widening to two lane with paved Shoulders from Km 40.00 to Km 75.00 Existing chainages of Mangalore - Tumkur section of NH-73 in the State of Karnataka on EPC Mode under Annual Plan 2021-22 Job No NH-73-KNT-2021-22-945,MoRTH,Karnataka,Ministry of Road Transport & Highways,Roads & Highways,03/2022,03/2023,03/2025,12/2026,718.52,718.52,312.83,85.0,FlashReport_July_2026 (1).pdf,109
2026-07,1046.0,617989,Construction of Major Bridge at Km.180.865 across river Krishna on NH 167 Hagari Jadcherla section,MoRTH,Karnataka,Ministry of Road Transport & Highways,Roads & Highways,03/2019,05/2019,11/2021,04/2027,157.32,187.61,103.33,69.0,FlashReport_July_2026 (1).pdf,109
2026-07,1047.0,617997,Widening of existing 2 lane to 4 lane with paved shoulder from Designed km 25.15 to km 56.70 Except Km 52.70 to 53.50 of NH-169 Nellisara Camp to Thirthahalli of NH- 169 on Shimoga-Mangalore section in the state of Karnataka on EPC mode under Annual plan 2022-23 NH-169-KNT-2022-23-978 dated 08.03.2023,MoRTH,Karnataka,Ministry of Road Transport & Highways,Roads & Highways,03/2023,02/2026,02/2028,02/2028,538.71,538.71,20.63,6.0,FlashReport_July_2026 (1).pdf,109
2026-07,1048.0,617998,Widening to existing 2 lane with paved Shoulder to 4 Lane with paved shoulder from design Km 153.00 to 168.27 Mala Gate to Karkala of NH -169 on Shimoga - Mangalore section in the state of Karnataka on EPC mode under Annula Plan 2021-22 Job No. NH-169-KNT-2021-22-949,MoRTH,Karnataka,Ministry of Road Transport & Highways,Roads & Highways,03/2022,02/2023,02/2025,11/2026,177.94,177.94,115.6,83.0,FlashReport_July_2026 (1).pdf,109
2026-07,1049.0,617999,Widening to 2LPS from Km 67 to Km 115 on Kadur-Hosadurga section NH 173 in the state of Karnataka NH-173-KNT-2022-23-980 dated 13.03.2023,MoRTH,Karnataka,Ministry of Road Transport & Highways,Roads & Highways,03/2023,10/2024,05/2026,04/2027,471.62,471.62,91.74,69.54,FlashReport_July_2026 (1).pdf,109
2026-07,1050.0,618000,Widening to 2-Lane with Paved Shoulders from Km 116.800 to 149.070Design Changes on Hosadurga - Holalkere Section of NH-173 in the State of Karnataka on EPC mode under Annual Plan 2021-22 Job no. NH-173-KNT-2021-22-946,MoRTH,Karnataka,Ministry of Road Transport & Highways,Roads & Highways,03/2022,10/2022,02/2024,06/2026,170.34,147.39,111.33,100.0,FlashReport_July_2026 (1).pdf,109
2026-07,1051.0,618027,Widening to 2LPS from Km 71.00 to 104.00 Existing chainages Sarjapur to Pattadkallu on Bhanapur to Gaddanakeri section NH-367 in the State of Karnataka under NHO on EPC mode under Annual Plan 2022-23 NH-367-KNT-2022-23-972 dated 08.02.2023,MoRTH,Karnataka,Ministry of Road Transport & Highways,Roads & Highways,02/2023,03/2024,03/2026,12/2026,445.62,445.62,198.15,90.0,FlashReport_July_2026 (1).pdf,109
2026-07,1052.0,618028,"Construction of Bypass at Kuknoor, Yelburga, Gajendragada of Bhanapur Gaddanakeri section of NH-367 in the State of Karnataka under NHO on EPC mode under Annual Plan 2022-23. NH-367-KNT-2022-23-973 dated 08.02.2023",MoRTH,Karnataka,Ministry of Road Transport & Highways,Roads & Highways,02/2023,06/2025,06/2027,06/2027,333.96,333.96,63.62,36.0,FlashReport_July_2026 (1).pdf,109
2026-07,1053.0,618029,Widening to 4 lane from Km. 133.00 to 158.04 design Chainage Km. 130.88 to 155.145 Shirur Cross to Gaddankeri of NH-367 in the State of Karnataka on EPC mode. Job No. NH-367-KNT-2021-22-930,MoRTH,Karnataka,Ministry of Road Transport & Highways,Roads & Highways,01/2022,01/2023,01/2025,03/2027,350.69,312.06,203.12,83.33,FlashReport_July_2026 (1).pdf,109
2026-07,1054.0,618031,Balance work of Construction of Two/Four lane with paved shoulder from Km 422.000 to 523.600 Chitradurga to Shivamogga of NH-13 in the state of Kanataka on EPC mode.,MoRTH,Karnataka,Ministry of Road Transport & Highways,Roads & Highways,01/2021,12/2021,12/2025,08/2026,516.96,516.96,121.75,98.0,FlashReport_July_2026 (1).pdf,109
2026-07,1055.0,618086,"Widening to Two Lane with Paved Shoulders from KB Cross to Chunchanahalli ie., Design Ch. 485240 Km Existing Km 494.000 to Design Ch. 523393 Km Existing km 533.152 & From Design Ch. 530393 Existing Km 540.175 to Design Ch. 534476 Existing Km 544.200 at Nelligere of NH-150A on EPC mode under Annual Plan 2022-23 NH-150A-KNT-2022-23-977 dated 08.03.2023",MoRTH,Karnataka,Ministry of Road Transport & Highways,Roads & Highways,03/2023,07/2025,01/2027,01/2027,617.28,617.28,8.03,48.5,FlashReport_July_2026 (1).pdf,110
2026-07,1056.0,618087,Widening to intermediate/two lane to 2 lane with paved shoulder from Existing chanages Km 112.750 to 142.00 Liingasur to Mudabal cross & from Km. 147.070 to Km. 149.070 Maski city limit of Jewargi Chamrajnagar setion of NH-150A in the state of Karnataka on EPC mode. Job No. NH-150A-KNT-2021-22-951,MoRTH,Karnataka,Ministry of Road Transport & Highways,Roads & Highways,03/2022,01/2023,07/2024,08/2026,255.88,255.88,185.27,96.0,FlashReport_July_2026 (1).pdf,110
2026-07,1057.0,618095,Widening to Two Lane with Paved Shoulders from Km 0.00 Design Chainage 0.00 to Km 23.338 Design Chainage 23310 of NH-166E MH/KNT Border- Kanamadi- Bijjargi- Tikota section in the state of Karnataka in EPC Mode under Annual plan 2022-23 NH- 166E-KNT-2022-23-974,MoRTH,Karnataka,Ministry of Road Transport & Highways,Roads & Highways,02/2023,09/2024,03/2026,03/2027,196.05,196.05,72.94,75.0,FlashReport_July_2026 (1).pdf,110
2026-07,1058.0,618109,Widening to 4 lane from Km 51.60 to 76.20 Hebri to Parkala and from Km 85.20 to 88.90 Karavali junction to Malpe of Thirthahalli-Udupi-Malpe Section of NH-169A in the State of Karnataka on EPC Mode under Annual plan 2021-22 Job No. NH-169A- KNT-2021-22-927,MoRTH,Karnataka,Ministry of Road Transport & Highways,Roads & Highways,01/2022,12/2022,12/2024,11/2026,355.72,355.72,217.46,88.33,FlashReport_July_2026 (1).pdf,110
2026-07,1059.0,618147,Widening to 2 Lane with Paved Shoulders from design Km 103.200 Existing Km 103.200 to design Km 116.700 Existing Km 118.470 on AP/KNT Border to Sira Section of NH-544E in the State of Karnatakaon EPC mode under Annual plan 2022- 23,MoRTH,Karnataka,Ministry of Road Transport & Highways,Roads & Highways,01/2023,03/2024,09/2025,08/2026,166.58,166.58,46.69,65.0,FlashReport_July_2026 (1).pdf,110
2026-07,1060.0,618148,Widening to 4LPS of NH-548B from Km 80.000 Near Murgundi to Km 140.200 Near Chikkodi excluding length from Km 118.450 to Km 128.450 in the State of Karnataka under NH O on EPC Mode under Annual Plan 2022-23 - Package 1 NH-548B-KNT- 2022-23-979 dated 09.03.2023,MoRTH,Karnataka,Ministry of Road Transport & Highways,Roads & Highways,03/2023,04/2026,04/2028,04/2028,785.79,785.79,6.15,0.0,FlashReport_July_2026 (1).pdf,110
2026-07,1061.0,618149,Widening to two lane with paved shoulders from Km 0.00 to 102.310 Design Chainage of NH-548B Murrum-Maharashtra Border in the State of Karnataka,MoRTH,Karnataka,Ministry of Road Transport & Highways,Roads & Highways,02/2023,01/2025,01/2027,01/2027,957.09,957.09,288.23,60.21,FlashReport_July_2026 (1).pdf,110
2026-07,1062.0,618151,Widening to 4LPS of NH-548B from Km 118.450 Near Shirguppi to Km 128.450 Near Ankali in the State of Karnataka under NH O on EPC Mode Under Annual Plan 2022- 23 NH-548B-KNT-2022-23-982,MoRTH,Karnataka,Ministry of Road Transport & Highways,Roads & Highways,03/2023,05/2026,05/2029,,1084.29,1084.29,1.71,0.0,FlashReport_July_2026 (1).pdf,110
2026-07,1063.0,618184,Construction of 2 Lane with paved shoulder from km 55.6 to km 90.7 existing chainages of NH-766C complete Realignment of 13.76 km with 2 major Bridges across Sharavathi Backwaters on EPC mode under Annual Plan 2022-23 in the state of Karnataka NH-766C-KNT-2022-23 dated 14.10.2022,MoRTH,Karnataka,Ministry of Road Transport & Highways,Roads & Highways,01/2023,02/2024,02/2026,12/2027,313.56,313.56,160.08,65.0,FlashReport_July_2026 (1).pdf,110
2026-07,1064.0,618185,Widening to 2LPS from Km 0.000 to 37.850 Except Ex. Km 24.45 to 27.20 of NH-766c Byndoor-Ranebennur Section in the state of Karnataka on EPC Mode under Annual Plan 2022-23 NH-766C-KNT-2022-23-969 dated 30.12.2022,MoRTH,Karnataka,Ministry of Road Transport & Highways,Roads & Highways,12/2022,08/2025,08/2027,08/2027,394.95,394.95,15.68,12.0,FlashReport_July_2026 (1).pdf,110
2026-07,1065.0,618189,Widening to two lane with paved shoulder of NH-73New spur road Ujire - Dharmasthala - Periyashanthi in the State of Karnataka under NHO on HAM Mode Job No. NH-73Spur-KNT-2023-24-996,MoRTH,Karnataka,Ministry of Road Transport & Highways,Roads & Highways,01/2024,11/2025,11/2027,11/2027,613.65,613.65,66.04,25.18,FlashReport_July_2026 (1).pdf,110
2026-07,1066.0,618517,4/6L of Bangalore - Pune Section of bypass connecting Dharwad - Hubli from km. 403.80 to km. 433.20,,Karnataka,Ministry of Road Transport & Highways,Roads & Highways,12/2021,03/2023,09/2025,05/2027,1135.39,763.36,744.42,83.19,FlashReport_July_2026 (1).pdf,110
2026-07,1067.0,618518,Davanagere - Haveri of NH-48 Old NH-4 from km. 260.00 to km. 338.923,,Karnataka,Ministry of Road Transport & Highways,Roads & Highways,01/2017,01/2018,07/2020,12/2026,1454.67,1805.84,1273.5,98.87,FlashReport_July_2026 (1).pdf,110
2026-07,1068.0,618520,4L of km 0.00 to km 42.00 of Dobbaspet to Doddaballapura Bypass section of NH-648 old NH-207] [Bangalore Ring Road Pkg 1],,Karnataka,Ministry of Road Transport & Highways,Roads & Highways,08/2020,04/2021,04/2023,09/2026,1438.74,1786.57,1294.84,99.2,FlashReport_July_2026 (1).pdf,110
2026-07,1069.0,618630,6L of MH/KN Border Nimbal Village to KN/TS Border Singnodi Village from Km. 26.000 to Km. 97.000 in Gulbarga of NH-150C Pkg-II,,Karnataka,Ministry of Road Transport & Highways,Roads & Highways,02/2022,12/2022,06/2025,12/2026,2355.56,1923.3,1012.1,81.35,FlashReport_July_2026 (1).pdf,110
2026-07,1070.0,618649,4 Lane with PS from Des. Ch 228.500 to Des. Ch. 273.400 of Belgaum-Hungund- Raichur Section of NH 748 A Package-6,,Karnataka,Ministry of Road Transport & Highways,Roads & Highways,03/2023,11/2024,11/2026,06/2027,1246.15,1012.78,399.31,53.8,FlashReport_July_2026 (1).pdf,111
2026-07,1071.0,618650,4 Lane with PS from Des. Ch 89.900 to Des. Ch. 136.100 of Belgaum-Hungund- Raichur Section of NH-748A Package-3,,Karnataka,Ministry of Road Transport & Highways,Roads & Highways,01/2024,04/2025,04/2027,02/2028,1363.9,1219.62,306.09,24.5,FlashReport_July_2026 (1).pdf,111
2026-07,1072.0,618651,4 Lane with PS from Des. Ch 43.800 to Des. Ch. 89.900 of Belgaum-Hungund- Raichur Section of NH-748A Package-2,,Karnataka,Ministry of Road Transport & Highways,Roads & Highways,02/2024,03/2025,02/2027,07/2027,1427.88,1293.94,594.55,58.7,FlashReport_July_2026 (1).pdf,111
2026-07,1073.0,618697,4LPS Access Controlled Highway of Bellary Bypass Balance work from Ch. 254750 to Ch. 266837 and construction of 4LPS from Ch. 277.690 to Ch. 278.690 at D. Hirehal Village Balance work of NH 150A of Bellary Byrapura Section,,Karnataka,Ministry of Road Transport & Highways,Roads & Highways,02/2024,08/2024,07/2026,10/2027,626.01,284.05,113.26,38.97,FlashReport_July_2026 (1).pdf,111
2026-07,1074.0,618702,4L of Addahole Near Gundya to Bantwal Cross section Pkg-02 from Design Km 270.270 to Design km 318.55 including flyover at Kalladka Town including approaches from Km. 311.57 to Km. 313.67 of NH-75 Old NH-48,,Karnataka,Ministry of Road Transport & Highways,Roads & Highways,12/2020,11/2021,11/2023,04/2027,1660.19,1318.24,1452.0,94.21,FlashReport_July_2026 (1).pdf,111
2026-07,1075.0,618706,Bangalore-Nidagatta Pkg. I,,Karnataka,Ministry of Road Transport & Highways,Roads & Highways,02/2018,05/2019,11/2021,09/2026,3496.01,4087.42,4315.21,99.19,FlashReport_July_2026 (1).pdf,111
2026-07,1076.0,618707,Additional works under BM1 to ensure road safety under 6L of Bengaluru Mysuru Access control with close toll from Km.17.300 to Km.136.300 of NH-275,,Karnataka,Ministry of Road Transport & Highways,Roads & Highways,11/2024,01/2026,01/2028,05/2028,738.37,738.37,32.83,12.67,FlashReport_July_2026 (1).pdf,111
2026-07,1077.0,618709,4L of Left-Over Works of Hospet-Bellary -Karnataka/AP border from Km.280.080 Dec.Ch. to Km.375450Des.Ch. of NH-63 New-67,,Karnataka,Ministry of Road Transport & Highways,Roads & Highways,03/2023,05/2023,05/2025,04/2028,1340.15,992.6,929.02,92.51,FlashReport_July_2026 (1).pdf,111
2026-07,1078.0,618799,Belakeri Port to Kumta - Sirsi road from km 0.00 - km 4.265 of Belekeri Port Road Link Rd. and km 4.965 - km 60.00 of SH-69,,Karnataka,Ministry of Road Transport & Highways,Roads & Highways,03/2018,12/2020,12/2022,11/2026,440.16,456.79,471.12,95.23,FlashReport_July_2026 (1).pdf,111
2026-07,1079.0,618870,4L PS from near Hemmige Village Periyapatna - Hassan Road Jn. to near Hunsur - KR Nagar Jn section from Km. 144.900 to Km. 169.000 of NH-275 Pkg. III,,Karnataka,Ministry of Road Transport & Highways,Roads & Highways,02/2023,04/2025,04/2027,01/2028,883.62,1726.65,447.11,27.8,FlashReport_July_2026 (1).pdf,111
2026-07,1080.0,618871,4L PS from Near Guddehosur to Start of Kushalnagara Bypass to near Hemmige Village Periyapatna - Hassan Road Jn from Km. 122.200 to Km. 144.900 of NH-275 Pkg. II,,Karnataka,Ministry of Road Transport & Highways,Roads & Highways,02/2023,12/2025,12/2027,05/2028,909.86,896.42,325.85,14.53,FlashReport_July_2026 (1).pdf,111
2026-07,1081.0,618872,4L PS from near Hunsur - KR Nagar Junction to near Yalachahalli village KR Nagara - Yelawala Road Junction fcrom Km 169.000 to Km 195.550 of NH-275 Pkg-IV,,Karnataka,Ministry of Road Transport & Highways,Roads & Highways,02/2023,04/2025,04/2027,03/2028,1062.76,952.03,272.55,19.58,FlashReport_July_2026 (1).pdf,111
2026-07,1082.0,618873,4L PS from near Yalachahalli village KR Nagara - Yelawala Road junction to Srirangapatna Bypass Near Paschima Vahini from km 195.550 to Km 214.535 of NH- 275 Pkg-V,,Karnataka,Ministry of Road Transport & Highways,Roads & Highways,01/2023,04/2025,04/2027,04/2028,1272.71,1203.2,462.59,17.36,FlashReport_July_2026 (1).pdf,111
2026-07,1083.0,618887,4L of Bettadahalli- Shivamogga section from Km.170.415 to km. 226.750 of NH-206 Tumkur- Shivamogga Pkg-IV,,Karnataka,Ministry of Road Transport & Highways,Roads & Highways,01/2019,10/2021,10/2023,03/2027,2082.98,2545.11,1645.24,84.25,FlashReport_July_2026 (1).pdf,111
2026-07,1084.0,618896,4L of Sannur to Bikarnakatte section from Km 691.350 to Km 736.362 of NH-169 Karkala - Mangalore Package-III,,Karnataka,Ministry of Road Transport & Highways,Roads & Highways,03/2021,10/2022,10/2024,04/2027,1386.41,2038.71,1251.68,76.1,FlashReport_July_2026 (1).pdf,111
2026-07,1085.0,619065,4L Expressway from Km 26.400 to km 53.500 of Malur to Bangarpet section of Bangalore-Chennai Expressway Phase-I Package-II,,Karnataka,Ministry of Road Transport & Highways,Roads & Highways,12/2020,09/2021,09/2023,09/2026,1745.0,1729.63,1103.49,99.8,FlashReport_July_2026 (1).pdf,111
2026-07,1086.0,619071,Tumkur - Nelamangala 6L,,Karnataka,Ministry of Road Transport & Highways,Roads & Highways,03/2021,08/2022,08/2025,03/2027,2032.15,1664.2,1086.24,61.36,FlashReport_July_2026 (1).pdf,111
2026-07,1087.0,619072,Bangalore/TN border to Hoskote,,Karnataka,Ministry of Road Transport & Highways,Roads & Highways,02/2022,02/2023,02/2025,11/2026,1181.68,1297.76,1153.14,94.89,FlashReport_July_2026 (1).pdf,111
2026-07,1088.0,619073,4L of 42.000 to km 80.00 of Dodaballapur Bypass to Hoskote section of NH-648 Old NH-207 [Bangalore Ring Road Pkg 2],,Karnataka,Ministry of Road Transport & Highways,Roads & Highways,02/2020,02/2021,02/2023,09/2026,1317.74,1846.52,1367.2,99.2,FlashReport_July_2026 (1).pdf,112
2026-07,1089.0,619096,Goa / Karnataka Km.93.700 to Kundapur Km.283.30,,Karnataka,Ministry of Road Transport & Highways,Roads & Highways,07/2012,03/2014,08/2016,10/2026,1644.92,1990.99,1849.51,97.94,FlashReport_July_2026 (1).pdf,112
2026-07,1090.0,619106,4 Lane with PS from Des. Ch 182.300 to Des. Ch. 228.500 of Belgaum-Hungund- Raichur Section of NH 748 A Package-5,,Karnataka,Ministry of Road Transport & Highways,Roads & Highways,03/2023,11/2024,11/2026,08/2027,1141.88,868.65,255.41,40.63,FlashReport_July_2026 (1).pdf,112
2026-07,1091.0,619107,4 Lane with PS from Des. Ch 136.100 to Des. Ch. 182.300 of Belgaum-Hungund- Raichur Section of NH-748A Package-4,,Karnataka,Ministry of Road Transport & Highways,Roads & Highways,02/2024,09/2025,09/2027,04/2028,1311.41,1123.35,227.73,15.0,FlashReport_July_2026 (1).pdf,112
2026-07,1092.0,619108,4 Lane with PS from Des. Ch 0.000 to Des. Ch. 43.800 of Belgaum-Hungund-Raichur Section of NH-748A Package-1,,Karnataka,Ministry of Road Transport & Highways,Roads & Highways,02/2024,06/2025,06/2027,10/2027,1452.43,1256.55,490.31,40.21,FlashReport_July_2026 (1).pdf,112
2026-07,1093.0,619117,Hassan km 184.912 to Maranahally km 230.060 of NH - 75 in Karnataka,,Karnataka,Ministry of Road Transport & Highways,Roads & Highways,12/2015,03/2017,03/2019,08/2026,1021.57,1091.4,1068.91,97.8,FlashReport_July_2026 (1).pdf,112
2026-07,1094.0,619120,Nidagatta-Mysore Pkg II,,Karnataka,Ministry of Road Transport & Highways,Roads & Highways,02/2018,12/2019,06/2022,09/2026,2919.8,4113.89,3715.84,99.19,FlashReport_July_2026 (1).pdf,112
2026-07,1095.0,619138,Yekkambi-Haveri,,Karnataka,Ministry of Road Transport & Highways,Roads & Highways,09/2021,03/2022,03/2024,02/2028,294.62,309.9,94.8,24.7,FlashReport_July_2026 (1).pdf,112
2026-07,1096.0,619150,BRT Tiger Reserve Boundary Km.287.500 to Bangalore Section Km.458.420 of NH- 209 in Karnataka,,Karnataka,Ministry of Road Transport & Highways,Roads & Highways,04/2016,08/2017,08/2019,09/2026,2082.69,2859.93,2242.71,99.7,FlashReport_July_2026 (1).pdf,112
2026-07,1097.0,619164,Belgaum-Khanapur Pkg I Km 0.000-Km 30.800 of NH-4A,,Karnataka,Ministry of Road Transport & Highways,Roads & Highways,03/2018,03/2019,09/2021,03/2027,1214.3,1195.74,917.82,75.72,FlashReport_July_2026 (1).pdf,112
2026-07,1098.0,619211,6L of MH/KN Border Nimbal Village to KN/TS Border Singnodi Village from Km. 97.000 to Km. 162.500 in Yadgir of NH-150C Pkg-III,,Karnataka,Ministry of Road Transport & Highways,Roads & Highways,03/2022,04/2023,10/2025,11/2026,2104.7,2065.83,984.28,73.9,FlashReport_July_2026 (1).pdf,112
2026-07,1099.0,619214,4L of Channarayapatna Bypass and Hassan Bypass with structures in Devihalli - Hassan section,,Karnataka,Ministry of Road Transport & Highways,Roads & Highways,04/2020,01/2021,01/2023,10/2026,688.0,684.54,600.43,82.34,FlashReport_July_2026 (1).pdf,112
2026-07,1100.0,619218,4L Tumkur-Shimoga Pkg-I from Mallasandra to Karadi village of NH-206 from Km. 12.300 to Km. 65.195,,Karnataka,Ministry of Road Transport & Highways,Roads & Highways,02/2018,10/2019,10/2021,08/2026,1364.14,1692.12,1336.55,100.0,FlashReport_July_2026 (1).pdf,112
2026-07,1101.0,619219,4L of Tumkur-Shimoga Pkg-II from Km 65.195 Karadi to Km 121.900 Banawara of NH-206,,Karnataka,Ministry of Road Transport & Highways,Roads & Highways,02/2018,10/2019,10/2021,12/2026,1505.85,1989.89,1298.78,99.98,FlashReport_July_2026 (1).pdf,112
2026-07,1102.0,619220,Tumkur-Shimoga Pkg-III from Km 121.900 Banawara to Km 170.415 Bettadahalli of Old NH-206,,Karnataka,Ministry of Road Transport & Highways,Roads & Highways,02/2018,03/2021,03/2023,12/2026,1444.5,1834.81,872.97,98.0,FlashReport_July_2026 (1).pdf,112
2026-07,1103.0,618070,Widening to 2 Lanes with paved shoulders from Km.87/000 to 133/720 Nattukal to Thanau Jn. in Palakkad of NH-966 Old NH-213 on EPC mode Basis under NHO Annual Plan 2016-17 in the state of Kerala,MoRTH,Kerala,Ministry of Road Transport & Highways,Roads & Highways,02/2017,08/2017,08/2019,06/2026,294.28,315.63,0.0,98.0,FlashReport_July_2026 (1).pdf,112
2026-07,1104.0,618595,6L of Chengala - Neeleshwaram from km. 56.200 to km. 93.468,,Kerala,Ministry of Road Transport & Highways,Roads & Highways,06/2020,10/2021,04/2024,03/2027,1746.45,2538.06,1447.45,90.82,FlashReport_July_2026 (1).pdf,112
2026-07,1105.0,618596,6L of Taliparamba to Muzhappilangad from Km 134.650 to Km 170.6 of NH-66,,Kerala,Ministry of Road Transport & Highways,Roads & Highways,08/2020,11/2021,05/2024,01/2028,2714.6,3557.65,2020.35,83.7,FlashReport_July_2026 (1).pdf,112
2026-07,1106.0,618597,6L of Azhiyur-Vengalam from km. 189.200 to km. 230.400 of NH-66,,Kerala,Ministry of Road Transport & Highways,Roads & Highways,10/2020,10/2021,07/2024,03/2028,3205.77,3898.46,2406.73,60.07,FlashReport_July_2026 (1).pdf,112
2026-07,1107.0,618598,6L Minor Bridge Paloli Palam at km. 203.160 & Major Bridge Morad at km. 204.895 and allied works,,Kerala,Ministry of Road Transport & Highways,Roads & Highways,03/2020,12/2020,06/2022,09/2026,210.0,216.94,190.46,100.0,FlashReport_July_2026 (1).pdf,112
2026-07,1108.0,618599,6L of Ramanatukkara Junction to start of Valanchery bypass section of NH-66,,Kerala,Ministry of Road Transport & Highways,Roads & Highways,01/2021,01/2022,07/2024,08/2026,4919.46,4919.46,3765.27,100.0,FlashReport_July_2026 (1).pdf,113
2026-07,1109.0,618600,6L of Valanchery bypass to Kappirikkad of NH 66 from km. 298500 to km 335850,,Kerala,Ministry of Road Transport & Highways,Roads & Highways,02/2021,01/2022,07/2024,08/2026,4023.94,4023.94,2592.92,100.0,FlashReport_July_2026 (1).pdf,113
2026-07,1110.0,618601,6L of Kappirikkad to Thalikulam section from km 335.85 to km 369.015 of NH - 66 old NH-17,,Kerala,Ministry of Road Transport & Highways,Roads & Highways,06/2021,09/2022,01/2025,06/2027,4225.59,4225.59,3345.3,95.27,FlashReport_July_2026 (1).pdf,113
2026-07,1111.0,618602,6L of Thalikulam to Kodugallur section from km 369.015 to km 397.850 of NH - 66 old NH-17,,Kerala,Ministry of Road Transport & Highways,Roads & Highways,06/2021,09/2022,02/2025,06/2027,4302.06,4302.06,3312.68,95.05,FlashReport_July_2026 (1).pdf,113
2026-07,1112.0,618603,6L of Kodugallur to Edapppally section from km 397.750 to km 423.780 of NH - 66 old NH-17,,Kerala,Ministry of Road Transport & Highways,Roads & Highways,11/2021,10/2022,04/2025,05/2027,3465.82,3606.2,2178.55,71.11,FlashReport_July_2026 (1).pdf,113
2026-07,1113.0,618604,Aroor-Thuravoor Thekku,,Kerala,Ministry of Road Transport & Highways,Roads & Highways,08/2022,02/2023,01/2026,12/2026,2429.52,2382.83,1802.58,91.63,FlashReport_July_2026 (1).pdf,113
2026-07,1114.0,618605,Thuravoor Thekku-Paravoor,,Kerala,Ministry of Road Transport & Highways,Roads & Highways,09/2021,03/2022,09/2024,05/2027,2878.97,2638.67,2514.83,81.49,FlashReport_July_2026 (1).pdf,113
2026-07,1115.0,618606,Paravoor-Kottankulangara,,Kerala,Ministry of Road Transport & Highways,Roads & Highways,12/2021,08/2022,02/2025,03/2027,3273.61,3200.24,2858.55,71.2,FlashReport_July_2026 (1).pdf,113
2026-07,1116.0,618607,Kottankulangara- Start of Kollam Bypass,,Kerala,Ministry of Road Transport & Highways,Roads & Highways,06/2021,04/2022,10/2024,03/2027,2842.14,3680.49,2373.2,73.89,FlashReport_July_2026 (1).pdf,113
2026-07,1117.0,618708,Widening/Development of Existing NH-85 from Km 0.000 to Km 124.636 section to 2L/LPS section in the state of Kerala on EPC Mode under Bharatmala Pariyojana,,Kerala,Ministry of Road Transport & Highways,Roads & Highways,09/2022,06/2023,06/2025,03/2027,1187.47,1265.47,782.54,81.98,FlashReport_July_2026 (1).pdf,113
2026-07,1118.0,619098,Kozhikode Bypass Calicut Bypass Vengalam Jn. to Ramanattukara Jn.,,Kerala,Ministry of Road Transport & Highways,Roads & Highways,02/2018,02/2021,02/2023,08/2026,1424.77,2139.18,1066.67,98.75,FlashReport_July_2026 (1).pdf,113
2026-07,1119.0,619206,6L of Perole Nileshwar town to Taliparamba from Km 94.248 to Km 134.650 of NH-66,,Kerala,Ministry of Road Transport & Highways,Roads & Highways,06/2020,10/2021,01/2024,03/2027,3041.65,3867.66,2526.45,86.65,FlashReport_July_2026 (1).pdf,113
2026-07,1120.0,619207,Start of Kollam Bypass - Kadambattukonam,,Kerala,Ministry of Road Transport & Highways,Roads & Highways,06/2021,10/2022,03/2025,06/2027,2641.37,3309.06,1990.71,81.8,FlashReport_July_2026 (1).pdf,113
2026-07,1121.0,619208,Kadambattukonam-Kazhakuttom,,Kerala,Ministry of Road Transport & Highways,Roads & Highways,12/2021,07/2022,01/2025,05/2027,3635.64,3526.33,2124.13,44.34,FlashReport_July_2026 (1).pdf,113
2026-07,1122.0,618408,Kargil Zanskar Road,,Ladakh,Ministry of Road Transport & Highways,Roads & Highways,03/2021,07/2021,01/2023,08/2026,398.37,398.37,337.19,97.1,FlashReport_July_2026 (1).pdf,113
2026-07,1123.0,618409,Widening & Up-gradation to 2 lane with Paved shoulder of NH-301 Kargil- Zanskar Road from Design km 57.000 Ex. Km. 57.905 to Km 87.000 Ex. Km. 88.2491 of 30.000 Km length Pkg-lll,,Ladakh,Ministry of Road Transport & Highways,Roads & Highways,03/2021,07/2021,01/2023,08/2026,381.01,381.01,313.34,91.01,FlashReport_July_2026 (1).pdf,113
2026-07,1124.0,618410,Widening & Up-gradation to 2 lane with paved shoulder of NH-301 Kargil- Zanskar Road from Design Km .30.040 Ex. Km. 30.000 to Design Km 57.000 Ex. Km. 57.905 of 26.960 Km length Pkg-II,,Ladakh,Ministry of Road Transport & Highways,Roads & Highways,03/2021,07/2021,01/2023,10/2026,404.89,404.89,360.06,84.94,FlashReport_July_2026 (1).pdf,113
2026-07,1125.0,617909,Construction of Rewa Bypass to 4-lane with paved shoulder along with service road from Ratahara Chowk to Chorhata Chowk Road section of NH-30 from km 00.000 to 19.200 in the State of Madhya Pradesh on Hybrid Annuity Mode HAM.,MoRTH,Madhya Pradesh,Ministry of Road Transport & Highways,Roads & Highways,03/2024,02/2025,02/2027,02/2027,648.05,648.05,0.0,50.0,FlashReport_July_2026 (1).pdf,113
2026-07,1126.0,617911,Rehabilitation and upgradation Umaria to Shahdol section of NH-78 from Existing Km. 68/4 to Km. 142/2 to 2LPS including construction of Birshinghpur and Shahdol Bypass on EPC mode under NHDP-IVA,MoRTH,Madhya Pradesh,Ministry of Road Transport & Highways,Roads & Highways,03/2015,08/2015,07/2017,08/2026,511.83,613.16,0.0,94.5,FlashReport_July_2026 (1).pdf,113
2026-07,1127.0,617914,Upgradation and reconstruction of Shahpura-Dindori Section of NH 45 from Km 103.700 Design to Km 164.580 Design including 3 bypasses Total length 60.88km to Two lane with paved shoulder configuration along with One time improvement in 03 nos of bypassed built-up areas in a total length of 12.341 km in the State of Madhya Pradesh on EPC mode,MoRTH,Madhya Pradesh,Ministry of Road Transport & Highways,Roads & Highways,03/2022,01/2024,12/2025,06/2027,241.23,250.09,50.78,41.25,FlashReport_July_2026 (1).pdf,114
2026-07,1128.0,618019,Upgradation & widening of Jharkheda- Berasia - Dholkhedi from design km 0000 to km 87900 Design length 87.90km of NH-346 including 3 nos. bypasses of 13.10 Km in the State of Madhya Pradesh under EPC mode.,MoRTH,Madhya Pradesh,Ministry of Road Transport & Highways,Roads & Highways,03/2022,05/2023,05/2025,09/2026,365.21,365.21,200.67,91.0,FlashReport_July_2026 (1).pdf,114
2026-07,1129.0,618020,"Rehabilitation & Upgradation of KurwaiMungaoliChanderi Road section of NH-346, from Design Chainge 0.000 to 81.300 Km Total length 83.1 km to Two lane with paved shoulder configuration along with One time improvement in 07 nos of bypassed built- up areas in a total length of 22.615 km in the state of Madhya Pradesh on EPC mode.",MoRTH,Madhya Pradesh,Ministry of Road Transport & Highways,Roads & Highways,03/2022,02/2023,02/2025,12/2026,386.49,386.49,164.84,67.57,FlashReport_July_2026 (1).pdf,114
2026-07,1130.0,618021,Up-gradation of Pichhore- Dinara section of NH-346 from Km 292.750 to 334.550 to two lane with paved shoulders in the state of Madhya Pradesh on EPC mode,MoRTH,Madhya Pradesh,Ministry of Road Transport & Highways,Roads & Highways,02/2024,12/2025,06/2027,06/2027,425.97,425.97,0.0,36.85,FlashReport_July_2026 (1).pdf,114
2026-07,1131.0,618035,Rehabilitation & Upgradation of existing intermediate lane to two Lane with paved shoulder from km. 0.600 Gulganj bypass on NH-34 to km. 43.00 Barna River length 42.400 km. on Gulganj-Amanganj-Pawai-Katni NH43 Extn. in the state of Madhya Pradesh on EPCmode.,MoRTH,Madhya Pradesh,Ministry of Road Transport & Highways,Roads & Highways,03/2023,11/2024,05/2026,12/2026,275.4,275.4,0.0,60.14,FlashReport_July_2026 (1).pdf,114
2026-07,1132.0,618036,Upgradation and reconstruction of existing intermediate lane to two Lane with paved shoulder configuration from km. 43.00 Barna River to km. 77.00 ken river length 34.00 km. on Gulganj-Amanganj-Pawai-Katni NH43 Extn. along with One time improvement in 01 no. of bypassed built-up area in a total length of 1.585 km in the state of Madhya Pradesh on EPCmode.,MoRTH,Madhya Pradesh,Ministry of Road Transport & Highways,Roads & Highways,03/2023,11/2024,11/2026,03/2027,315.55,315.55,0.0,43.0,FlashReport_July_2026 (1).pdf,114
2026-07,1133.0,618043,Upgradation and reconstruction of Dindori - Mandla Section of NH 543 from Km 77100 Design to Km 170580 Design Total length 93.48km to Two lane with paved shoulder configuration along with One time improvement in 04 nos of bypassed built-up areas in a total length of 7.23 km in the state of Madhya Pradesh on EPC mode,MoRTH,Madhya Pradesh,Ministry of Road Transport & Highways,Roads & Highways,03/2022,01/2024,07/2026,09/2026,492.12,523.71,0.0,88.0,FlashReport_July_2026 (1).pdf,114
2026-07,1134.0,618044,Upgradation of Shahdol- Sagartola Section of NH 543 from km 0000 to km 69400 to 2 lane with paved shoulders under Hybrid Annuity Mode HAM in the State of Madhya Pradesh,MoRTH,Madhya Pradesh,Ministry of Road Transport & Highways,Roads & Highways,02/2024,03/2026,03/2028,,851.4,851.4,0.0,0.0,FlashReport_July_2026 (1).pdf,114
2026-07,1135.0,618068,"Construction of Kaithi-Padaria Kala bypass, Patna-Tamoli bypass, Jaso bypass and Nagod bypass total length 15.44 Km to 2-lane with paved shoulders flexible pavement on NH-943 in the State of Madhya Pradesh on EPC Mode.",MoRTH,Madhya Pradesh,Ministry of Road Transport & Highways,Roads & Highways,03/2022,10/2023,10/2025,12/2026,158.36,158.36,36.36,62.8,FlashReport_July_2026 (1).pdf,114
2026-07,1136.0,618085,Upgradation of Nasrullagani-Rehti-Budhni Scction to 2-lane with paved shoulder from Km 0150 to Km 50500 of NH-146B in the state of Madhya Pradesh on EPC mode.,MoRTH,Madhya Pradesh,Ministry of Road Transport & Highways,Roads & Highways,12/2021,04/2023,10/2024,10/2026,305.12,293.74,0.0,92.33,FlashReport_July_2026 (1).pdf,114
2026-07,1137.0,618129,"Construction of Kasrawad bypass, Selani bypass, Khargone bypass & Bistan bypass Total length. 31.950 km Section of NH-347 C to Two lane with paved shoulder configuration in the State of Madhya Pradesh on EPC mode.",MoRTH,Madhya Pradesh,Ministry of Road Transport & Highways,Roads & Highways,03/2023,12/2024,12/2026,12/2026,467.93,467.93,167.65,99.15,FlashReport_July_2026 (1).pdf,114
2026-07,1138.0,618156,"Construction of Morena bypass, Ambah bypass & Porsa bypass Totat length 27.16 km Section of NH-552 Ext. to TWo lane with paved shoulder configuration in the state of Madhya Pradesh on EPC mode",MoRTH,Madhya Pradesh,Ministry of Road Transport & Highways,Roads & Highways,02/2023,10/2024,10/2026,10/2026,492.66,492.66,0.0,73.5,FlashReport_July_2026 (1).pdf,114
2026-07,1139.0,618157,Construction of Ater realignment & Bhind bypass Total length. 21.50 km Section of NH-552Extn. to Two lane with paved shoulder configuration in the State of Madhya Pradesh on EPC mode.,MoRTH,Madhya Pradesh,Ministry of Road Transport & Highways,Roads & Highways,03/2023,12/2024,06/2026,12/2026,348.06,348.06,79.84,79.0,FlashReport_July_2026 (1).pdf,114
2026-07,1140.0,618158,"Upgradation of Goras to Shyampur Road section of NH-552 Ext., from Design Chainge 48.400 to 111.800 Km Total length 63.40 km to two lane with paved shoulder configuration along with One time improvement of 8.91 km in the state of Madhya Pradesh on EPC mode",MoRTH,Madhya Pradesh,Ministry of Road Transport & Highways,Roads & Highways,03/2023,12/2024,12/2026,12/2026,416.96,416.96,0.0,16.52,FlashReport_July_2026 (1).pdf,114
2026-07,1141.0,618170,Construction of Two lane with paved shoulder configuration of Shujalpur Bypass section of NH-752C from km 33100 Design to km. 42570 Design total design length 10.470 km in the State of Madhya Pradesh on EPC mode.,MoRTH,Madhya Pradesh,Ministry of Road Transport & Highways,Roads & Highways,03/2023,03/2024,09/2025,12/2026,214.07,214.07,38.07,46.33,FlashReport_July_2026 (1).pdf,114
2026-07,1142.0,618171,"Work of Upgradation of Jirapur-Pachore Road including Pachore, Jirapur, Chhapiheda & Khujner Bypasses from 0000 to 58790 Design Length 58.79 Km section of NH-752C to 2LPS in the State of Madhya Pradesh under EPC mode",MoRTH,Madhya Pradesh,Ministry of Road Transport & Highways,Roads & Highways,03/2022,01/2024,01/2026,12/2026,352.69,352.69,98.96,57.26,FlashReport_July_2026 (1).pdf,115
2026-07,1143.0,618619,Bypass on Western side of Gwalior City,,Madhya Pradesh,Ministry of Road Transport & Highways,Roads & Highways,03/2025,01/2026,01/2028,01/2028,998.95,998.95,195.31,0.0,FlashReport_July_2026 (1).pdf,115
2026-07,1144.0,618620,"Additional works 2VUPs, MR-10 junction flyover and underpass in Six lane Indore- Dewas section of NH-52 in the state of Madhya Pradesh on EPC Mode",,Madhya Pradesh,Ministry of Road Transport & Highways,Roads & Highways,08/2022,01/2023,07/2024,03/2027,207.77,211.27,150.59,79.72,FlashReport_July_2026 (1).pdf,115
2026-07,1145.0,618621,Indore - Edlabad Pkg-II [Tejajinagar to Balwara],,Madhya Pradesh,Ministry of Road Transport & Highways,Roads & Highways,03/2022,01/2023,01/2025,10/2026,1162.8,1530.82,824.5,87.3,FlashReport_July_2026 (1).pdf,115
2026-07,1146.0,618622,4L of Indore - Boregaon Pkg-III [Balwara to Dhangaon] from km. 42.260 to km. 82.660 of NH347BG & 753L,,Madhya Pradesh,Ministry of Road Transport & Highways,Roads & Highways,01/2021,04/2022,04/2024,10/2026,1001.69,888.81,835.15,92.5,FlashReport_July_2026 (1).pdf,115
2026-07,1147.0,618623,4L Boregaon Buzurg to Shahpur Pkg I of Boregaon Buzurg to Muktainagar of NH 753L,,Madhya Pradesh,Ministry of Road Transport & Highways,Roads & Highways,11/2022,02/2024,01/2026,10/2026,1504.37,1132.34,556.86,90.1,FlashReport_July_2026 (1).pdf,115
2026-07,1148.0,618654,4L Greenfield Rudhi to Deshgaon Pkg V of Betul-Khandwa/Deshgaon,,Madhya Pradesh,Ministry of Road Transport & Highways,Roads & Highways,11/2022,10/2023,10/2025,08/2027,521.21,469.68,199.48,63.79,FlashReport_July_2026 (1).pdf,115
2026-07,1149.0,618655,2L PS of Roshni to Ashapur Section of NH-347B from Design KM Ch. 89.900 to 114.000 KM Package III of Betul Khandwa,,Madhya Pradesh,Ministry of Road Transport & Highways,Roads & Highways,03/2024,08/2024,08/2026,08/2026,200.99,120.75,126.72,98.85,FlashReport_July_2026 (1).pdf,115
2026-07,1150.0,618661,4L from km 0.000 to 42.040 Bhopal Ratnaigiri Tiraha to Vidisha Morikodi,,Madhya Pradesh,Ministry of Road Transport & Highways,Roads & Highways,10/2024,11/2025,11/2027,11/2027,1032.3,1038.18,179.87,20.23,FlashReport_July_2026 (1).pdf,115
2026-07,1151.0,618662,4L Vidisha Gyaraspur section of NH-146 from Design Chainage km 59475 existing chainage km 81240 to Design Chainage km 88361 existing chainage km 110.315,,Madhya Pradesh,Ministry of Road Transport & Highways,Roads & Highways,10/2024,03/2026,03/2028,03/2028,980.2,980.2,113.09,12.25,FlashReport_July_2026 (1).pdf,115
2026-07,1152.0,618663,i 4L Vidisha to Hinotiya from km 0.000 to Km 27.000 Vidisha Mehulwa-Talbehat Pkg- I Section of NH- 346 and ii 4L Vidisha to Morikori from Km 39.000 to 59.476 section of NH-146,,Madhya Pradesh,Ministry of Road Transport & Highways,Roads & Highways,09/2022,12/2023,12/2025,12/2026,1003.87,941.12,434.04,90.04,FlashReport_July_2026 (1).pdf,115
2026-07,1153.0,618664,Berkhedi to Godpehra on NH-44 Sagar link road,,Madhya Pradesh,Ministry of Road Transport & Highways,Roads & Highways,02/2022,11/2022,11/2024,12/2026,524.84,471.31,385.98,93.05,FlashReport_July_2026 (1).pdf,115
2026-07,1154.0,618666,4- Laning of Mohari to Satai Ghat section NH-934 from Km 50300 to Km 89875 Total length 39.575 km Package-2 in the State of Madhya Pradesh on EPC Mode,,Madhya Pradesh,Ministry of Road Transport & Highways,Roads & Highways,08/2022,08/2024,08/2026,08/2026,710.92,539.08,518.99,99.5,FlashReport_July_2026 (1).pdf,115
2026-07,1155.0,618667,4L of near Satai Ghat to Chowka section of NH-34 from D. Ch. 89.875 to D. Ch. 145.000 Package-3,,Madhya Pradesh,Ministry of Road Transport & Highways,Roads & Highways,10/2024,10/2025,10/2027,10/2027,1005.59,882.21,193.4,38.26,FlashReport_July_2026 (1).pdf,115
2026-07,1156.0,618671,4-lanning of Rahatgarh to Berkhedi section of NH-146 from Design Ch 124470 to Ch. 134.549,,Madhya Pradesh,Ministry of Road Transport & Highways,Roads & Highways,03/2025,12/2025,12/2027,12/2027,618.33,342.69,53.19,14.6,FlashReport_July_2026 (1).pdf,115
2026-07,1157.0,618672,4-lanning of Gyaraspur to Rahatgarh section of NH-146 from Design Ch. 88361 to Ch 124470 in the state of MP on HAM mode,,Madhya Pradesh,Ministry of Road Transport & Highways,Roads & Highways,10/2024,11/2025,11/2027,11/2027,903.44,592.44,169.82,35.25,FlashReport_July_2026 (1).pdf,115
2026-07,1158.0,618684,Outer Ring Road of Jabalpur Town from Manegaon to NH-45 Pkg-2,,Madhya Pradesh,Ministry of Road Transport & Highways,Roads & Highways,11/2022,03/2024,03/2026,03/2027,917.26,786.47,520.38,78.75,FlashReport_July_2026 (1).pdf,115
2026-07,1159.0,618685,Outer Ring Road of Jabalpur Town from NH45 to Kushner Pkg-3,,Madhya Pradesh,Ministry of Road Transport & Highways,Roads & Highways,09/2022,03/2024,03/2026,12/2026,911.24,773.23,552.62,79.8,FlashReport_July_2026 (1).pdf,115
2026-07,1160.0,618686,Outer Ring Road of Jabalpur Town from Kushner to Amjhar Road including Airport Connectivity Pkg-IV,,Madhya Pradesh,Ministry of Road Transport & Highways,Roads & Highways,08/2022,03/2024,03/2026,11/2026,612.94,509.82,363.91,79.63,FlashReport_July_2026 (1).pdf,115
2026-07,1161.0,618687,Outer Ring Road of Jabalpur Town from Barela to Manegaon Pkg-1,,Madhya Pradesh,Ministry of Road Transport & Highways,Roads & Highways,09/2022,03/2023,03/2025,08/2026,652.33,651.88,500.97,89.72,FlashReport_July_2026 (1).pdf,115
2026-07,1162.0,618688,Outer Ring Road of Jabalpur Town from Amjhar Road including Airport Connectivity to barela Pkg-V,,Madhya Pradesh,Ministry of Road Transport & Highways,Roads & Highways,10/2024,10/2025,10/2027,10/2027,794.7,539.9,105.34,32.38,FlashReport_July_2026 (1).pdf,116
2026-07,1163.0,618694,Indore - Harda Pkg-I [Indore to Raghav Garh from km. 0.25 to km. 26.903],,Madhya Pradesh,Ministry of Road Transport & Highways,Roads & Highways,01/2022,11/2022,10/2024,08/2026,1011.29,813.03,688.03,96.09,FlashReport_July_2026 (1).pdf,116
2026-07,1164.0,618735,4L of Chandesara to Khedakhajuriya from Km. 0.000 to - 750 & Km 0.000 to km 41.400 of NH-148NG Pkg-I,,Madhya Pradesh,Ministry of Road Transport & Highways,Roads & Highways,12/2021,09/2022,05/2024,09/2026,909.84,976.55,587.81,99.0,FlashReport_July_2026 (1).pdf,116
2026-07,1165.0,618751,2L PS of Hinotiya-Mehulwa section of NH-346 from Km. 27.000 to Km 75.700 Vidisha Mehulwa-Talbehat Pkg-II Section of NH- 346,,Madhya Pradesh,Ministry of Road Transport & Highways,Roads & Highways,10/2022,09/2023,09/2025,03/2027,581.65,592.71,273.7,69.04,FlashReport_July_2026 (1).pdf,116
2026-07,1166.0,618762,Itarsi Km. 63.000 to Betul Km. 137.000 of NH-69 in Madhya Pradesh,,Madhya Pradesh,Ministry of Road Transport & Highways,Roads & Highways,08/2017,02/2018,02/2020,08/2026,950.27,788.33,663.67,100.0,FlashReport_July_2026 (1).pdf,116
2026-07,1167.0,618784,Balance works of 4 lane divided carriageway of Missing Link section of NH-39 Rewa Bypass from junction with NH 30 near Bela to Junction with MPRDC ring road near Silpara on SH 9 design length 13.100 km on EPC Mode under Bharatmala Pariyojana in the State of Madhya Pradesh,,Madhya Pradesh,Ministry of Road Transport & Highways,Roads & Highways,08/2023,04/2024,04/2026,01/2027,355.36,355.36,253.13,84.44,FlashReport_July_2026 (1).pdf,116
2026-07,1168.0,618932,Construction of 6 lane Indore western bypass from km 0000 to Km 34000 Pkg -l in the State of Madhya Pradesh on Hybrid Annuity Mode under NHO,,Madhya Pradesh,Ministry of Road Transport & Highways,Roads & Highways,02/2024,01/2026,12/2027,12/2027,1534.7,1472.68,657.89,27.6,FlashReport_July_2026 (1).pdf,116
2026-07,1169.0,618933,Construction of 6 lane Indore western bypass from km 34000 to Km 64000 Pkg-II in the state of Madhya Pradesh on Hybrid Annuity Mode under NHO,,Madhya Pradesh,Ministry of Road Transport & Highways,Roads & Highways,03/2024,02/2026,02/2028,02/2028,1430.56,1430.56,662.93,17.5,FlashReport_July_2026 (1).pdf,116
2026-07,1170.0,618962,4L of Budhni to Shahganj Bypass End Package-III of NH-146B from Km. 73.750 to Km. 102.000,,Madhya Pradesh,Ministry of Road Transport & Highways,Roads & Highways,03/2024,08/2025,08/2027,08/2027,1102.97,770.21,196.68,28.28,FlashReport_July_2026 (1).pdf,116
2026-07,1171.0,618963,Construction work of 4-laning of Shahganj bypass end to Badi Package-IV of NH-146B from design km 102.000 to design km 142.357 Design length 40.357 km,,Madhya Pradesh,Ministry of Road Transport & Highways,Roads & Highways,02/2024,03/2025,03/2027,03/2027,784.14,836.64,318.16,52.15,FlashReport_July_2026 (1).pdf,116
2026-07,1172.0,618964,4 Laning of Sandalpur to Nasrullaganj Pkg-1 section of NH-146B Length 43.2 Km.,,Madhya Pradesh,Ministry of Road Transport & Highways,Roads & Highways,03/2025,01/2026,01/2028,01/2028,1425.98,1425.98,197.81,11.57,FlashReport_July_2026 (1).pdf,116
2026-07,1173.0,618966,Six laning with both sides Service Road of Ayodhya Bypass from Design Km 0000 near Ashram Tiraha on NH-46 to Km 16439 end at Ratnagiri Tiraha on Nh-146,,Madhya Pradesh,Ministry of Road Transport & Highways,Roads & Highways,02/2024,08/2025,08/2027,08/2027,1123.17,1103.22,173.6,21.61,FlashReport_July_2026 (1).pdf,116
2026-07,1174.0,619007,Upgradation of Sarvardewla to Pal MP/MH Border Road section of NH-347 C from Design Chainge km 81.600 to 137.400 Total length 55.80 km to two lane with paved shoulder configuration along with One time improvement of 1 .95 km in the State of Madhya Pradesh on EPC mode.,MoRTH,Madhya Pradesh,Ministry of Road Transport & Highways,Roads & Highways,03/2023,01/2026,01/2028,,461.23,461.23,2.77,0.0,FlashReport_July_2026 (1).pdf,116
2026-07,1175.0,619100,Dhangaon - Borgaon section km 81.000 to km 139.000 [Indore - Edlabad Pkg IV],,Madhya Pradesh,Ministry of Road Transport & Highways,Roads & Highways,01/2020,08/2021,08/2023,08/2026,866.0,1185.04,746.57,99.8,FlashReport_July_2026 (1).pdf,116
2026-07,1176.0,619114,Indore - Harda Pkg-II [Raghavgarh to Nanasa from km. 29.30 to km. 92.30],,Madhya Pradesh,Ministry of Road Transport & Highways,Roads & Highways,01/2023,03/2024,03/2026,11/2027,1081.51,1146.63,369.46,40.25,FlashReport_July_2026 (1).pdf,116
2026-07,1177.0,617912,Construction of 6 lane flyover from Khapari ROB to Mihan Interchange design chainage km 8760 to 11450 L- 2.69 km and upgradation of existing 4L PS road to 6LPS with service road by flexible pavement design chainage km 11450 to 14500 L- 3.05 [total project length 5.74 km] in section of Nagpur - Hyderabad NH-44 Old NH-7 in Nagpur district in the state of Maharashtra on HAM mode.,MoRTH,Maharashtra,Ministry of Road Transport & Highways,Roads & Highways,03/2024,10/2025,10/2027,10/2027,619.55,619.55,18.35,8.24,FlashReport_July_2026 (1).pdf,116
2026-07,1178.0,617932,Construction of New Four Lane Bypass to Parbhani City Parwa to Asola Km 463/265 to Km 481/180 Design Ch. 19220 to Ch. 34434 Length-15.214 Km section of NH-61 on EPC mode in the State of Maharashtra.,MoRTH,Maharashtra,Ministry of Road Transport & Highways,Roads & Highways,03/2022,07/2023,10/2024,10/2026,496.64,496.64,210.17,70.14,FlashReport_July_2026 (1).pdf,116
2026-07,1179.0,617934,Nasratpur to Barasgaon section of NH-61 2L / 4L PS from Km.514/00 to 558/200,MoRTH,Maharashtra,Ministry of Road Transport & Highways,Roads & Highways,07/2017,09/2017,09/2019,08/2026,406.54,406.54,528.24,95.84,FlashReport_July_2026 (1).pdf,116
2026-07,1180.0,617937,Udgir Raavi Degloor Aadampur phata to Sagroli fata,MoRTH,Maharashtra,Ministry of Road Transport & Highways,Roads & Highways,11/2024,04/2026,04/2028,,809.77,809.77,0.93,12.0,FlashReport_July_2026 (1).pdf,117
2026-07,1181.0,617938,Rehabilitation And Upgradation to four lane with paved shoulder configuration from km 24350 to km 61875 Jawale - Borgaon Kale of NH-63 in the State of Maharashtra on EPC mode under Annual Plan 2024-25 Total length - 37.525 Km.,MoRTH,Maharashtra,Ministry of Road Transport & Highways,Roads & Highways,12/2024,09/2025,03/2027,03/2027,574.18,574.18,7.54,20.0,FlashReport_July_2026 (1).pdf,117
2026-07,1182.0,617945,Balance work of NH-66 from design Km 84/00 to Km 87/100 Indapur Bypass and Km 91/600 to Km 99/100 Mangaon Bypass to four lane with paved shoulder in State of Maharashtra under NHO on EPC Mode.,MoRTH,Maharashtra,Ministry of Road Transport & Highways,Roads & Highways,03/2025,10/2025,04/2027,04/2027,354.21,354.21,0.0,67.16,FlashReport_July_2026 (1).pdf,117
2026-07,1183.0,617946,Kashedi to Parshuram Ghat section of NH-66 from Km 161/600 - Km 205/400 - 4L PS,MoRTH,Maharashtra,Ministry of Road Transport & Highways,Roads & Highways,03/2016,02/2018,02/2020,12/2025,1142.62,1142.62,427.48,97.5,FlashReport_July_2026 (1).pdf,117
2026-07,1184.0,617947,Arawali Kante section of NH-17New NH-66 4L PS from Km.241/300 to 281/300,MoRTH,Maharashtra,Ministry of Road Transport & Highways,Roads & Highways,03/2016,11/2017,11/2019,03/2026,1006.99,1443.09,0.17,80.06,FlashReport_July_2026 (1).pdf,117
2026-07,1185.0,617948,Kante - Wakad section of NH-66 4L PS from Km.281/300 to 332/200,MoRTH,Maharashtra,Ministry of Road Transport & Highways,Roads & Highways,03/2016,11/2017,11/2019,11/2025,1117.75,2020.56,375.93,90.14,FlashReport_July_2026 (1).pdf,117
2026-07,1186.0,617965,Kopargaon to Savali Vihir section,MoRTH,Maharashtra,Ministry of Road Transport & Highways,Roads & Highways,06/2022,01/2023,07/2024,08/2026,195.38,195.38,105.76,93.45,FlashReport_July_2026 (1).pdf,117
2026-07,1187.0,617978,"Rehabilitation, upgradation & widening of existing highway to 2L/4LPS Rigid Pavement of NH 160 section- Phaltan to Mhaishal near Karnataka Border including Tasgaon Bypass, from existing chainage Km 301/430 to Km 458/415 in the State of Maharashtra- Package-II & Package III combined- starting from existing chainage Km 341/300 to Km 394/130 and design chainage Km 340/250 at Dahiwadi Village to Km 392/950 ending at Vita Village in the State of Maharashtra on EPC Mode.",MoRTH,Maharashtra,Ministry of Road Transport & Highways,Roads & Highways,03/2024,05/2025,05/2027,05/2027,631.76,631.76,213.18,85.0,FlashReport_July_2026 (1).pdf,117
2026-07,1188.0,617979,"Rehabilitation, upgradation & widening of existing highway to 2L/4LPS Rigid Pavement of NH 160 section- Phaltan to Mhaisal near Karnataka Border including Tasgaon Bypass, from existing chainage Km 301/430 to Km 458/415 in the State of Maharashtra. Package-I starting from existing chainage Km 301/430 at Phaltan Village Junction of Phaltan Baramati Road Design Chainage -301/430km & ending at existing chainage Km 341/300 Dahiwadi Village Bus Stop Design chainage Km 340466km in the S",MoRTH,Maharashtra,Ministry of Road Transport & Highways,Roads & Highways,03/2024,05/2025,05/2027,11/2026,533.76,533.76,0.0,74.29,FlashReport_July_2026 (1).pdf,117
2026-07,1189.0,618042,"Rehabilitation/ Upgradation of existing Highway to four lane standards in Kurkheda town from km.413257 to km 410775, Two lane in Shankarpur Gurnuli km 42400 to km 43100 section and Reconstruction of Major Bridge at Ch. 448558 Bhuti Nallah and Ch. 411695 Sati River bridge, Minor Bridge at Ch. 411477 and Ch. 405800 Lendhari Bridge of NH 543 Bhamhapuri-wadsa-kurkheda-korchi-Deori-Amgaon road on EPC mode in the State of Maharashtra",MoRTH,Maharashtra,Ministry of Road Transport & Highways,Roads & Highways,03/2022,11/2023,05/2025,12/2026,163.86,163.86,49.03,50.25,FlashReport_July_2026 (1).pdf,117
2026-07,1190.0,618047,"Widening, Reconstruction & Up-gradation to 2 lane with Paved Shoulder/Four Lane configuration for the work of Ahmednagar to Sabalkhed & Ashti to Chinchpur Section of NH-561 from Design km 2915 to km 37728 & Design km 55100 to km 70000 in the State of Maharashtra on EPC mode. Length 49.713 km",MoRTH,Maharashtra,Ministry of Road Transport & Highways,Roads & Highways,03/2024,05/2025,05/2027,05/2027,657.16,657.16,0.0,88.56,FlashReport_July_2026 (1).pdf,117
2026-07,1191.0,618049,Up-gradation to 2/4 lane with paved shoulder configuration of NH-652 from Tuljapur Naldurg-Akkalkot road Chainage from Km. 00.000 to km 30.982 in the State of Maharashtra on EPC mode.,MoRTH,Maharashtra,Ministry of Road Transport & Highways,Roads & Highways,03/2024,01/2025,07/2026,08/2026,183.41,183.41,64.95,98.0,FlashReport_July_2026 (1).pdf,117
2026-07,1192.0,618059,Construction of four-lane Concrete Road from Police Headquarter Gondia City to Rawanwadi Village Birsi Airport Junction from design km 0.000 to km 15.781 existing km 39/720 of NH-753 to existing Km 8/400 of NH 543 on sections from Kohmara- Goregaon- Police HeadquarterKaranja - Collector Office Square - Balaghat T Point- Rawanwadi- Rajegaon of NH-753 and NH-543 in Gondia District in the state of Maharashtra. Total Length of the project 15.781 Km.,MoRTH,Maharashtra,Ministry of Road Transport & Highways,Roads & Highways,02/2023,02/2024,08/2025,10/2026,328.11,328.11,111.48,34.15,FlashReport_July_2026 (1).pdf,117
2026-07,1193.0,618061,"Strengthening, Widening & Up-gradation of newly declared NH-761 from NH- 61Junction-BelheAlkutiDevibhoyareNighojShirur, from Design chainage Km 0.000 to Km 37.970 from Single/Intermediate/2L to 2LPS in the State of Maharashtra on EPC Mode Length 37.970 Km",MoRTH,Maharashtra,Ministry of Road Transport & Highways,Roads & Highways,03/2024,03/2025,09/2026,09/2026,386.16,386.16,57.23,62.5,FlashReport_July_2026 (1).pdf,117
2026-07,1194.0,618065,"Rehabilitation/Upgradation of existing Highway to 2LPS/4 lane of Dhawali to Rajoli from Design Km.149476 to 163476 existing Km.150000 to 164000, Pandhasala to Mohadongri from design Km.170476 to 181476 existing Km.171000 to 182000, Ambeshivni Fata to Bodli from design Km.183476 to 185476 existing Km.184000 to 186000 and Made Tukum to Gadchiroli from design Km.188476 to 189476 existing Km.188000 to 18900 having length 28 km of NH-930 of Dhawali to Gadchroli road in the",MoRTH,Maharashtra,Ministry of Road Transport & Highways,Roads & Highways,03/2022,03/2024,09/2025,03/2027,316.44,316.44,49.78,37.2,FlashReport_July_2026 (1).pdf,118
2026-07,1195.0,618088,Nandurshingote to Kolhar,MoRTH,Maharashtra,Ministry of Road Transport & Highways,Roads & Highways,09/2024,06/2025,12/2026,12/2026,325.79,325.79,32.41,41.93,FlashReport_July_2026 (1).pdf,118
2026-07,1196.0,618089,Rehabilitation & Up-gradation of Mudkhed to Nanded section from Km. 372000 to Km 388400 of NH 161A i.e. Nanded-Bhokar-Himayatnagar-Kinwat-Mahur-Arani Road Design chainage from Km 372000 Mudkhed to Km 387650 Nanded of NH 161A Length 15.65 Km to 2/4Lane with paved shoulders configuration in the State of Maharashtra on EPC mode.,MoRTH,Maharashtra,Ministry of Road Transport & Highways,Roads & Highways,03/2022,04/2023,04/2025,10/2026,206.54,206.54,74.51,65.14,FlashReport_July_2026 (1).pdf,118
2026-07,1197.0,618094,Pen to Khopoli 2LPS,MoRTH,Maharashtra,Ministry of Road Transport & Highways,Roads & Highways,03/2018,06/2018,12/2019,12/2025,369.39,369.39,333.1,86.3,FlashReport_July_2026 (1).pdf,118
2026-07,1198.0,618096,Rehabilitation and Up-gradation to 2 lane road with paved shoulders configuration for the balance work of 13 km length on Helwak-Patan-Karad section Km. 85000 to 133 417 of NH-166E in the state of Maharashtra on EPC mode.,MoRTH,Maharashtra,Ministry of Road Transport & Highways,Roads & Highways,02/2024,10/2024,04/2026,12/2026,181.45,181.45,60.25,87.0,FlashReport_July_2026 (1).pdf,118
2026-07,1199.0,618097,Guhagar - Rampur - 2L-PS - km 0/00 Guhagar to 26/230 Rampur and 40/00 Mirjoli to 53/600 Sati on NH-166E,MoRTH,Maharashtra,Ministry of Road Transport & Highways,Roads & Highways,01/2017,06/2017,06/2019,08/2025,407.2,407.2,0.0,91.89,FlashReport_July_2026 (1).pdf,118
2026-07,1200.0,618098,"Upgradation of exhisting 2 lane flexible pavement to 2 lane paved shoulders rigid pavement from design chainage Km 66.00 to Design Km 82.440 Start of Kolhapur Municipal corporation near Phulewadi to kale, design length 16.440 Km section on Talere Gaganbawada-Kolhapur road NH 166G in the state of Maharashtra on EPC mode",MoRTH,Maharashtra,Ministry of Road Transport & Highways,Roads & Highways,03/2021,11/2022,05/2024,08/2026,167.97,167.97,0.0,93.75,FlashReport_July_2026 (1).pdf,118
2026-07,1201.0,618133,Strengthening and Widening of road Sakoli- Wadsa-Armori-Gadchiroli-Ashti- Allapalli - Sironcha National highway NH 353C in Km 262/00 to 321/00 including 16 minor Bridges and 2 Major Bridge Total length 59 Km section from repanpalli to sironcha in Gadchiroli Dist in the State of Maharashtra.,MoRTH,Maharashtra,Ministry of Road Transport & Highways,Roads & Highways,03/2021,06/2022,05/2024,03/2027,280.57,280.57,144.61,67.39,FlashReport_July_2026 (1).pdf,118
2026-07,1202.0,618134,Rehabilitation /Upgradation from Lagam to Alapalli section Desing Km. 199/400 to km 227/400 Length 28.0 Km to 2 lane with Paved Shoulders/ 4 lane configuration section of NH-353 C Sakoli-Wadsa-Armori-Gadchiroli-Ashti-Alapalli Sironcha in Gadchiroli District on EPC mode in the state of Maharashtra.,MoRTH,Maharashtra,Ministry of Road Transport & Highways,Roads & Highways,02/2023,09/2024,09/2026,09/2026,459.39,459.39,132.28,81.42,FlashReport_July_2026 (1).pdf,118
2026-07,1203.0,618137,Rehabilitation and Up-gradation of Jarud - Sirsala section of NH-361F km 59500 to km11500 to Two lane with paved shoulder/ Four Lane in the state of Maharashtra on EPC mode Length 55.5 Km.,MoRTH,Maharashtra,Ministry of Road Transport & Highways,Roads & Highways,03/2024,05/2025,05/2027,05/2027,540.35,540.35,158.38,68.23,FlashReport_July_2026 (1).pdf,118
2026-07,1204.0,618138,"Widening, Reconstruction & Up-gradation to 2 lane with Paved Shoulder/Four Lane configuration for the work of Sautada to Shirapur Section of NH-561 from Design km 86300 to km 125589 in the state of Maharashtra on EPC mode. Design length 39.289 km",MoRTH,Maharashtra,Ministry of Road Transport & Highways,Roads & Highways,03/2024,05/2025,11/2026,11/2026,349.57,349.57,0.0,54.04,FlashReport_July_2026 (1).pdf,118
2026-07,1205.0,618139,Rehabilitation and Up-gradation of Gangakhed Loha section of NH-361F from Km 169/00 to 210/00 to two lane with paved shoulder/ four lane configuration in the state of Maharashtra on EPC mode Length - 41.00 Km.,MoRTH,Maharashtra,Ministry of Road Transport & Highways,Roads & Highways,03/2024,04/2025,09/2026,09/2026,355.12,355.12,0.0,43.46,FlashReport_July_2026 (1).pdf,118
2026-07,1206.0,618150,Rehabilitation and Up-gradation of i. Deogaon phata to Digras phata Ch. 0/000 to 15/000 & Selu to Borgavhan Ch 20/900 to 35/800 [Length 29.9km] ii. Injegaon Dhamoni to Pohner Phata Ch.58/200 to Ch. 83/700 [Length25.5 km] and iii. Pohner phata to Pathri Design Ch. 42/700 to 58/200 [Length 15.5 km] sections of NH-548B to Two lane with paved shoulder configuartion in the state of Maharashtra on EPC mode Total project length 70.9 Km.,MoRTH,Maharashtra,Ministry of Road Transport & Highways,Roads & Highways,03/2024,05/2025,05/2027,05/2027,761.83,761.83,0.0,15.0,FlashReport_July_2026 (1).pdf,118
2026-07,1207.0,618152,Mhaswad to Tembhurni section of NH-548C - 2L PS,MoRTH,Maharashtra,Ministry of Road Transport & Highways,Roads & Highways,01/2017,08/2017,07/2019,08/2026,488.6,488.6,0.0,96.19,FlashReport_July_2026 (1).pdf,118
2026-07,1208.0,618153,Satara to Mhaswad,MoRTH,Maharashtra,Ministry of Road Transport & Highways,Roads & Highways,01/2017,08/2017,08/2019,08/2026,653.46,653.46,7.34,98.08,FlashReport_July_2026 (1).pdf,118
2026-07,1209.0,618154,"Rehabilitation & upgradation of Jamkhed to Sautada Section of NH548 D from km 195.375 to km 208.774, Length 13.399 Km to 2L PS /4L configuration with rigid pavement in the state of Maharashtra on EPC mode.",MoRTH,Maharashtra,Ministry of Road Transport & Highways,Roads & Highways,03/2022,01/2023,07/2024,06/2026,157.62,157.62,0.0,68.93,FlashReport_July_2026 (1).pdf,119
2026-07,1210.0,618155,Development/Widening of Talegaon Chakan Shikrapur Nhavara Section of NH-548D from existing chainage km. 54/000 to 82/300 and Design chainage Km. 54/000 to 82/120 Shikrapur to Nhavara Section to 2LPS/4L Configuration on EPC Mode in the State of Maharashtra.,MoRTH,Maharashtra,Ministry of Road Transport & Highways,Roads & Highways,03/2024,01/2025,07/2026,09/2026,396.17,396.17,99.7,76.2,FlashReport_July_2026 (1).pdf,119
2026-07,1211.0,618172,Paithan - Shirur section 2LPS Km 0.0 to 55.00,MoRTH,Maharashtra,Ministry of Road Transport & Highways,Roads & Highways,03/2017,06/2017,06/2019,10/2026,341.8,341.8,208.25,82.0,FlashReport_July_2026 (1).pdf,119
2026-07,1212.0,618173,Shirur-Kharda section from 55937 km to 114486 km to 2LPS/4L,MoRTH,Maharashtra,Ministry of Road Transport & Highways,Roads & Highways,02/2017,06/2017,06/2019,08/2026,381.77,381.77,0.0,83.93,FlashReport_July_2026 (1).pdf,119
2026-07,1213.0,618174,Rehabilitation and Upgradation to two lane with paved shoulder configuration of NH- 752G from Sakri to Pimpalner Section Design Ch km 0000 to Ch km 21411 in the state of Maharashtra on EPC Mode. Length 21.411 km.,MoRTH,Maharashtra,Ministry of Road Transport & Highways,Roads & Highways,03/2024,04/2025,10/2026,10/2026,226.58,226.58,0.0,100.0,FlashReport_July_2026 (1).pdf,119
2026-07,1214.0,618176,Rehabilitation and upgradation from ch km 50/200 to 56/800 and km 62/600 to 100/403 of Kolde to Visarwadi Near Junction with NH-6 section of NH 752G total length 44.40 to two-lane with paved shoulder / four lanes in the State of Maharashtra on EPC mode.,MoRTH,Maharashtra,Ministry of Road Transport & Highways,Roads & Highways,03/2025,01/2026,01/2028,,349.08,349.08,39.95,35.45,FlashReport_July_2026 (1).pdf,119
2026-07,1215.0,618177,Pal Phata Phulambri - Khultabad 2LPS,MoRTH,Maharashtra,Ministry of Road Transport & Highways,Roads & Highways,03/2018,06/2018,12/2019,12/2025,227.19,227.19,5.78,95.29,FlashReport_July_2026 (1).pdf,119
2026-07,1216.0,618178,Widening and strengthening of Gangakhed to Kingaon section of NH-752K in Km 38/750 to 72/304 Flexible Pavement Length33.554 km to 2-lane configuration on EPC mode in the State of Maharashtra.,MoRTH,Maharashtra,Ministry of Road Transport & Highways,Roads & Highways,02/2024,12/2024,06/2026,10/2026,162.67,162.67,0.0,72.0,FlashReport_July_2026 (1).pdf,119
2026-07,1217.0,618180,Pune raigarh District Border To Mangaon Ch 69000 to 103775 NH-753F,MoRTH,Maharashtra,Ministry of Road Transport & Highways,Roads & Highways,03/2018,06/2018,12/2019,07/2026,223.46,223.46,0.0,89.08,FlashReport_July_2026 (1).pdf,119
2026-07,1218.0,618188,Rehabilitation and Up-gradation to 2 lane with paved shoulder configuration of Mahud Sangola road NH 965 G 159400 to 161900and 162400 to 183960 Design Chainage from km. 32/300 to km. 34/800 and km. 35/800 to km. 56/860 Rigid Pavement on EPC mode in the State of Maharashtra.,MoRTH,Maharashtra,Ministry of Road Transport & Highways,Roads & Highways,02/2023,11/2023,05/2025,08/2026,253.78,253.78,98.95,100.0,FlashReport_July_2026 (1).pdf,119
2026-07,1219.0,618198,Balance work of Rehabilitation and Up-gradation to 2-lane road with paved shoulders configuration for NH- 965DD from Pacharal-Mandangad-Mhapral-Rajewadi Upto Junction of NH-66 Ch-22700 to 75100 Km and Ambadave connector Birth place of Dr. Babasaheb Ambedkar Ch-0000 to 7325 Km length Km 59.725 in the state of Maharashtra on EPC mode. Balance Work,MoRTH,Maharashtra,Ministry of Road Transport & Highways,Roads & Highways,03/2018,01/2022,01/2024,08/2026,388.93,341.69,170.26,93.07,FlashReport_July_2026 (1).pdf,119
2026-07,1220.0,618199,"Rehabilitation, Upgradation & Widening of existing Highway to Rigid Pavement 2 Lane with Paved Shoulder of NH 965DD from Lonand Shirval-Bhor Mandangad-Pchral Section ShindewadiPhata to Varandah Ghat Dist Border from Km 33/550 to 92/550 in the state of Maharashtra on EPC mode.",MoRTH,Maharashtra,Ministry of Road Transport & Highways,Roads & Highways,02/2023,07/2024,07/2026,10/2026,723.13,723.13,168.06,53.5,FlashReport_July_2026 (1).pdf,119
2026-07,1221.0,618469,Vadodara Mumbai Expressway Phase II - Pkg XIII [Km. 26.582 to Km. 50.700] Shirsad - Masvan,,Maharashtra,Ministry of Road Transport & Highways,Roads & Highways,06/2020,02/2022,02/2024,08/2026,3536.9,4679.54,1986.56,98.2,FlashReport_July_2026 (1).pdf,119
2026-07,1222.0,618470,Vadodara Mumbai Expressway Phase II - Pkg XIV [Km. 3.000 to Km. 20.200 of Spur] Shirsad - Akloli,,Maharashtra,Ministry of Road Transport & Highways,Roads & Highways,05/2021,11/2022,05/2024,08/2026,2058.79,2324.72,634.55,98.0,FlashReport_July_2026 (1).pdf,119
2026-07,1223.0,618471,Vadodara Mumbai Expressway Phase II - Pkg XV [Km. 20.200 to Km. 43.000 of Spur] Akloli - Amne,,Maharashtra,Ministry of Road Transport & Highways,Roads & Highways,05/2021,11/2022,05/2024,08/2026,2610.88,2918.39,651.95,94.6,FlashReport_July_2026 (1).pdf,119
2026-07,1224.0,618472,Vadodara Mumbai Expressway Phase II - Pkg XVI [Km. 43.000 to Km. 69.800 of Spur] Amne - Bhoj,,Maharashtra,Ministry of Road Transport & Highways,Roads & Highways,06/2021,11/2022,10/2024,08/2026,4051.8,4315.56,952.69,95.5,FlashReport_July_2026 (1).pdf,119
2026-07,1225.0,618473,Vadodara Mumbai Expressway Phase II - Pkg XVII [Km. 69.800 to Km. 79.783 of Spur] Bhoj - Morbe,,Maharashtra,Ministry of Road Transport & Highways,Roads & Highways,09/2021,01/2023,07/2025,08/2026,2208.68,2463.02,931.24,90.73,FlashReport_July_2026 (1).pdf,119
2026-07,1226.0,618511,Upgradation & rehabilitation of Service Roads on both sides in urban areas of Pune City on PuneSatara section of NH48,,Maharashtra,Ministry of Road Transport & Highways,Roads & Highways,01/2025,06/2025,06/2027,06/2027,604.59,388.78,66.39,24.08,FlashReport_July_2026 (1).pdf,120
2026-07,1227.0,618512,Tunnel at Khambataki Ghat Section and its approaches from existing Km. 771.730 to existing Km. 782.000,,Maharashtra,Ministry of Road Transport & Highways,Roads & Highways,11/2017,02/2019,02/2022,10/2026,907.03,816.12,686.79,89.2,FlashReport_July_2026 (1).pdf,120
2026-07,1228.0,618513,6L of Kagal-Satara section from Km 592.500 to Km 658.000 of NH-48 Pkg-I,,Maharashtra,Ministry of Road Transport & Highways,Roads & Highways,12/2021,01/2023,01/2025,02/2027,2111.95,1435.46,634.07,51.14,FlashReport_July_2026 (1).pdf,120
2026-07,1229.0,618514,6L of Kagal-Satara section from Km 658.000 to Km 725.000 of NH-48 Pkg-II,,Maharashtra,Ministry of Road Transport & Highways,Roads & Highways,12/2021,12/2022,12/2024,12/2026,2330.71,317.4,206.68,90.12,FlashReport_July_2026 (1).pdf,120
2026-07,1230.0,618557,4L of Indora Chowk to Pachpaoli and Agrasen Chowk - Ashoka Chowk,,Maharashtra,Ministry of Road Transport & Highways,Roads & Highways,03/2023,07/2023,06/2026,09/2026,1038.84,918.53,696.83,84.0,FlashReport_July_2026 (1).pdf,120
2026-07,1231.0,618585,6L of Gonde Km. 439.038 to Pimpri Sado Km. 459.905 section of NH-848 Old NH-3,,Maharashtra,Ministry of Road Transport & Highways,Roads & Highways,02/2024,10/2024,04/2027,11/2027,856.93,718.84,160.05,40.5,FlashReport_July_2026 (1).pdf,120
2026-07,1232.0,618586,Improvement and strengthening of existing 2 lane stretch to 2-Lane with PS 1.5m on both sides on Ghoti-Sinnar section of NH-160A using Thin White Topping 200mm thick in the State Of Maharashtra on EPC Mode,,Maharashtra,Ministry of Road Transport & Highways,Roads & Highways,03/2025,06/2025,06/2026,08/2026,254.78,147.64,115.05,77.0,FlashReport_July_2026 (1).pdf,120
2026-07,1233.0,618588,4L Mitigation Measure structures on CH/MH Border to Wainganga Bridge Section of NH-6 New NH-53,,Maharashtra,Ministry of Road Transport & Highways,Roads & Highways,02/2021,11/2021,11/2023,08/2026,540.24,468.92,464.29,99.79,FlashReport_July_2026 (1).pdf,120
2026-07,1234.0,618594,Balance work of 4L Panvel to Indapur section of NH-66 Old NH- 17 from km 0.000 Panvel to km 42.300 Kasu,,Maharashtra,Ministry of Road Transport & Highways,Roads & Highways,12/2022,03/2023,10/2024,08/2026,329.82,196.87,184.17,98.66,FlashReport_July_2026 (1).pdf,120
2026-07,1235.0,618626,Four laning from Dive Ghat Km. 220.900 to Hadapsar Km. 234.150 of Mohol Alandi section Pkg VI of NH-965,,Maharashtra,Ministry of Road Transport & Highways,Roads & Highways,12/2023,10/2024,10/2026,04/2027,819.52,400.0,141.4,70.01,FlashReport_July_2026 (1).pdf,120
2026-07,1236.0,618627,Construction of 7 Nos of Standalone safety structures/works at different locations on various NHs,,Maharashtra,Ministry of Road Transport & Highways,Roads & Highways,01/2025,07/2025,01/2027,01/2027,168.52,112.03,26.78,33.35,FlashReport_July_2026 (1).pdf,120
2026-07,1237.0,618628,Strengthening of Existing Alignment of Pandharpur Town Part Bypassed Section of NH 965 from KM 36.230 to KM 44.230 from Chh. Shivaji Maharaj Chowk to Wakhari,,Maharashtra,Ministry of Road Transport & Highways,Roads & Highways,08/2022,11/2023,10/2025,03/2027,150.21,87.59,76.45,69.25,FlashReport_July_2026 (1).pdf,120
2026-07,1238.0,618653,Loha-Waranga Section of NH-361 from km 187.800 to km 244.369,,Maharashtra,Ministry of Road Transport & Highways,Roads & Highways,03/2018,03/2019,03/2021,12/2026,1236.08,3466.58,1503.59,96.22,FlashReport_July_2026 (1).pdf,120
2026-07,1239.0,618693,Bodhre - Dhule,,Maharashtra,Ministry of Road Transport & Highways,Roads & Highways,02/2021,01/2022,07/2024,08/2026,1344.78,1292.7,837.67,97.69,FlashReport_July_2026 (1).pdf,120
2026-07,1240.0,618754,Upgradation of 2L/4L with Paved Shoulder of Shirwal-Lonand Section from KM 159900 To KM 188025 of NH-965DD Section I and 2L With Paved Shoulder of Lonand-Satara Section from KM 51500 To KM 96246 Of NH-965D Section II in Satara District in the State of Maharashtra on EPC Mode under NHO-,,Maharashtra,Ministry of Road Transport & Highways,Roads & Highways,03/2025,06/2025,06/2027,06/2027,538.11,307.24,160.77,43.57,FlashReport_July_2026 (1).pdf,120
2026-07,1241.0,618766,Up-gradation to Four Lane with Paved Shoulder configuration of the highway starting from existing km 88.400 Savali Vihir to km 163.400 start of Ahmednagar bypass Design Length 75.000 km section of NH-160 in the State of Maharashtra under Bharatmala Pariyojana on EPC Mode,,Maharashtra,Ministry of Road Transport & Highways,Roads & Highways,10/2024,04/2025,04/2027,04/2027,862.0,617.93,298.45,48.55,FlashReport_July_2026 (1).pdf,120
2026-07,1242.0,618836,4L of Ratnagiri - Kolhapur section from km 67.140 to km 112.340 of NH-166 Pkg II,,Maharashtra,Ministry of Road Transport & Highways,Roads & Highways,02/2022,05/2023,05/2025,01/2027,1985.38,1798.0,1239.53,81.57,FlashReport_July_2026 (1).pdf,120
2026-07,1243.0,618837,4L of Ratnagiri - Kolhapur section from km 112.340 to km 145.300 of NH-166 PkgIII,,Maharashtra,Ministry of Road Transport & Highways,Roads & Highways,02/2022,05/2023,05/2025,01/2027,1939.23,1910.41,1079.17,68.95,FlashReport_July_2026 (1).pdf,120
2026-07,1244.0,618937,4L of Nagpur-Katol Section from Km. 13.00 to Km. 62.900 of NH-353J,,Maharashtra,Ministry of Road Transport & Highways,Roads & Highways,02/2021,10/2021,10/2023,03/2027,1166.96,1432.82,1181.42,81.54,FlashReport_July_2026 (1).pdf,120
2026-07,1245.0,618939,Construction of Standalone Flyover cum ROB from Design Ch.66.600 to Design Ch.68.800 in Gadchandur Town on NH-353B,,Maharashtra,Ministry of Road Transport & Highways,Roads & Highways,02/2025,07/2025,07/2027,07/2027,191.31,107.76,37.07,40.11,FlashReport_July_2026 (1).pdf,121
2026-07,1246.0,619008,Rehabilitation and Up gradation of Charthana Jintur Section of NH 752 I Km 25100 to 47100 to 2 Lane with Paved Shoulder configuration Flexible Pavement in the state of Maharashtra on EPC mode. Reg- Resubmission of Annual Plan Estimate.,MoRTH,Maharashtra,Ministry of Road Transport & Highways,Roads & Highways,03/2025,01/2026,07/2027,07/2026,157.69,157.69,0.01,51.0,FlashReport_July_2026 (1).pdf,121
2026-07,1247.0,619042,"Construction of six lane Flyover at Katraj junction at Km, 3/880 of NH 548-DD Vadgaon - Katraj - Kondhwa - Mantarwadi Chowk - Loni Kalbhor - Theur Phata - Lonikand Road in Pune Dist of the State of Maharashtra. On Engineering Procurement and construction EPC Basis mode L.1.326 Km,",MoRTH,Maharashtra,Ministry of Road Transport & Highways,Roads & Highways,02/2021,03/2022,02/2026,02/2023,163.51,163.51,80.23,83.19,FlashReport_July_2026 (1).pdf,121
2026-07,1248.0,619043,Capacity Augmentation in the stretch of DhulePimpalgaon section of NH60 Km. 261.720 to Km. 380.000 by Construction of Slip/Service Road on either side at various locations total length 30.30 Km LHSRHS and Flyover 2 x 30m at Sawadgaon Phata Km. 310.415,,Maharashtra,Ministry of Road Transport & Highways,Roads & Highways,12/2025,04/2026,10/2026,10/2027,341.63,341.63,10.9,5.1,FlashReport_July_2026 (1).pdf,121
2026-07,1249.0,619069,Satara Km 725.000 to Pune Km 865.350 of NH - 4 New NH - 48 in Maharashtra,,Maharashtra,Ministry of Road Transport & Highways,Roads & Highways,09/2009,10/2010,05/2022,12/2026,361.72,425.51,387.04,99.05,FlashReport_July_2026 (1).pdf,121
2026-07,1250.0,619095,Balance works of 4L Panvel Indapur section of NH66 old NH17 from km 42.300 kasu to km 84.600 Indapur,,Maharashtra,Ministry of Road Transport & Highways,Roads & Highways,06/2022,11/2022,05/2024,08/2026,546.44,472.1,420.83,96.73,FlashReport_July_2026 (1).pdf,121
2026-07,1251.0,619149,4L of Ratnagiri - Kolhapur section of NH-166 from km 0.000 to km 19.769 and km 31.000 to km 67.140 Pkg I,,Maharashtra,Ministry of Road Transport & Highways,Roads & Highways,02/2022,11/2022,11/2024,11/2026,1774.03,2108.41,1444.74,97.4,FlashReport_July_2026 (1).pdf,121
2026-07,1252.0,619163,4L of Baramati to Indapur Pkg-II from km. 41.400 to km. 84.550 of NH-965G Saint Tukaram Marg,,Maharashtra,Ministry of Road Transport & Highways,Roads & Highways,01/2021,09/2021,09/2023,12/2026,1471.32,1297.48,1071.0,86.2,FlashReport_July_2026 (1).pdf,121
2026-07,1253.0,619198,Vadodara Mumbai Expressway Phase II - Pkg XII [Km. 50.700 to Km. 77.000] Masvan - Ganjad,,Maharashtra,Ministry of Road Transport & Highways,Roads & Highways,08/2020,03/2022,03/2024,08/2026,1711.38,2388.52,979.42,99.87,FlashReport_July_2026 (1).pdf,121
2026-07,1254.0,619203,Vadape to Thane from km 539.202 to km 563.000 section of NH-3 new NH-848,,Maharashtra,Ministry of Road Transport & Highways,Roads & Highways,03/2018,01/2019,07/2021,10/2026,1252.92,1371.27,491.86,87.0,FlashReport_July_2026 (1).pdf,121
2026-07,1255.0,619204,"Capacity Augmentation in the stretch of Pimpri Sado Vadape section of NH848 Km. 460900 to Km. 537000 by Construction of Slip/Service Road on either side at various locations total length 25.140 Km LHSRHS, Flyover 2 x 25m at Borivali Junction Km. 528550 & LVUP 1 x 15m at Sherekarpada Km. 528800",,Maharashtra,Ministry of Road Transport & Highways,Roads & Highways,12/2025,04/2026,10/2027,10/2027,372.03,372.03,1.5,1.0,FlashReport_July_2026 (1).pdf,121
2026-07,1256.0,619210,Dharampuri-Lonand from km. 117.00 to 166.40 Pkg-IV on Mohol-Alandi Section,,Maharashtra,Ministry of Road Transport & Highways,Roads & Highways,01/2021,09/2021,09/2023,09/2026,1411.71,1358.68,1474.28,97.4,FlashReport_July_2026 (1).pdf,121
2026-07,1257.0,619298,Construction of 6 Lane Elevated corridor from KM 612582 to KM 617540 including construction of Service Roads in Kolhapur City on NH -48 in the State of Maharashtra on EPC mode under NHO,,Maharashtra,Ministry of Road Transport & Highways,Roads & Highways,02/2026,06/2026,06/2029,06/2029,1039.0,1039.0,0.06,0.0,FlashReport_July_2026 (1).pdf,121
2026-07,1258.0,619299,Construction of a 6-Lane Elevated Corridor from Km 593766 to Km 596620 Including Construction of Service Roads in Kagal City on NH-48 in the State of Maharashtra on EPC Mode.,,Maharashtra,Ministry of Road Transport & Highways,Roads & Highways,03/2026,06/2026,06/2028,06/2028,357.99,357.99,0.08,0.0,FlashReport_July_2026 (1).pdf,121
2026-07,1259.0,619300,Construction of Four Lane Nagpur-Katol section of NH-353J including Mitigation Structures from Design Ch. 37000 to Ch. 45990 Tiger Corridor-I Mitigation Structures from Design Ch. 37000 to Ch. 45990 Tiger Corridor-I in the State of Maharashtra on EPC Mode,,Maharashtra,Ministry of Road Transport & Highways,Roads & Highways,01/2026,06/2026,12/2027,12/2027,300.68,300.68,0.0,0.0,FlashReport_July_2026 (1).pdf,121
2026-07,1260.0,618298,Widening/Improvement of existing 2-Lane road to 4-Lane Divided Highway from Sekmai to Nilakuthi section of Imphal-Kohima Road Design Chainage from Km 297700 to Km 308729 of NH-39 New NH-02 in state of Manipur on EPC mode Pkg-5B,,Manipur,Ministry of Road Transport & Highways,Roads & Highways,03/2021,07/2021,01/2023,08/2026,211.7,211.7,272.3,94.71,FlashReport_July_2026 (1).pdf,121
2026-07,1261.0,618299,Improvement/Up-gradation of existing 2-Lane Road to 4-Lane Divided Highway from Daili to Kuraopokpi section of Imphal-Kohima road NH-02 Design Chainage from Km 274610 to Km 287000 in the state of Manipur on EPC mode Pkg-4B,,Manipur,Ministry of Road Transport & Highways,Roads & Highways,09/2020,12/2024,06/2026,01/2027,268.98,268.98,206.28,76.63,FlashReport_July_2026 (1).pdf,121
2026-07,1262.0,618300,Improvement/Up-gradation of existing 2-Lane Road to 4-Lane Divided Highway from Taphukuki to Daili section of Imphal-Kohima road NH-02 Design Chainage from Km 262175 to Km 274610 in the state of Manipur on EPC mode Pkg-4A,,Manipur,Ministry of Road Transport & Highways,Roads & Highways,09/2020,10/2020,04/2022,08/2026,379.39,379.39,314.73,91.39,FlashReport_July_2026 (1).pdf,122
2026-07,1263.0,618301,Widening/Improvement of existing 2-lane to 4-Lane Divided Highway from Kuraopokpi to Sekmai section of Imphal-Kohima Road Design Ch. km 287.00 to 297.700 of NH-39 New NH-02 in state of Manipur on EPC mode Pkg-5A,,Manipur,Ministry of Road Transport & Highways,Roads & Highways,09/2020,02/2025,08/2026,12/2026,228.97,228.97,143.26,48.35,FlashReport_July_2026 (1).pdf,122
2026-07,1264.0,618302,Widening/Improvement to 2-lane with earthen shoulder of Yaingangpokpi - Finch corner road section of NH-202 from Km 16.900 to Km 30.970 of NH-202 in the state of Manipur on EPC mode Package-2,,Manipur,Ministry of Road Transport & Highways,Roads & Highways,03/2020,07/2020,06/2022,08/2026,256.04,256.04,195.0,98.12,FlashReport_July_2026 (1).pdf,122
2026-07,1265.0,618303,Widening/Improvement to 2-lane with earthen shoulder of Yaingangpokpi - Finch corner road section of NH-202 from Km 0.000 to Km 16.900 of NH-202 in the state of Manipur on EPC mode Package-1,,Manipur,Ministry of Road Transport & Highways,Roads & Highways,03/2020,07/2020,06/2022,08/2026,222.77,222.77,140.9,88.96,FlashReport_July_2026 (1).pdf,122
2026-07,1266.0,618304,"Widening/Improvement to 2 Lane with earthen shoulder of Jessami to Laynen bridge Nagaland border section of NH-29 of Imphal -Ukhrul - Jessami Economic Corridor from km 0.000 to km 11.009 in the State of Manipur on EPC mode under Bharatmala Pariyojana, under NHO-NE Package-7",,Manipur,Ministry of Road Transport & Highways,Roads & Highways,03/2023,12/2024,06/2026,02/2027,164.89,164.89,128.92,28.12,FlashReport_July_2026 (1).pdf,122
2026-07,1267.0,618305,Widening/Improvement to 2 lane with earthen shoulder of Marrem Khullen to Jessami section of NH-202 of Imphal - Ukhrul - Jessami Economic Corridor from Design Chainage km 95.700 to km 140.180 in the State of Manipur on EPC mode under Bharatmala Pariyojana under NHO-NE Package-6,,Manipur,Ministry of Road Transport & Highways,Roads & Highways,03/2023,12/2024,12/2026,08/2027,554.66,554.66,225.73,26.22,FlashReport_July_2026 (1).pdf,122
2026-07,1268.0,618306,"Widening/Improvement to 2 lane with earthen shoulder of Choithar to Marrem Khullen section of NH-202 of Imphal Ukhrul Jessami Economic Corridor from Design Chainage km 53.110 to km 95.700 in the State of Manipur on EPC mode under Bharatmala Pariyojana, under NHO-NE Package-5",,Manipur,Ministry of Road Transport & Highways,Roads & Highways,03/2023,05/2025,03/2027,08/2027,564.05,564.05,173.58,14.5,FlashReport_July_2026 (1).pdf,122
2026-07,1269.0,618333,Widening to 2 lane with Paved shoulder of lmphal to Jiribam section of NH-37 from Design Ch. from km 169570 Near Nungkao vlllage under Tamenglong District to km 205974 near Jiribam Bridge under Jiribam district under NHO-NE PKG-7,,Manipur,Ministry of Road Transport & Highways,Roads & Highways,01/2023,12/2023,12/2025,12/2026,760.16,760.16,428.13,92.52,FlashReport_July_2026 (1).pdf,122
2026-07,1270.0,618334,Widening to 2 Lane with Paved shoulder of lmphal to Jiribam section of NH-37 from Design Ch. from km 131.280 to km 169.570 on EPC mode in Manipur under NHO- TSP PKG-6,,Manipur,Ministry of Road Transport & Highways,Roads & Highways,12/2021,02/2023,02/2025,12/2026,504.76,504.76,325.89,95.2,FlashReport_July_2026 (1).pdf,122
2026-07,1271.0,618335,Widening to 2 Lane with Paved shoulder of lmphal to Jiribam section of NH-37 from Design Ch. from Km 101280 Near Khongsang Village to Km 131280 near Puilon Kambiron Village on EPC Mode in Manipur PKG-5,,Manipur,Ministry of Road Transport & Highways,Roads & Highways,12/2021,11/2022,05/2024,12/2026,410.68,410.68,382.67,91.02,FlashReport_July_2026 (1).pdf,122
2026-07,1272.0,618336,Widening to 2 -Lane with Paved shoulder of Imphal to Jiribam section of NH-37 from Design Chainage 66.110 km to 101.280 Km Existing Chainage km 67.496 to km 103.557 on EPC Mode in Manipur PKG-4,,Manipur,Ministry of Road Transport & Highways,Roads & Highways,09/2021,06/2022,12/2023,12/2026,579.63,579.63,408.21,86.05,FlashReport_July_2026 (1).pdf,122
2026-07,1273.0,618337,Widening to 2 -Lane with Paved shoulder of Imphal to Jiribam section of NH-37 from Design Chainage 33.000 km to 66.390 Km Existing Chainage from km 33.395 to km 67.496 on EPC Mode in Manipur PKG-3,,Manipur,Ministry of Road Transport & Highways,Roads & Highways,03/2021,09/2021,03/2023,03/2026,467.0,467.0,593.79,86.33,FlashReport_July_2026 (1).pdf,122
2026-07,1274.0,618338,Widening to 2-Lane with Paved shoulder of Imphal to Jiribam section of NH-37 from Design Chainage 15.940 km to 33.120 Km Existing Chainage Km 15.946 to Km 33.395 Total length17.180 Km in the State of Manipur on EPC mode PKG-2 - Balance Works & Rectification works,,Manipur,Ministry of Road Transport & Highways,Roads & Highways,03/2021,03/2025,03/2026,10/2026,195.14,195.14,162.71,93.1,FlashReport_July_2026 (1).pdf,122
2026-07,1275.0,618344,Widening to 2-lane with Hard shoulder of Churachandpur to Tuivai Section of NH- 102B from Design Chainage 69.875 Km to 121.769 Km in the State of Manipur on EPC mode Package-3,,Manipur,Ministry of Road Transport & Highways,Roads & Highways,03/2021,08/2021,08/2023,12/2026,673.27,673.27,563.39,85.84,FlashReport_July_2026 (1).pdf,122
2026-07,1276.0,618345,Widening to 2-lane with Hard shoulder of Churachandpur to Tuivai Section from Km 48.587 to Km 69.875 in the State of Manipur on EPC mode under NHO Package-2B,,Manipur,Ministry of Road Transport & Highways,Roads & Highways,06/2020,08/2020,08/2022,08/2026,365.53,365.53,198.28,88.2,FlashReport_July_2026 (1).pdf,122
2026-07,1277.0,618346,Widening to 2-lane with Hard shoulder of Churachandpur to Tuivai Section of NH- 102B from km 32.835 to km 48.587 in the State of Manipur on EPC mode under NHO Package-2A,,Manipur,Ministry of Road Transport & Highways,Roads & Highways,04/2020,07/2020,06/2022,08/2026,232.99,232.99,155.44,100.0,FlashReport_July_2026 (1).pdf,123
2026-07,1278.0,618347,Widening to 2-lane with Hard shoulder of Churachandpur to Tuivai Section of NH- 102B from km 13.747 to km 32.835 in the State of Manipur on EPC mode under NHO Package-1B,,Manipur,Ministry of Road Transport & Highways,Roads & Highways,04/2020,07/2020,06/2022,08/2026,241.52,241.52,164.85,100.0,FlashReport_July_2026 (1).pdf,123
2026-07,1279.0,618348,Balance work of Widening to 2 Two lane with hard shoulder of Churachandpur to Tuivai section of NH-102B from km 130.000 to km 141.029 Package-4B in the State of Manipur on EPC Mode,,Manipur,Ministry of Road Transport & Highways,Roads & Highways,06/2020,11/2025,11/2026,11/2026,177.76,177.76,97.93,9.17,FlashReport_July_2026 (1).pdf,123
2026-07,1280.0,618349,Balance work of Widening to 2 Two lane with hard shoulder of Churachandpur to Tuivai section of NH-102B from Design Chainage km 118850 to km 130000 Package- 4A in the State of Manipur on EPC Mode,,Manipur,Ministry of Road Transport & Highways,Roads & Highways,04/2020,08/2025,08/2026,08/2026,204.12,204.12,112.41,25.93,FlashReport_July_2026 (1).pdf,123
2026-07,1281.0,618355,"Construction of of 2 -Lane with paved shoulders road from Tamenglong-Tousem- Lisang-Mahur Road NH-137 starting near Dialong Village from km 10.000 at Dialong to km 31.430 near Old Tamenglong , near Barak River on EPC Mode Package-2",,Manipur,Ministry of Road Transport & Highways,Roads & Highways,07/2021,09/2021,03/2023,03/2026,483.87,483.87,375.87,95.28,FlashReport_July_2026 (1).pdf,123
2026-07,1282.0,618356,Construction of 2 -Lane with paved shoulders road from Tamenglong to Mahur in the state of Manipur from km 31.430 at Old Tamenglong to km 43.480 ending near Phelong on EPC Mode Package-3,,Manipur,Ministry of Road Transport & Highways,Roads & Highways,03/2021,06/2021,12/2022,04/2026,234.08,234.08,201.13,98.5,FlashReport_July_2026 (1).pdf,123
2026-07,1283.0,618357,Construction of 2 -Lane with paved shoulders road from Tamenglong to Mahur NH- 137 in Manipur starting from km 54.180 near Azuram to km 80.630 near Mandeu on EPC Mode Package 5,,Manipur,Ministry of Road Transport & Highways,Roads & Highways,09/2021,11/2021,05/2023,01/2026,477.86,477.86,330.13,84.87,FlashReport_July_2026 (1).pdf,123
2026-07,1284.0,618358,Construction of 2 -Lane with paved shoulders road from Tamenglong to Mahur NH- 137 starting from km 80.630 near Mandeu to km 96.870 near Jiri River on EPC Mode Package-6,,Manipur,Ministry of Road Transport & Highways,Roads & Highways,09/2021,11/2021,05/2023,12/2025,311.18,311.18,231.08,86.87,FlashReport_July_2026 (1).pdf,123
2026-07,1285.0,618387,Construction of 2-laning with Hard shoulder of Ukhrul Tolloi - Tadubi section of NH- 102A from Design Chainage km 9450 to km 50850 in the State of Manipur on EPC mode under NHO-NE Package-2,,Manipur,Ministry of Road Transport & Highways,Roads & Highways,03/2023,03/2024,03/2026,12/2026,578.98,578.98,278.6,80.04,FlashReport_July_2026 (1).pdf,123
2026-07,1286.0,618388,Construction of 2-laning with Hard shoulder road of Ukhrul - Tolloi - Tadubi section of NH-102A from Design Chainage 50.850 km to 81.870 km in the State of Manipur on EPC mode under NHO-TSP Package -3,,Manipur,Ministry of Road Transport & Highways,Roads & Highways,09/2021,07/2023,01/2025,12/2026,315.56,315.56,257.41,94.5,FlashReport_July_2026 (1).pdf,123
2026-07,1287.0,618389,Construction of 2-laning with Hard shoulder road of Ukhrul - Tolloi - Tadubi section of NH-102A from Design Chainage 81.870 km to 105.825 km in the State of Manipur on EPC mode under NHO-TSP Package -4,,Manipur,Ministry of Road Transport & Highways,Roads & Highways,09/2021,08/2022,02/2024,08/2026,310.76,310.76,287.73,97.0,FlashReport_July_2026 (1).pdf,123
2026-07,1288.0,618415,"Improvement of existing road to 2 laning with Hard Shoulders of Maram-Peren section Package-1B, length- 17.660 km from Design Chainage 22.340 km to 40.000 km on NH-129A in the State of Manipur on EPC mode",,Manipur,Ministry of Road Transport & Highways,Roads & Highways,02/2021,06/2021,12/2022,03/2026,188.36,188.36,0.0,100.0,FlashReport_July_2026 (1).pdf,123
2026-07,1289.0,618416,"Improvement of existing road to 2 laning with Hard Shoulders of Maram -Peren section Package-1A, length- 22.340Km from Design Chainage 0.000 km to 22.340 km on NH-129A in the State of Manipur on EPC mode",,Manipur,Ministry of Road Transport & Highways,Roads & Highways,02/2021,06/2021,12/2022,03/2027,226.32,226.32,190.19,75.08,FlashReport_July_2026 (1).pdf,123
2026-07,1290.0,617885,Rehabilitation and Up-gradation of Nongstoin Wahkaji section of Project Road Km 0000 to Km 43060 to Intermediate Lane with earthern shoulder under SARDP-NE Phase-A in the State of Meghalaya on EPC mode. Job No- SARDP-NE ong-Don- Maw/MG/2020-21/294,MoRTH,Meghalaya,Ministry of Road Transport & Highways,Roads & Highways,08/2020,02/2022,08/2023,08/2026,302.88,302.88,187.77,99.62,FlashReport_July_2026 (1).pdf,123
2026-07,1291.0,618076,Improvement and Widening two lannig with paved Shoulder of NH 127B from km 31.500 Goeragre to km 63.224 Package-II in state of Meghalaya,MoRTH,Meghalaya,Ministry of Road Transport & Highways,Roads & Highways,12/2023,05/2025,05/2027,,504.0,350.67,0.0,4.5,FlashReport_July_2026 (1).pdf,123
2026-07,1292.0,618294,Improvement and Widening of National Highway No. 127B Darugiri - Songsak - Williamnagar Junction Section to two lane with paved shoulder from design Km 0000 to Km 36635 Design length 36.635 Km existing Km 112000 to Km 151060 of NH-1278 under Bharatmala Pariyojana Lot-1 Pkg-1B Meghalaya portion,,Meghalaya,Ministry of Road Transport & Highways,Roads & Highways,03/2023,09/2025,09/2027,09/2027,801.07,801.07,176.55,26.8,FlashReport_July_2026 (1).pdf,124
2026-07,1293.0,618295,Improvement/Widening of New NH-217 Dainadubi-Darugiri section to Two lane with paved shoulder in Meghalaya from design Km 0000 to Km 40840 existing Km 8600 to Km 53000 of Old NH-62 under BMP Lot-1 Pkg-1B Meghalaya portion,,Meghalaya,Ministry of Road Transport & Highways,Roads & Highways,03/2023,03/2025,03/2027,03/2027,705.83,705.83,0.0,46.38,FlashReport_July_2026 (1).pdf,124
2026-07,1294.0,618374,Improvement/Widening to 2-L with Paved Shoulder/ 4-Laning of NH-40 section from Km 151330 to Km 163400 design Km 63.530 to Km 71.520 including Dawki Bridge of length 368 m between Shillong-Dawki under JICA ODA Loan assistance Phase-II Pkg- 5 -Balance work,,Meghalaya,Ministry of Road Transport & Highways,Roads & Highways,07/2020,05/2024,11/2026,11/2026,284.21,284.21,170.81,42.91,FlashReport_July_2026 (1).pdf,124
2026-07,1295.0,618375,Improvement/Widening to 2-Lane with Paved Shoulder from design Km 45.760 to Km 63.530 between Shillong-Dawki under JICA ODA Loan assistance Phase-II -Balance work Pkg-4,,Meghalaya,Ministry of Road Transport & Highways,Roads & Highways,07/2020,04/2024,04/2026,10/2026,445.51,445.51,42.39,53.43,FlashReport_July_2026 (1).pdf,124
2026-07,1296.0,618376,Improvement/Widening to 2-Lane with Paved Shoulder between Shillong-Dawki road up to Bangladesh Border from design Km 10.670 to Km 37.550 under JICA ODA Loan assistance Phase-II -Balance Work-Pkg-2,,Meghalaya,Ministry of Road Transport & Highways,Roads & Highways,07/2020,02/2024,08/2026,12/2026,525.67,525.67,0.0,53.21,FlashReport_July_2026 (1).pdf,124
2026-07,1297.0,618377,Improvement/Widening to 2-L with Paved Shoulder/4-L from Km 81740 to Km 93490 design Km 0000 to Km 10670 of NH-40 New NH-106 & 206 section & 4-L from design Km 0.00 to Km 0.930 of NH-44 section between Shillong-Dawki under JICA ODA Loan assistance Phase-II -Balance Work Pkg-1,,Meghalaya,Ministry of Road Transport & Highways,Roads & Highways,07/2020,10/2023,10/2025,06/2026,351.12,351.12,243.15,100.0,FlashReport_July_2026 (1).pdf,124
2026-07,1298.0,618418,Rehabilitation and up gradation of Nongstoin-Rambrai-Kyrshai road up to Meghalaya- Assam border from Km 0.335 to km 34.039 to 2-Lane under NHO - NE in the State of Meghalaya Package-1,,Meghalaya,Ministry of Road Transport & Highways,Roads & Highways,09/2021,05/2022,05/2024,12/2026,359.86,359.86,310.07,83.05,FlashReport_July_2026 (1).pdf,124
2026-07,1299.0,618419,"Construction of 2-Lane with paved shoulders of Shillong Western Bypass starting from NH-06 near Ladumsaw existing Km 60.900 of old NH40 to NH106 old NH 44E Package-III, from km 24700 to km 38256 under SARDP-NE PHASE A in the state of Meghalaya on EPC Mode Greenfield alignment",,Meghalaya,Ministry of Road Transport & Highways,Roads & Highways,03/2023,09/2024,09/2026,09/2026,562.48,562.48,340.17,52.28,FlashReport_July_2026 (1).pdf,124
2026-07,1300.0,618420,"Construction of 2 lane with paved shoulder of Shillong Western Bypass starting from NH-06 near Ladumsaw existing km 60.900 of old NH-40 to NH-106 old NH-44E, Package-II km 12800 to km 24700 under SARDP-NE Phase A in the State of Meghalaya on EPC Mode",,Meghalaya,Ministry of Road Transport & Highways,Roads & Highways,03/2023,09/2024,09/2026,09/2026,686.03,686.03,357.32,50.48,FlashReport_July_2026 (1).pdf,124
2026-07,1301.0,618421,"Construction of 2-Lane with paved shoulder of Shillong Western Bypass starting from NH-06 near Ladumsaw Existing km 60.900 of old NH-40 to NH106 old NH-44E, km 0000 to km 12800 Package-I under SARDP-NE PHASE A in the State of Meghalaya on EPC Mode Greenfield alignment",,Meghalaya,Ministry of Road Transport & Highways,Roads & Highways,03/2023,09/2024,09/2026,09/2026,620.3,620.3,332.95,74.85,FlashReport_July_2026 (1).pdf,124
2026-07,1302.0,618316,4-Laning of Vairengte - Chhimluang section Package-3 of NH-306 from Existing Chainage km 43000 to Km 59700 Design Chainage km 46000 to km 60850 on Silchar - Vairengte- Sairang road in the State of Mizoram under Bharatmala Pariyojna under NHO-NE. Package-1&2 in Assam state,,Mizoram,Ministry of Road Transport & Highways,Roads & Highways,12/2021,07/2025,01/2027,12/2026,491.39,491.39,238.01,17.86,FlashReport_July_2026 (1).pdf,124
2026-07,1303.0,618317,4-Laning of chhimluang-Kolasib from section pkg-4 of NH-306 & NH-6 existing chainage km 59700 to km 86000 design chainage km 61000 to km 77500 on Silchar- vairengte-sairang road in the state of Mizoram under Bharatmala Pariyojna on EPC mode Vairengte - Sairang Pkg-4,,Mizoram,Ministry of Road Transport & Highways,Roads & Highways,12/2021,07/2025,01/2027,12/2026,561.91,561.91,223.99,17.12,FlashReport_July_2026 (1).pdf,124
2026-07,1304.0,618318,4-Laning of Kolasib - Sethawn section Package-5 of NH-6 from Existing Chainage km 86000 to km 107850 Design Chainage km 77500 to km 95500 on silchar - vairengte - sairang road under Bharatmala Pariyojna on EPC mode under NHO-NE Vairengte - Sairang Pkg-5,,Mizoram,Ministry of Road Transport & Highways,Roads & Highways,11/2021,07/2025,07/2027,06/2027,720.4,720.4,259.85,11.86,FlashReport_July_2026 (1).pdf,124
2026-07,1305.0,618319,"4-Laning of Sethawn - N. Kawnpui section Package-6 of NH-6 from Existing Chainage km 107850 to km 126315 Design Chainage km 95500 to km 111850 on Silchar- Vairengte- Sairang road, Vairengte - Sairang Pkg-6",,Mizoram,Ministry of Road Transport & Highways,Roads & Highways,12/2021,07/2025,01/2027,12/2026,595.65,595.65,189.39,6.72,FlashReport_July_2026 (1).pdf,124
2026-07,1306.0,618320,Construction of 4-Laning of N. Kawnpui N. Mualvum Mualkhang via Khamrang Village section Package-7 of NH-6 from Existing Chainage km 127200 to km 142000 Design Chainage km 111850 to km 123400 on Silchar - Vairengte - Sairang road in the State of Mizoram on EPC mode,,Mizoram,Ministry of Road Transport & Highways,Roads & Highways,02/2024,10/2025,10/2028,,866.32,866.32,190.01,18.9,FlashReport_July_2026 (1).pdf,125
2026-07,1307.0,618321,Construction of 4-Laning of West Serawlg-Sairang section of NH-6 from Existing Chainage km 142000 to km 158900 Design Chainage km 123400 to km 136260 on Silchar - Vairengte - Sairang road in the State of Mizoram under Bharatmala Pariyojna on EPC mode under NHO-NE Package-8,,Mizoram,Ministry of Road Transport & Highways,Roads & Highways,02/2024,11/2025,11/2028,,875.79,875.79,288.34,13.95,FlashReport_July_2026 (1).pdf,125
2026-07,1308.0,618323,Construction of Twin Tube Uni-directional Aizawl Bypass Tunnel of 2.5 km and its approaches of 2.1 km from km 10.600 to km 15.200 on Sarrang - Phaibawk section of NH-6 in the State of Mizoram on EPC Mode under NHO-NE Package-2,,Mizoram,Ministry of Road Transport & Highways,Roads & Highways,01/2024,12/2025,12/2028,,1313.28,1313.28,0.11,0.0,FlashReport_July_2026 (1).pdf,125
2026-07,1309.0,618324,Construction of 2-lane Aizawl Bypass from km 15.200 to km 34.500 Package-3 on Sairang - Phaibawk section of NH-6 in the State of Mizoram under Bharatmala Pariyojna on EPC Mode under NHO-NE,,Mizoram,Ministry of Road Transport & Highways,Roads & Highways,02/2023,10/2025,11/2028,,720.72,720.72,102.62,15.1,FlashReport_July_2026 (1).pdf,125
2026-07,1310.0,618362,Construction of 2-laning with hard shoulder of Lunglei to Chhumkhum from Design Chainage Km 0.000 to Km 37.420 of NH-302 [Lunglei-Tlabung] Package-A,,Mizoram,Ministry of Road Transport & Highways,Roads & Highways,03/2021,06/2021,12/2022,11/2026,698.45,698.45,553.89,64.78,FlashReport_July_2026 (1).pdf,125
2026-07,1311.0,618363,Construction of 2-laning with hard shoulder configuration of Chhumkhum to Tlabung from Design Chainage Km 37.420 to Km 74.950 of NH-302 in Mizoram under Bharatmala Pariyojana on EPC mode [Pkg-B],,Mizoram,Ministry of Road Transport & Highways,Roads & Highways,06/2021,07/2021,01/2023,12/2026,740.58,740.58,494.49,61.34,FlashReport_July_2026 (1).pdf,125
2026-07,1312.0,618379,Widening and Up-gradation to 2- Lane with Paved Shoulder Configuration and geometric improvement from Km. 208. 000 to Km 250.000 Package-5 on Aizawl Tuipang Section of NH-54 in the State of Mizoram Package-5,,Mizoram,Ministry of Road Transport & Highways,Roads & Highways,09/2019,10/2019,04/2023,06/2026,752.89,752.89,125.64,95.35,FlashReport_July_2026 (1).pdf,125
2026-07,1313.0,618380,Widening and Up-gradation to 2- Lane with Paved Shoulder Configuration and geometric improvement from Km. 125. 000 to Km 166 Package-3 on Aizawl Tuipang Section of NH-54 in the State of Mizoram Package-3,,Mizoram,Ministry of Road Transport & Highways,Roads & Highways,09/2019,10/2019,04/2023,06/2026,867.09,867.09,525.13,97.51,FlashReport_July_2026 (1).pdf,125
2026-07,1314.0,618383,Widening and up-gradation to 2-lane with paved shoulder configuration and geometric improvements from km 339.00 to km 380.00 Siaha on Aizawl-Tuipang section under JICA ODA Loan assistance Phase-I Package-8,,Mizoram,Ministry of Road Transport & Highways,Roads & Highways,09/2019,03/2020,09/2023,06/2026,637.06,637.06,547.01,99.82,FlashReport_July_2026 (1).pdf,125
2026-07,1315.0,618452,"2-laning of Zorinpui - Longmasu section of NH-502A from km 0.000 to km 28.244 in the State of Mizoram on EPC mode under NHO-NE, stretch of IMBR",,Mizoram,Ministry of Road Transport & Highways,Roads & Highways,02/2023,12/2024,12/2026,07/2027,781.85,781.85,48.26,4.71,FlashReport_July_2026 (1).pdf,125
2026-07,1316.0,619010,Up-gradation to 2 lane with paved shoutders of Pawlrang - Rulchawm section- of NH- 102B of Aizawl - Imphal Economic Corridor from Existing Chainage km 72.030 to km 104.129 including 2.459 km re-alignment section from Tuivai River to Rulchawm connecting km 48.150 of NH-6 [Design Chainage km 68.170 to km 98.579] in the State of Mizoram under Bharatmala Pariyojna on EPC mode under NHO-NE Package-3 Keifang- Tuivai Pkg-3,,Mizoram,Ministry of Road Transport & Highways,Roads & Highways,12/2021,11/2023,05/2025,07/2026,500.88,500.88,443.61,99.52,FlashReport_July_2026 (1).pdf,125
2026-07,1317.0,619321,Balance work of widening to two laning/re-alignment and geometric improvement from Km. 11000 to Km. 114618 with rectification of damaged stretches and provision of protection works in vulnerable location of NH-44 in the State of Mizoram.,MoRTH,Mizoram,Ministry of Road Transport & Highways,Roads & Highways,10/2025,05/2026,05/2028,,170.96,170.96,0.0,2.0,FlashReport_July_2026 (1).pdf,125
2026-07,1318.0,619199,Bangalore Chennai Expressway Phase-II Pkg-I from km.71.000 to Km 96.000 Bethamangala in the state of Karnataka to Byreddypalli,,"Multi-States (Andhra Pradesh, Karnataka)",Ministry of Road Transport & Highways,Roads & Highways,12/2020,10/2022,10/2024,09/2026,1410.01,1410.01,744.42,99.2,FlashReport_July_2026 (1).pdf,125
2026-07,1319.0,618681,6L Aluru - Jakkuva Section of NH-130CD Road from km 365.033 to km 396.800 Pkg. 1,,"Multi-States (Andhra Pradesh, Odisha)",Ministry of Road Transport & Highways,Roads & Highways,02/2021,03/2022,03/2024,08/2026,1216.12,1241.66,703.33,99.63,FlashReport_July_2026 (1).pdf,125
2026-07,1320.0,618477,Bangalore Chennai Expressway Phase-III Package I Gudipala to Walajajhpet from Km 156.000 to Km 180.000,,"Multi-States (Andhra Pradesh, Tamil Nadu)",Ministry of Road Transport & Highways,Roads & Highways,10/2020,05/2022,05/2024,08/2026,1481.87,1481.87,746.74,99.02,FlashReport_July_2026 (1).pdf,125
2026-07,1321.0,618634,6L of Veera Kaveri Raja Puram to Pondavakkam from km 61.380 to km 96.040 of NH 716B Pkg-III,,"Multi-States (Andhra Pradesh, Tamil Nadu)",Ministry of Road Transport & Highways,Roads & Highways,03/2021,01/2023,01/2025,09/2026,1439.77,1439.77,808.62,98.89,FlashReport_July_2026 (1).pdf,125
2026-07,1322.0,618769,Walajahpet/Ranipet to TN/AP Border Section of from Km.106.800 to Km.133.36 NH-4,,"Multi-States (Andhra Pradesh, Tamil Nadu)",Ministry of Road Transport & Highways,Roads & Highways,12/2024,09/2025,09/2027,09/2027,1338.14,1214.7,240.77,15.58,FlashReport_July_2026 (1).pdf,126
2026-07,1323.0,618772,6L of Kumarajapet to Veera Kaveri Raja Puram from km 43.800 to km 61.380 of NH- 716B Pkg-II,,"Multi-States (Andhra Pradesh, Tamil Nadu)",Ministry of Road Transport & Highways,Roads & Highways,02/2021,10/2023,10/2025,09/2026,702.52,799.36,405.81,99.8,FlashReport_July_2026 (1).pdf,126
2026-07,1324.0,619077,6 laning of Balance Work of Chennai - Tada from km. 21.40 to km. 54.40,,"Multi-States (Andhra Pradesh, Tamil Nadu)",Ministry of Road Transport & Highways,Roads & Highways,12/2017,03/2018,03/2020,08/2026,464.62,472.37,389.77,100.0,FlashReport_July_2026 (1).pdf,126
2026-07,1325.0,618747,Khammam-Devarapalle Pkg III [4L Access Controlled Greenfield from Chintagudem village to Recherla village Design Chainage 63117 to 105236],,"Multi-States (Andhra Pradesh, Telangana)",Ministry of Road Transport & Highways,Roads & Highways,01/2021,09/2022,09/2024,08/2026,829.5,1227.07,649.55,98.82,FlashReport_July_2026 (1).pdf,126
2026-07,1326.0,618818,4L Access Controlled Greenfield Highway section on NH-163G Khammam Vijayawada from Remidicherla village at Design Ch. 280.200 Km to Jakkampudi village on NH-16 at Design Ch. 309.909 Km Package-III,,"Multi-States (Andhra Pradesh, Telangana)",Ministry of Road Transport & Highways,Roads & Highways,03/2023,10/2025,05/2027,12/2027,1183.23,1225.14,228.68,5.8,FlashReport_July_2026 (1).pdf,126
2026-07,1327.0,619143,4L Access Controlled Greenfield Highway section on NH-163G Khammam Vijayawada from BrahmanapalliK village at Design Ch. 250.400 Km to Remidicherla village at Design Ch. 280.200 KmPackage-II,,"Multi-States (Andhra Pradesh, Telangana)",Ministry of Road Transport & Highways,Roads & Highways,03/2023,03/2025,03/2027,06/2027,826.01,862.58,175.85,25.78,FlashReport_July_2026 (1).pdf,126
2026-07,1328.0,619212,6L Access Controlled Greenfield Highway of Julekal village to Dinnedevarapadu village from Km 242.200 to Km 280.400 Pkg-2,,"Multi-States (Andhra Pradesh, Telangana)",Ministry of Road Transport & Highways,Roads & Highways,01/2022,01/2023,01/2025,04/2027,1227.57,1315.87,539.17,70.6,FlashReport_July_2026 (1).pdf,126
2026-07,1329.0,618359,Widening/Improvement to 4-Lane with Paved Shoulder from km 55000 Nagabang Gamsuk to km 82514 Oyan in the State of Assam and Arunachal Pradesh on EPC mode under Bharatmala Pariyojna of Length 27.514 Km Package-3,,"Multi-States (Arunachal Pradesh, Assam)",Ministry of Road Transport & Highways,Roads & Highways,03/2023,09/2024,03/2027,03/2027,665.47,665.47,380.59,96.7,FlashReport_July_2026 (1).pdf,126
2026-07,1330.0,618531,6L of Aurangabad to Bihar-Jharkhand border Chordaha section from km. 180.000 to km. 209.827 of NH-2 PKG-01,,"Multi-States (Bihar, Jharkhand)",Ministry of Road Transport & Highways,Roads & Highways,02/2021,12/2024,12/2026,12/2026,1054.46,786.81,202.27,37.93,FlashReport_July_2026 (1).pdf,126
2026-07,1331.0,618724,6L Greenfield Varanasi-Ranchi-Kolkata Highway from Anarbansalea village to Sagrampur village From KM. 151200 to KM. 184700Package-7,,"Multi-States (Bihar, Jharkhand)",Ministry of Road Transport & Highways,Roads & Highways,03/2023,07/2025,06/2027,06/2027,1719.2,1723.42,340.33,28.16,FlashReport_July_2026 (1).pdf,126
2026-07,1332.0,618732,6L Greenfield Varanasi- Ranchi- Kolkata Highway from Sonepurbigha village to junction with NH- 22 Chatra Bypass near Chatra from km 184.700 to km 222.000Pkg - 8,,"Multi-States (Bihar, Jharkhand)",Ministry of Road Transport & Highways,Roads & Highways,03/2023,05/2026,05/2028,05/2028,1728.17,1728.17,200.25,3.94,FlashReport_July_2026 (1).pdf,126
2026-07,1333.0,618951,Hariharganj to Parwa Mode section from km 23.284 to km 57.049 of NH-98,,"Multi-States (Bihar, Jharkhand)",Ministry of Road Transport & Highways,Roads & Highways,09/2020,03/2022,02/2024,08/2026,1125.78,1186.56,830.06,91.3,FlashReport_July_2026 (1).pdf,126
2026-07,1334.0,618952,4L of Sahibganj - Manihari Ganga Bridge including Manihari Bypass,,"Multi-States (Bihar, Jharkhand)",Ministry of Road Transport & Highways,Roads & Highways,10/2016,11/2020,10/2024,10/2027,1954.77,1978.01,2025.05,87.02,FlashReport_July_2026 (1).pdf,126
2026-07,1335.0,619078,Six Laning of Bihar - Jharkhand Border Chordaha - Gorhar section of NH-2 from km 249.525 to km 320.810,,"Multi-States (Bihar, Jharkhand)",Ministry of Road Transport & Highways,Roads & Highways,12/2017,06/2019,11/2021,12/2026,1772.7,1689.17,1275.76,78.0,FlashReport_July_2026 (1).pdf,126
2026-07,1336.0,619307,4L of Munger Mirzachauki section from Km 157350 to Km 193931 Pkg-4,,"Multi-States (Bihar, Jharkhand)",Ministry of Road Transport & Highways,Roads & Highways,02/2021,08/2022,08/2024,08/2026,1376.56,1481.58,893.34,92.74,FlashReport_July_2026 (1).pdf,126
2026-07,1337.0,618530,Six Laning of Varanasi to Aurangabad from km. 786.00 to km. 978.40 of Old NH-2,,"Multi-States (Bihar, Uttar Pradesh)",Ministry of Road Transport & Highways,Roads & Highways,02/2009,09/2011,03/2014,08/2026,3241.56,3241.56,2860.22,99.92,FlashReport_July_2026 (1).pdf,126
2026-07,1338.0,618728,6L Greenfield Varanasi-Ranchi-Kolkata Highway from junction with NH-19 & Varanasi Ring Road near Rewasa village to junction with Chandauli-Chainpur road near Khainti village from Km. 0.000 to Km. 27.000 - Pkg-1,,"Multi-States (Bihar, Uttar Pradesh)",Ministry of Road Transport & Highways,Roads & Highways,03/2023,11/2024,11/2026,05/2027,1433.39,1564.15,559.01,47.63,FlashReport_July_2026 (1).pdf,126
2026-07,1339.0,618882,Construction of additional 3-Lane Bridge over River Ganga for connection between Buxar and Bharauli on NH-922 in the State of Uttar Pradesh and Bihar on Hybrid Annuity Mode,,"Multi-States (Bihar, Uttar Pradesh)",Ministry of Road Transport & Highways,Roads & Highways,03/2024,08/2025,02/2028,02/2028,531.61,444.92,47.11,22.26,FlashReport_July_2026 (1).pdf,126
2026-07,1340.0,619154,Construction of Four Lane Highway from Ghazipur- Ballia-UP/Bihar State Border Greenfield section of NH-31 Package III [from Pindari km 78.150 to Rawalganj Bypass Km 117.120] on EPC Mode in the state of Uttar Pradesh.,,"Multi-States (Bihar, Uttar Pradesh)",Ministry of Road Transport & Highways,Roads & Highways,10/2022,08/2023,08/2025,10/2026,1493.5,1493.59,1044.81,86.11,FlashReport_July_2026 (1).pdf,127
2026-07,1341.0,618584,4L of Kishanganj - Bahadurganj section from Km. 0.000 to Km. 23.649 & interchange at Start Point Length - 1.200 Km of NH-27,,"Multi-States (Bihar, West Bengal)",Ministry of Road Transport & Highways,Roads & Highways,01/2025,12/2025,12/2027,12/2027,962.84,855.56,181.12,20.14,FlashReport_July_2026 (1).pdf,127
2026-07,1342.0,619064,Vadodara Mumbai Expressway Talsari to Karvad Phase IB - Pkg X [Km 103.400 to Km 128.000],,"Multi-States (Dadra & Nagar Haveli and Daman & Diu, Gujarat, Maharashtra)",Ministry of Road Transport & Highways,Roads & Highways,10/2020,03/2022,03/2024,12/2027,1909.74,2652.24,1097.32,36.23,FlashReport_July_2026 (1).pdf,127
2026-07,1343.0,618942,Balance work of 2L PS from Km 30.800 to Km 70.800 and 2L with Rigid Carriageway from Km 70.800 to km 84.120 of Khanapur- KA/GOA Border section of NH-4A,,"Multi-States (Goa, Karnataka)",Ministry of Road Transport & Highways,Roads & Highways,01/2022,11/2022,05/2024,03/2027,226.76,149.44,110.31,84.7,FlashReport_July_2026 (1).pdf,127
2026-07,1344.0,618637,Bal. Works of Fagne Km. 510.000 to Maharashtra/Gujarat Border Km. 650.794,,"Multi-States (Gujarat, Maharashtra)",Ministry of Road Transport & Highways,Roads & Highways,12/2019,09/2020,09/2022,12/2026,1654.07,1672.89,1447.76,99.7,FlashReport_July_2026 (1).pdf,127
2026-07,1345.0,618486,Delhi-Amritsar-Katra Expressway Phase-I Pkg-V from Junction with Ambala-Kaithal- Hissar road NH-152 near Kharak Pandwa village to Junction with Patiala-Samana- Patran road SH-10 near Ghagga village Km 120250 to Km 157920,,"Multi-States (Haryana, Punjab)",Ministry of Road Transport & Highways,Roads & Highways,01/2021,05/2022,05/2024,08/2026,1741.86,2281.02,1508.2,98.7,FlashReport_July_2026 (1).pdf,127
2026-07,1346.0,619093,4L Ismailabad to Ambala Section of NH-152 Lot-4/Package-1,,"Multi-States (Haryana, Punjab)",Ministry of Road Transport & Highways,Roads & Highways,02/2023,12/2023,12/2025,02/2027,609.32,454.34,308.0,76.3,FlashReport_July_2026 (1).pdf,127
2026-07,1347.0,619134,6L of Ambala-Chandigarh greenfield section from Km. 0.000 to Km. 25.000 with 4L spur to Lalru from Km. 0.000 to Km. 5.828 & spur to PR-7 road from Km. 0.000 to Km. 11.157,,"Multi-States (Haryana, Punjab)",Ministry of Road Transport & Highways,Roads & Highways,03/2022,10/2023,10/2025,09/2026,1641.66,1904.79,1277.92,90.01,FlashReport_July_2026 (1).pdf,127
2026-07,1348.0,619216,6L access Controlled Greenfield Highway from Adhoya Musalmana to Sadopur section of Shamli -Ambala Package-III Design Ch. Form km 84.400 to km 121.786,,"Multi-States (Haryana, Punjab)",Ministry of Road Transport & Highways,Roads & Highways,05/2022,05/2023,05/2025,12/2026,1491.72,1122.86,791.92,81.33,FlashReport_July_2026 (1).pdf,127
2026-07,1349.0,618505,Additional Structures on 6LGurgaon-Jaipur Section of NH-48 between KM 42.700 to KM 273.00,,"Multi-States (Haryana, Rajasthan)",Ministry of Road Transport & Highways,Roads & Highways,08/2022,12/2022,06/2024,08/2026,409.64,290.64,200.31,88.9,FlashReport_July_2026 (1).pdf,127
2026-07,1350.0,618691,4 laning of Aligarh-Palwal Section from Km. 46.390 Design Chainage to Km. 69.110 Terminating at junction EPE Package-II from Kurana- Eastern Peripheral Expressway of NH-334D,,"Multi-States (Haryana, Uttar Pradesh)",Ministry of Road Transport & Highways,Roads & Highways,03/2024,08/2025,08/2027,08/2027,939.17,903.94,250.21,17.16,FlashReport_July_2026 (1).pdf,127
2026-07,1351.0,618723,6L access Controlled Greenfield Highway from Ranipur Barsi to Adhoya Musalmana section of Shamli -Ambala Package-II Design Ch. Form km 45.500 to km 84.400,,"Multi-States (Haryana, Uttar Pradesh)",Ministry of Road Transport & Highways,Roads & Highways,06/2022,05/2023,05/2025,02/2027,1554.21,1241.89,847.9,82.75,FlashReport_July_2026 (1).pdf,127
2026-07,1352.0,619068,Construction of Greenfield Connectivity to Jewar International Airport from DND- Faridabad-Ballabhgarh Bypass KMP Link - Spur to Delhi Mumbai Expressway,,"Multi-States (Haryana, Uttar Pradesh)",Ministry of Road Transport & Highways,Roads & Highways,07/2022,06/2023,06/2025,04/2027,2920.69,3485.77,1772.67,76.3,FlashReport_July_2026 (1).pdf,127
2026-07,1353.0,618907,2L/4L of Hoshiarpur to Una section including Hoshiarpur Bypass of NH 503A,,"Multi-States (Himachal Pradesh, Punjab)",Ministry of Road Transport & Highways,Roads & Highways,03/2023,05/2025,05/2027,05/2027,571.34,481.88,257.79,26.43,FlashReport_July_2026 (1).pdf,127
2026-07,1354.0,619066,Delhi-Amritsar-Katra Expressway Phase-II Pkg-XIV from Junction with Pathankot- Gurdaspur road NH-54 near Balsua to Junction with Hiranagar Road near village Gurha Baildaran km 423500 to km 468100,,"Multi-States (Jammu and Kashmir, Punjab)",Ministry of Road Transport & Highways,Roads & Highways,10/2021,09/2022,09/2024,10/2026,3044.02,3707.91,1776.5,87.3,FlashReport_July_2026 (1).pdf,127
2026-07,1355.0,618533,Barwa Adda Km. 398.240 to Panagarh Km. 521.120,,"Multi-States (Jharkhand, West Bengal)",Ministry of Road Transport & Highways,Roads & Highways,08/2010,04/2014,09/2016,08/2026,1560.39,1568.22,1694.94,100.0,FlashReport_July_2026 (1).pdf,127
2026-07,1356.0,618734,6L Greenfield Varanasi- Ranchi- Kolkata Highway from junction with NH-320 in Lepo village to Kamlapur villageJH/WB border from km 358.500 to km 387.200 Pkg -13,,"Multi-States (Jharkhand, West Bengal)",Ministry of Road Transport & Highways,Roads & Highways,03/2023,09/2025,09/2027,09/2027,1154.49,1319.18,330.27,24.76,FlashReport_July_2026 (1).pdf,127
2026-07,1357.0,618909,2L PS of JH / WB Border km. 70.524 - Purulia km.84.400 & Purulia km. 94.30 - Chandil Junction with NH-33 km. 153.705 of Old NH-32,,"Multi-States (Jharkhand, West Bengal)",Ministry of Road Transport & Highways,Roads & Highways,03/2018,12/2019,08/2022,10/2026,1652.4,1771.88,1652.04,97.65,FlashReport_July_2026 (1).pdf,127
2026-07,1358.0,618948,4L of NH-80 section of Mirza Chauki to Farakka section from existing km 190.00 to design km 200.75 junction at km 3.100 of NH 133 B and from existing km 260.00 to existing km 283.00 design km 274.133 in the state of Jharkhand package - II,,"Multi-States (Jharkhand, West Bengal)",Ministry of Road Transport & Highways,Roads & Highways,02/2025,02/2026,01/2028,01/2028,782.18,782.18,224.06,8.65,FlashReport_July_2026 (1).pdf,128
2026-07,1359.0,619205,Six Laning of KT/KL Border Thalapaddy -Chengala from Km. 17.200 to Km. 57.20,,"Multi-States (Karnataka, Kerala)",Ministry of Road Transport & Highways,Roads & Highways,05/2020,11/2021,05/2024,08/2026,1981.07,2681.48,1701.33,100.0,FlashReport_July_2026 (1).pdf,128
2026-07,1360.0,618516,6L from Sankeshwar Bypass to MH-KNT Border from Km. 555.017 to Km. 592.853 of NH-48 Pkg-II,,"Multi-States (Karnataka, Maharashtra)",Ministry of Road Transport & Highways,Roads & Highways,01/2022,10/2022,04/2025,05/2027,1388.7,1066.86,1183.98,85.3,FlashReport_July_2026 (1).pdf,128
2026-07,1361.0,618636,Akkalkot MH/KN border New Greenfield corridor from Km 512.000 to Km 548.400 of NH-150C part of Akkalkot KN/TS Border section Package XIV,,"Multi-States (Karnataka, Maharashtra)",Ministry of Road Transport & Highways,Roads & Highways,03/2023,10/2024,10/2026,06/2027,1370.75,1403.49,322.92,57.62,FlashReport_July_2026 (1).pdf,128
2026-07,1362.0,618519,Bangalore Ring Road STRR-NH-948A- Package-I of Phase-III from Belagondapalli TN to TN/KNT border from km 144.480 to 179.969,,"Multi-States (Karnataka, Tamil Nadu)",Ministry of Road Transport & Highways,Roads & Highways,03/2022,05/2023,05/2025,12/2026,1260.74,1218.47,777.0,92.95,FlashReport_July_2026 (1).pdf,128
2026-07,1363.0,618581,Hosur to Dhamrapuri Pkg-1 [Neraluru - Thorapalli Agraharam],,"Multi-States (Karnataka, Tamil Nadu)",Ministry of Road Transport & Highways,Roads & Highways,10/2021,10/2022,10/2024,01/2027,1828.66,1828.66,1464.36,78.7,FlashReport_July_2026 (1).pdf,128
2026-07,1364.0,618631,6L of MH/KN Border Nimbal Village to KN/TS Border Singnodi Village from Km. 162.5 to Km. 203.100 in Raichur of NH-150C Pkg-IV,,"Multi-States (Karnataka, Telangana)",Ministry of Road Transport & Highways,Roads & Highways,03/2022,11/2022,05/2025,08/2026,1499.73,1457.48,840.31,99.51,FlashReport_July_2026 (1).pdf,128
2026-07,1365.0,618632,6L Access Controlled Greenfield Highway of Nandinne village to Julekal village from Km 202.900 to Km 242.200 Pkg-1,,"Multi-States (Karnataka, Telangana)",Ministry of Road Transport & Highways,Roads & Highways,02/2022,01/2023,01/2025,08/2026,972.06,1044.06,459.49,93.79,FlashReport_July_2026 (1).pdf,128
2026-07,1366.0,619097,Thalassery Mahe Bypass Km 170.600 to Km 189.200 of NH-17New NH-66 in Kerala,,"Multi-States (Kerala, Puducherry)",Ministry of Road Transport & Highways,Roads & Highways,09/2017,12/2017,05/2020,08/2026,1181.12,1573.18,1534.73,100.0,FlashReport_July_2026 (1).pdf,128
2026-07,1367.0,619101,4L Shahpur to Muktainagar from Km. 186.000 to km 216.278 of NH 753L Pkg II of Boregaon Buzurg to Muktainagar,,"Multi-States (Madhya Pradesh, Maharashtra)",Ministry of Road Transport & Highways,Roads & Highways,12/2022,03/2024,03/2026,10/2026,784.35,659.52,330.42,64.0,FlashReport_July_2026 (1).pdf,128
2026-07,1368.0,618556,"Construction of 26 VUPs, Major Bridge, Service Road etc. on Lalitpur-Sagar- Lakhnadon section of NH-44 NS",,"Multi-States (Madhya Pradesh, Uttar Pradesh)",Ministry of Road Transport & Highways,Roads & Highways,02/2023,03/2024,03/2026,08/2026,665.91,665.91,574.39,97.4,FlashReport_July_2026 (1).pdf,128
2026-07,1369.0,618668,4L of Chowka to Kaimaha near MP/UP Border section NH-34 from D. Ch. 145.000 to D. Ch. 197.266 excluding existing Chhatarpur bypass from D. Ch. 160.307 to D. Ch. 168.630 Package-4,,"Multi-States (Madhya Pradesh, Uttar Pradesh)",Ministry of Road Transport & Highways,Roads & Highways,10/2024,09/2025,09/2027,08/2026,996.5,846.68,312.98,49.18,FlashReport_July_2026 (1).pdf,128
2026-07,1370.0,618941,4L of Bamni - Rajura - Warur - Devada upto M.S. Border of NH - 930D from km 19.000 to km 51.985,,"Multi-States (Maharashtra, Telangana)",Ministry of Road Transport & Highways,Roads & Highways,03/2022,03/2024,03/2026,12/2026,968.05,1187.19,826.96,78.16,FlashReport_July_2026 (1).pdf,128
2026-07,1371.0,618844,Viluppuram Km.0.000 to Puducherry Km.29.000,,"Multi-States (Puducherry, Tamil Nadu)",Ministry of Road Transport & Highways,Roads & Highways,03/2018,11/2021,11/2023,09/2026,1358.31,1162.44,526.41,98.32,FlashReport_July_2026 (1).pdf,128
2026-07,1372.0,618845,Puducherry Km.29.000 to Poondiyankuppam Km.67.000,,"Multi-States (Puducherry, Tamil Nadu)",Ministry of Road Transport & Highways,Roads & Highways,03/2018,11/2021,11/2023,09/2026,1588.4,1415.9,460.45,98.75,FlashReport_July_2026 (1).pdf,128
2026-07,1373.0,618847,Sattanathapuram to Nagapattinam from Km 123.800 to Km 179.555,,"Multi-States (Puducherry, Tamil Nadu)",Ministry of Road Transport & Highways,Roads & Highways,03/2018,10/2020,10/2022,12/2026,2899.77,2899.77,1595.37,85.6,FlashReport_July_2026 (1).pdf,128
2026-07,1374.0,618711,6L with access control provision Saharanpur bypass to Ganeshpur section from 13.89 Km to 41.820 Km of Delhi- Dehradun Economic Corridor package-2,,"Multi-States (Uttar Pradesh, Uttarakhand)",Ministry of Road Transport & Highways,Roads & Highways,04/2022,11/2022,11/2024,08/2026,796.65,560.03,508.43,99.29,FlashReport_July_2026 (1).pdf,128
2026-07,1375.0,618783,4-laning of Pilibhit - Sitarganj from Km. 32.500 to Km. 70.800 Pkg-2 of NH-30,,"Multi-States (Uttar Pradesh, Uttarakhand)",Ministry of Road Transport & Highways,Roads & Highways,01/2023,03/2024,03/2026,10/2027,1471.19,1471.19,470.11,44.41,FlashReport_July_2026 (1).pdf,128
2026-07,1376.0,618886,Road Safety Improvement of Critical Junctions on MuzaffarnagarHaridwar Section of NH-334 from Km 143000 to Km 196000,,"Multi-States (Uttar Pradesh, Uttarakhand)",Ministry of Road Transport & Highways,Roads & Highways,04/2025,10/2025,10/2027,10/2027,238.66,0.1,42.08,22.64,FlashReport_July_2026 (1).pdf,128
2026-07,1377.0,618928,"Improvement & Up-gradation of NH-734 Section of Moradabad-Thakurdwara Kashipur including Moradabad & Kashipur Bypasse Package-III Kashipur Bypass Length 14.490 Km., Starts from Ch. 38770 and ends at Ch. 53260 existing Ch. 05560",,"Multi-States (Uttar Pradesh, Uttarakhand)",Ministry of Road Transport & Highways,Roads & Highways,02/2023,03/2024,09/2025,03/2027,936.12,717.5,386.34,53.84,FlashReport_July_2026 (1).pdf,129
2026-07,1378.0,618969,4/6L of Spur to Haridwar Greenfield from Km. 0.000 to Km. 50.70,,"Multi-States (Uttar Pradesh, Uttarakhand)",Ministry of Road Transport & Highways,Roads & Highways,11/2021,02/2023,02/2025,09/2026,2155.95,2612.3,1543.12,92.98,FlashReport_July_2026 (1).pdf,129
2026-07,1379.0,619217,4L of Haridwar-Nagina section from km. 0.00 to km. 71.614 of NH-74,,"Multi-States (Uttar Pradesh, Uttarakhand)",Ministry of Road Transport & Highways,Roads & Highways,12/2015,01/2018,07/2020,08/2026,1659.12,1622.49,1546.89,99.85,FlashReport_July_2026 (1).pdf,129
2026-07,1380.0,617886,Widening of existing Single lane / Intermediate lane road to 2 lane from Km 101 to Km 125 of NH 61,MoRTH,Nagaland,Ministry of Road Transport & Highways,Roads & Highways,06/2020,06/2024,06/2026,04/2027,252.2,252.2,0.0,44.46,FlashReport_July_2026 (1).pdf,129
2026-07,1381.0,618072,Widening to Existing single lane /intermediate lane to 2 lane from Km185.00 to Km 220.00 of NH-61 New NH-02 in the state of Nagaland.,MoRTH,Nagaland,Ministry of Road Transport & Highways,Roads & Highways,03/2021,07/2022,07/2024,03/2026,297.25,297.25,155.15,100.0,FlashReport_July_2026 (1).pdf,129
2026-07,1382.0,618290,"Construction of 2-lane with Paved shoulder of Kohima- Bypass Road Connecting NH- 39New NH-02, NH-150New NH-02, NH-61New NH-29, NH-39New NH-02 from Design Km 32.00 to Design Km 43.454Design Length-11.454 Km in the State of Nagaland under SARDP-NE on EPC Mode Package-IV",,Nagaland,Ministry of Road Transport & Highways,Roads & Highways,07/2020,10/2020,04/2022,12/2026,202.36,202.36,102.32,46.77,FlashReport_July_2026 (1).pdf,129
2026-07,1383.0,618291,"Construction of 2-lane with Paved shoulder of Kohima-Bypass Road connecting NH- 39 New NH-02, NH150New NH-02, NH7-61 New NH-29 and NH-39 New NH-02 from Design km 21.000 to km 32.268 [Design length11.268 km] in the state of Nagaland Under SARDP-NE on EPC Mode Package- 3",,Nagaland,Ministry of Road Transport & Highways,Roads & Highways,07/2020,06/2023,06/2025,12/2026,159.85,342.29,128.32,39.54,FlashReport_July_2026 (1).pdf,129
2026-07,1384.0,618292,Construction of 2-Lane with paved shoulder of Kohima-Bypass Road connecting New NH-02 and New NH-29 from Design Km 10.500 to design Km 21.000 [Design Length- 10.500 km] including TUNNEL of 500m at Ch. 11.000 in the state of Nagaland Under SARDP-NE on EPC Mode Package-2,,Nagaland,Ministry of Road Transport & Highways,Roads & Highways,07/2020,10/2020,10/2022,10/2027,277.44,277.44,201.99,69.76,FlashReport_July_2026 (1).pdf,129
2026-07,1385.0,618293,"Construction of 2-Lane with paved shoulder of Kohima-Bypass Road connecting NH- 39New NH-02, NH-150New NH-02, NH-61New NH-29 and NH-39New NH-02 from design Km 0.00 to Km 10.500 in the State of Nagaland under SARDP-NE on EPC Mode Package-1 -Balance work",,Nagaland,Ministry of Road Transport & Highways,Roads & Highways,07/2020,11/2023,11/2026,11/2026,232.29,350.88,120.92,27.24,FlashReport_July_2026 (1).pdf,129
2026-07,1386.0,618296,Balance work of Construction of 2-lane with hard shoulder of Kohima - Jessami road on NH-29 old NH-150 from existing km 98.380 near Chizami vill. to km120.367 Nagaland/Manipur Border [Design km 95.700 to design km 117.200] [Design Length 21.500 km] in the state of Nagaland Under Bharatmala Pariyojna on EPC Mode Package-V under NHO,,Nagaland,Ministry of Road Transport & Highways,Roads & Highways,03/2020,11/2023,11/2025,07/2026,330.8,330.8,268.18,98.39,FlashReport_July_2026 (1).pdf,129
2026-07,1387.0,618297,Construction of 2-lane with hard shoulder of Kohima - Jessami road on NH-29 Old NH- 150 from existing Km 30.474 Near Kidwema road Chakahabama to existing Km 53.220 Near Kikruma Village Design Km 29.60 to Km 51.50 Design length-21.90 Km in the state of Nagaland Under Bharatmala Pariyojna on EPC Mode under NHO Package-II -Balance work,,Nagaland,Ministry of Road Transport & Highways,Roads & Highways,03/2020,01/2024,01/2026,12/2026,355.79,355.79,0.0,43.13,FlashReport_July_2026 (1).pdf,129
2026-07,1388.0,618328,4-Laning of Balance work of Dimapur-Kohima Road from design km 152.490 to km 166.700 Existing km 156.000 to km 172.900 Excluding Dimapur & Kohima Bypass under SARDP-NE Package-III,,Nagaland,Ministry of Road Transport & Highways,Roads & Highways,03/2016,09/2023,09/2025,09/2026,562.98,794.75,542.85,84.32,FlashReport_July_2026 (1).pdf,129
2026-07,1389.0,618364,"Widening to 2 Lane with Hard shoulder of Akegwo-Avangkhu section of NH-202K for Package-I Design Chainage 0000 Km to 34795 Km, in the State of Nagaland on EPC mode under NH O-NE",,Nagaland,Ministry of Road Transport & Highways,Roads & Highways,12/2022,08/2023,02/2026,02/2026,430.24,430.24,0.0,87.0,FlashReport_July_2026 (1).pdf,129
2026-07,1390.0,618365,Widening to 2 Lane with Hard shoulder of Akegwo-Avangkhu section of NH-202K for Package-III Design Chainage 69875 Km to 106816 Km in the State of Nagaland on EPC mode under NHO-NE,,Nagaland,Ministry of Road Transport & Highways,Roads & Highways,12/2022,08/2023,02/2026,02/2026,497.18,497.18,0.0,85.67,FlashReport_July_2026 (1).pdf,129
2026-07,1391.0,618366,Widening to 2 Lane with Hard shoulder of Akegwo-Avangkhu section of NH-202K for Package-II Design Chainage 34795 Km to 69875 Km in the State of Nagaland on EPC mode under NHO-NE,,Nagaland,Ministry of Road Transport & Highways,Roads & Highways,12/2022,08/2023,02/2026,02/2026,442.54,442.54,0.0,58.5,FlashReport_July_2026 (1).pdf,129
2026-07,1392.0,618413,Construction of 2 laning with Hard shoulder of Peren-Dimapur section on NH 129A from Design Km 146.208 to Km 163.592 Length- 17.384 km in the state of Nagaland on EPC mode under NHO-TSP Package-III,,Nagaland,Ministry of Road Transport & Highways,Roads & Highways,02/2021,06/2023,06/2025,08/2026,177.77,199.02,111.71,95.62,FlashReport_July_2026 (1).pdf,130
2026-07,1393.0,618414,Construction of Balance work for 2-lane with hard shoulder of Peren- Dimapur section on NH-129A from Design Km 126.775 to Km 146.208 Length 19.433 Km in the state of Nagaland on EPC mode under NHO-TSP Package-II,,Nagaland,Ministry of Road Transport & Highways,Roads & Highways,01/2021,09/2023,09/2025,09/2025,258.52,258.52,136.09,96.53,FlashReport_July_2026 (1).pdf,130
2026-07,1394.0,618422,"Construction of 2-lane with hard shoulders of Merangkong-Tamlu-Mon road Wakching Twon portion on EPC basis from existing Chainage Km 59000 to Km 73640 [Design Km. 59000 to Km, 72450] Design length - 13.450 Km under SARDP-NE package-V Balance work",,Nagaland,Ministry of Road Transport & Highways,Roads & Highways,03/2021,09/2023,09/2025,07/2026,161.73,161.73,101.28,99.75,FlashReport_July_2026 (1).pdf,130
2026-07,1395.0,618423,Construction of 2-Lane with hard shoulders of Merangkong-Tamlu-Mon MTM Road from existing Km 20.456 to Km 41.065 Design Km. 20 to Km. 40.0 Design Length- 20.000 Km in the State of Nagaland under SARDP-NE Phase-A Pkg-2 Balance work,,Nagaland,Ministry of Road Transport & Highways,Roads & Highways,03/2018,08/2023,08/2025,03/2026,215.79,215.79,173.12,100.0,FlashReport_July_2026 (1).pdf,130
2026-07,1396.0,619059,Construction of 2-Lane with hard shoulders of Merangkong-Tamlu-Mon Road on EPC Basis from existing road Km. 76.640 to Km 98.065 Design chainage Km. 63.800 to Km. 86.835 Design Length-23.035 Km in the state of Nagaland under SARDP-NE PKG-IV Balance work,,Nagaland,Ministry of Road Transport & Highways,Roads & Highways,03/2018,09/2023,09/2025,12/2026,323.98,323.98,147.37,79.03,FlashReport_July_2026 (1).pdf,130
2026-07,1397.0,617898,New construction of Major Bridge with Approaches from Km 0.000 to 1.200 Madhopur -Badabanta section of NH-20 under NHO in Annual Plan 2022-23 in the State of Odisha,MoRTH,Odisha,Ministry of Road Transport & Highways,Roads & Highways,03/2023,04/2025,10/2027,10/2027,199.5,199.5,0.32,0.0,FlashReport_July_2026 (1).pdf,130
2026-07,1398.0,617899,Widening and Strengthening to 4LPS/2LPS from km 0.000 to 35.800 Kuakhia - Mangalpur section of NH 20 in the state of Odisha on Annual Plan 2021-22,MoRTH,Odisha,Ministry of Road Transport & Highways,Roads & Highways,03/2022,02/2024,02/2026,11/2026,636.1,636.1,296.5,56.11,FlashReport_July_2026 (1).pdf,130
2026-07,1399.0,617902,construction or By-pass road on NH-26 for Nabrangpur Town,MoRTH,Odisha,Ministry of Road Transport & Highways,Roads & Highways,03/2023,12/2024,12/2026,12/2026,168.95,168.95,11.13,38.0,FlashReport_July_2026 (1).pdf,130
2026-07,1400.0,617904,Construction of Bypass road to Balangir town from km 72/400 Desing km 0/0 to km 79/800 Design km 11/670 of NH-26 in the State of Odisha.,MoRTH,Odisha,Ministry of Road Transport & Highways,Roads & Highways,02/2022,04/2023,10/2025,12/2026,238.78,238.78,6.79,55.0,FlashReport_July_2026 (1).pdf,130
2026-07,1401.0,617905,Construction of 4 lane ROB with approaches in lieu of LC No. RV-172 at km 176.00 of NH-201 present NH-26 at Kesinga including land acquisition in the state of Odisha on EPC mode under Annual Plan 2021-22,MoRTH,Odisha,Ministry of Road Transport & Highways,Roads & Highways,12/2021,05/2023,05/2025,05/2027,324.09,324.09,88.48,78.0,FlashReport_July_2026 (1).pdf,130
2026-07,1402.0,617918,"Widening and Strengthening of existing S/L, I/L, & D/L to 2 Lane with PS from Km 256/455 to 256/503, 256/820 to 256/960, 265/760 to 266/010, 266/010 to 266/800, 270/975 to 271/055, 276/460 to 276/560, 276/560 to 276/700, 276/700 to 277/480, 285/780 to 288/290, 288/290 to 291/050 and construction of 3 Nos. of Bypass from Km 266/800 to 267/300, 270/025 to 270/975, & 284/700 to 285/780 on NH-53 under NHO in Annual Plan 2022-23 for the State of Odisha.",MoRTH,Odisha,Ministry of Road Transport & Highways,Roads & Highways,03/2023,06/2026,12/2027,,174.21,174.21,6.43,0.0,FlashReport_July_2026 (1).pdf,130
2026-07,1403.0,617920,Widening and Strengthening to 2LPS including LA from km 318.970 to 353.450 Balikuda-Mulkani Section of NH-55 under NHO in Annual Plan 2022-23 in the State of Odisha. Job No. NH-55-OD-2022-23-656,MoRTH,Odisha,Ministry of Road Transport & Highways,Roads & Highways,01/2022,06/2025,06/2027,06/2027,511.54,511.54,7.64,3.0,FlashReport_July_2026 (1).pdf,130
2026-07,1404.0,617921,Widening and strengthening to 2LPS including LA of Kandarpur-Balikuda from km 277/500 to 318/970 of NH-55 in the State of Odisha under Annual Plan 2021-22.,MoRTH,Odisha,Ministry of Road Transport & Highways,Roads & Highways,03/2022,06/2023,06/2025,11/2026,499.79,499.79,131.36,66.0,FlashReport_July_2026 (1).pdf,130
2026-07,1405.0,617922,Construction of Jharsuguda Bypass including Land acqusition on NH-49 from km 258.636 to km 283.300 design chainage 258.636 to km 289.876 under NHO in Annual Plan 2022-23 for the state of Odisha Job No.NH-49-OD-2022-23-655,MoRTH,Odisha,Ministry of Road Transport & Highways,Roads & Highways,09/2021,01/2025,07/2027,07/2027,587.1,587.1,52.58,25.0,FlashReport_July_2026 (1).pdf,130
2026-07,1406.0,617923,Construction of Daspalla Bypass from km 195.250 To 200.635 of NH-57 including land acquisition in the state of Odisha on EPC mode under Annual Plan 2022-23.,MoRTH,Odisha,Ministry of Road Transport & Highways,Roads & Highways,02/2023,05/2025,05/2027,05/2027,155.97,155.97,53.05,25.0,FlashReport_July_2026 (1).pdf,130
2026-07,1407.0,617925,Construction of Bypass to Khordha town from Km 294/000 to 300/300 on NH-57 including LA in the State of Odisha on EPC mode.,MoRTH,Odisha,Ministry of Road Transport & Highways,Roads & Highways,02/2022,05/2023,11/2024,08/2026,157.49,157.49,33.69,92.0,FlashReport_July_2026 (1).pdf,130
2026-07,1408.0,617930,Construction of Bypass on NH-59 from Km 336/350 to 349/910 13.56 km near Berhampur town including 4-lane RoB in the state of Odisha.,MoRTH,Odisha,Ministry of Road Transport & Highways,Roads & Highways,03/2021,03/2022,12/2025,12/2026,196.94,196.94,59.55,70.0,FlashReport_July_2026 (1).pdf,131
2026-07,1409.0,618003,Construction of four lane ROB and its approaches in lieu of existing Level Crossing No. RV-71 at km 435 on NH-217 New NH-353 at Khariar including land acquisition under NHO in Annual Plan 2021-22 for the state of Odisha for F.Y. 2021-22 to F.Y 2033-34,MoRTH,Odisha,Ministry of Road Transport & Highways,Roads & Highways,11/2021,06/2023,12/2024,09/2026,154.49,154.49,25.17,90.0,FlashReport_July_2026 (1).pdf,131
2026-07,1410.0,618012,"Widening & strengthenlng to 2LPS from km 0,000 to 40.000 Dhaugaon- Podamari section of NH 326 in the State of Odisha under Annual Plan 2021.22.",MoRTH,Odisha,Ministry of Road Transport & Highways,Roads & Highways,03/2022,02/2024,02/2026,12/2026,186.52,186.52,46.39,60.0,FlashReport_July_2026 (1).pdf,131
2026-07,1411.0,618079,Construction of Dharmagarh Bypass on NH-130C including land acquisition in the state of Odisha on EPC Mode under Annual plan 2022-23.,MoRTH,Odisha,Ministry of Road Transport & Highways,Roads & Highways,03/2023,04/2025,10/2026,10/2026,172.66,172.66,0.0,15.0,FlashReport_July_2026 (1).pdf,131
2026-07,1412.0,618122,Widening to 2 lane with paved shoulded of Jareikela Jharkhand/Odisha Border - Dhabaleswar section from 0/0 to 36/0 of NH-320D in the State of Odisha under Annual Plan 2021-22.,MoRTH,Odisha,Ministry of Road Transport & Highways,Roads & Highways,03/2022,10/2024,10/2026,10/2026,172.09,172.09,7.42,34.0,FlashReport_July_2026 (1).pdf,131
2026-07,1413.0,618523,Bhadrak KM 136.500 to Baleshwar KM 199.141,,Odisha,Ministry of Road Transport & Highways,Roads & Highways,11/2014,03/2019,09/2021,11/2026,844.67,1394.82,783.98,91.32,FlashReport_July_2026 (1).pdf,131
2026-07,1414.0,618591,"Construction of 6-lane flyover at Ainthapali junction and a 2-lane ROB LHS on NH-53 Earlier NH-6 in Sambalpur, on EPC mode in Odisha under NHO",,Odisha,Ministry of Road Transport & Highways,Roads & Highways,03/2024,06/2024,12/2026,12/2026,374.17,211.74,106.91,54.2,FlashReport_July_2026 (1).pdf,131
2026-07,1415.0,618592,"Balance work of 8 nos. of Elephant Underpasses EUPs, 1 no. of Vehicular Underpass VUP, 1 nos. of Light Vehicular Underpass LVUP, 1 nos. of Pedestrian Underpass PUP, 1 nos. of Foot Over Bridge FOB and A2 side approach of Jharpokharia Flyover at Km.215.270 in Baharagora-Singhara section of NH-49",,Odisha,Ministry of Road Transport & Highways,Roads & Highways,09/2023,11/2024,05/2026,10/2027,320.64,244.85,55.3,25.04,FlashReport_July_2026 (1).pdf,131
2026-07,1416.0,618593,Balance work of Rehabilitation and Upgradation to four laning of Baharagora Singhara section of NH-49 from Km.229.727 to Km.238.990 Length 9.263 Km. including construction of five nos. of Elephant Underpasses EUP and fourteen nos. of Animal Underpasses AUP inside the buffer zone of Similipal Tiger Reserve Area in Bangriposi Ghat section in the State of Odisha on EPC Mode,,Odisha,Ministry of Road Transport & Highways,Roads & Highways,03/2025,05/2025,11/2027,11/2027,263.32,163.07,13.82,9.95,FlashReport_July_2026 (1).pdf,131
2026-07,1417.0,618677,6L Greenfield Kaliagura Baunsaguar Section of NH-130-CD Road from km 249000 to km 293000 Package OD-5,,Odisha,Ministry of Road Transport & Highways,Roads & Highways,09/2021,05/2022,05/2024,11/2026,1539.75,1918.49,1026.67,97.8,FlashReport_July_2026 (1).pdf,131
2026-07,1418.0,618678,6L Greenfield Baunsaguar - Baraja Section of NH-130-CD Road from km 293000 to km 338500 Package OD-6,,Odisha,Ministry of Road Transport & Highways,Roads & Highways,08/2021,06/2022,05/2024,08/2026,1265.59,1635.44,1001.24,99.6,FlashReport_July_2026 (1).pdf,131
2026-07,1419.0,618680,6L Greenfield Kandili - Aluru Section of NH-130-CD Road from km 342500 to km 365033 Package-OD-8,,Odisha,Ministry of Road Transport & Highways,Roads & Highways,12/2021,10/2022,10/2024,08/2026,1492.74,1912.84,1088.96,99.9,FlashReport_July_2026 (1).pdf,131
2026-07,1420.0,618704,6L Flyover including RE Wall approaches with Flexible Pavement in the Elephant Corridor of Angul Sambalpur Section of NH-42 New NH-55 Km.202.533,,Odisha,Ministry of Road Transport & Highways,Roads & Highways,09/2023,06/2024,01/2027,08/2026,150.86,106.32,106.14,100.0,FlashReport_July_2026 (1).pdf,131
2026-07,1421.0,618705,"4L Godibandha to Ballhar Chhak, Ballhar Chhak to Banarpal & Banarpal to Start of Angul bypass at Km.314.130 to Km.321.035 of NH53, at Km.75.200 to Km.84.000 of NH149 & at Km.84.000 to Km.86.100 of NH55",,Odisha,Ministry of Road Transport & Highways,Roads & Highways,12/2024,02/2026,02/2028,02/2028,973.12,973.12,241.06,5.4,FlashReport_July_2026 (1).pdf,131
2026-07,1422.0,618820,Rehabilitation and Up gradation from 4 to 8 laning of Chandikhole Paradip Section of NH-53 Old NH 5A from Km.39.000 to Km.60.00 Package-3,,Odisha,Ministry of Road Transport & Highways,Roads & Highways,03/2023,12/2023,12/2025,03/2027,861.84,938.55,395.96,92.02,FlashReport_July_2026 (1).pdf,131
2026-07,1423.0,618821,Rehabilitation and Up gradation from 4 to 8 laning of Chandikhole Paradip Section of NH-53 Old NH 5A from Km 18.00 to Km 39.00 in the State of Odisha on HAM mode Package-2,,Odisha,Ministry of Road Transport & Highways,Roads & Highways,03/2023,12/2023,12/2025,11/2026,920.47,950.4,424.45,98.22,FlashReport_July_2026 (1).pdf,131
2026-07,1424.0,618822,Rehabilitation and Up gradation from 4 to 8 laning of Chandikhole Paradip Section of NH-53 Old NH 5A from Km.0.00 to Km.18.00Package-1,,Odisha,Ministry of Road Transport & Highways,Roads & Highways,03/2023,12/2023,12/2025,01/2027,929.91,869.45,398.91,96.75,FlashReport_July_2026 (1).pdf,131
2026-07,1425.0,618908,3L Major Bridge over River Brahmani at Km. 401.250 Duburi - Chandikhole Section of NH-200 New NH -53,,Odisha,Ministry of Road Transport & Highways,Roads & Highways,04/2022,08/2022,01/2025,09/2027,153.61,103.68,73.76,38.0,FlashReport_July_2026 (1).pdf,132
2026-07,1426.0,619109,6L of Badakumari - Karki Section from Km 179.000 to km 226.500 of NH-130-CD Package OD-3,,Odisha,Ministry of Road Transport & Highways,Roads & Highways,03/2021,04/2022,04/2024,08/2026,1101.76,1374.43,713.46,99.7,FlashReport_July_2026 (1).pdf,132
2026-07,1427.0,619118,Four Laning of Angul to Sambalpur from Km.112.000 to Km.265.000,,Odisha,Ministry of Road Transport & Highways,Roads & Highways,09/2016,03/2017,08/2019,08/2026,2510.04,2632.91,2464.91,99.98,FlashReport_July_2026 (1).pdf,132
2026-07,1428.0,619119,Cuttack-Angul Section of NH-42 New NH-55 from km 0.400 to km 60.200 Pkg-I in the State of Odisha,,Odisha,Ministry of Road Transport & Highways,Roads & Highways,10/2017,01/2018,07/2020,09/2026,999.32,1178.31,1128.52,99.0,FlashReport_July_2026 (1).pdf,132
2026-07,1429.0,619157,4 Laning of Talcher to end of Kamakhyanagar Bypass km 8.844 - km 15.725 of NH- 149 and km 301.875 - km 335.946 of NH-53 Pkg-I,,Odisha,Ministry of Road Transport & Highways,Roads & Highways,01/2018,02/2019,08/2021,10/2026,795.18,810.71,715.74,99.0,FlashReport_July_2026 (1).pdf,132
2026-07,1430.0,619158,4 Laning of Duburi Chandikhole from km 388.376 to km 428.074 Pkg-III,,Odisha,Ministry of Road Transport & Highways,Roads & Highways,01/2018,02/2020,08/2022,10/2026,789.0,907.61,724.96,86.0,FlashReport_July_2026 (1).pdf,132
2026-07,1431.0,619181,Rehabilitation and Up gradation from 4 to 8 laning of Chandikhole Paradip Section of NH-53 Old NH 5A from Km.60.000 to Km.76.646 Package-4,,Odisha,Ministry of Road Transport & Highways,Roads & Highways,03/2023,11/2024,10/2026,12/2027,882.45,1009.92,196.67,36.02,FlashReport_July_2026 (1).pdf,132
2026-07,1432.0,619213,6L of Hatibena - Badakumari Section from Km 146.50 to km 179.00 of NH-130-CD Package OD-2,,Odisha,Ministry of Road Transport & Highways,Roads & Highways,02/2021,03/2022,03/2024,08/2026,791.17,1070.63,733.61,99.99,FlashReport_July_2026 (1).pdf,132
2026-07,1433.0,619215,Cuttack-Angul Section of NH-42 New NH-55 from Km.60.200 to Km. 112.000 Pkg-II in the State of Odisha,,Odisha,Ministry of Road Transport & Highways,Roads & Highways,10/2017,03/2018,09/2020,09/2026,991.41,1168.82,1083.8,99.66,FlashReport_July_2026 (1).pdf,132
2026-07,1434.0,618010,Development to 4-lane with paved shoulder for the road section Talwandi Sabo- Raman road to refinery Road junction with Bathinda Dabwali Road of NH-254 from existing Km 131.600 to Km 155.650 Design Km 131600 to km 155600 in the State of Punjab. Job No NH-254-PB-2022-23-565,MoRTH,Punjab,Ministry of Road Transport & Highways,Roads & Highways,03/2023,05/2025,11/2026,11/2026,546.67,546.67,0.0,45.0,FlashReport_July_2026 (1).pdf,132
2026-07,1435.0,618024,Up-gradation to two lane with paved shoulder configuration of NH-354 Section Arifkes- Ferozepur-Muktsar-Malaut from Km 201.500 to Km 212.500 & Km 229.690 to Km 269.960 and strengthening of existing pavement from Km 212.500 to Km 229.690 excluding Km 218.500 to 223.690 of NH-354 on EPC Mode in the State of Punjab. Job No. NH-354-PB-2020-21-532,MoRTH,Punjab,Ministry of Road Transport & Highways,Roads & Highways,03/2021,10/2023,04/2025,09/2026,263.19,263.19,0.0,83.0,FlashReport_July_2026 (1).pdf,132
2026-07,1436.0,618489,Delhi-Amritsar-Katra Expressway Phase-I Pkg-IX from Junction with Ludhiana-Moga road NH-5 near Mullanpur Dakha to Junction with Jalandhar - Moga road NH-703 near Kang Sahibu village Km 260860 to km 303900,,Punjab,Ministry of Road Transport & Highways,Roads & Highways,12/2020,07/2022,07/2024,03/2027,1851.47,2407.14,1935.88,73.35,FlashReport_July_2026 (1).pdf,132
2026-07,1437.0,618492,Delhi-Amritsar-Katra Expressway Phase-I Pkg-XII from Junction with Amritsar-Mehta- SriHargobindpur-Tanda road NH-503A near SriHargobindpur to Junction with Pathankot-Gurdaspur road NH-54 near Gurdaspur Km 362420 to km 397700,,Punjab,Ministry of Road Transport & Highways,Roads & Highways,03/2021,02/2025,02/2027,06/2027,1734.18,1538.47,780.61,27.6,FlashReport_July_2026 (1).pdf,132
2026-07,1438.0,618493,Delhi-Amritsar-Katra Expressway Phase-I Spur-I from Jn. with Kapurthala - Sultanpur Lodhi Road NH-703A near Isharwal village to Jn. with Kapurthala - Tarn Taran road NH-703AA near Goinwal Sahib [Km 24000 to Km 41000 of Amritsar connectivity],,Punjab,Ministry of Road Transport & Highways,Roads & Highways,12/2021,04/2023,04/2026,03/2028,2165.23,1519.6,618.22,34.79,FlashReport_July_2026 (1).pdf,132
2026-07,1439.0,618551,Greenfield connectivity from Govindsar village on Delhi Amritsar Katra Expressway to Talwara village on NH-44 Pathankot by-pass,,Punjab,Ministry of Road Transport & Highways,Roads & Highways,11/2024,07/2025,07/2027,07/2027,666.81,690.47,217.52,29.01,FlashReport_July_2026 (1).pdf,132
2026-07,1440.0,618552,Development of 6L Greenfield Jalandhar Bypass starting from Kahlwan NH-03 ending at Kang Sahbu NH-703 via Sarmastpur NH-44 - Madara NH-03 - Khajurla NH-44,,Punjab,Ministry of Road Transport & Highways,Roads & Highways,03/2021,01/2023,01/2025,06/2027,1754.84,2167.39,1252.02,56.7,FlashReport_July_2026 (1).pdf,132
2026-07,1441.0,618610,6L of Jodhpur Romana Bathinda - Mandi Dabwali Punjab Haryana Border section of NH-54 from km. 0.000 to km. 27.400 of NH-54,,Punjab,Ministry of Road Transport & Highways,Roads & Highways,05/2020,08/2023,08/2025,08/2026,789.26,1318.91,719.18,99.0,FlashReport_July_2026 (1).pdf,132
2026-07,1442.0,618617,6L Amritsar-Bathinda Greenfield section from village Tiba on NE-5A to Jn. with Moga Jalandhar road NH-703 near Dharamkot from km 0.000 to km 39.000 of NH-754A Pkg-1,,Punjab,Ministry of Road Transport & Highways,Roads & Highways,03/2021,11/2022,11/2024,12/2027,1229.38,1549.32,1014.98,72.41,FlashReport_July_2026 (1).pdf,133
2026-07,1443.0,618618,6L Amritsar-Bathinda Greenfield section from Jn. with Bhagta Bhai Ka-Bhadaur Road near Dyalpura Bhai Ka to Jn. with Mandi Dabwali Bathinda Road on NH-54 near Sangat Kalan from km 93.000 to km 154.866 of NH-754A Pkg-3,,Punjab,Ministry of Road Transport & Highways,Roads & Highways,03/2021,06/2024,06/2026,07/2027,2029.17,2677.23,1442.16,74.0,FlashReport_July_2026 (1).pdf,133
2026-07,1444.0,618647,6L Access Controlled Ludhiana-Bathinda Greenfield highway from Jn. with Amritsar- Bathanda Greenfield Road NH-754A near Rampura Phul to Jn. with Moga-Barnala Road NH-703 near village Tallewal from Km 0.0 to Km 30.3 of NH-754AD Pkg-1,,Punjab,Ministry of Road Transport & Highways,Roads & Highways,06/2021,09/2023,09/2025,10/2026,906.51,1020.52,687.82,81.5,FlashReport_July_2026 (1).pdf,133
2026-07,1445.0,618648,"Development of 6-lane Greenfield Southern Ludhiana Bypass from intersection with NH-44 near Village Rajgarh to intersection with Delhi Katra Expressway NE-5 near Village Ballowal, km 0000 to km 25240",,Punjab,Ministry of Road Transport & Highways,Roads & Highways,11/2024,03/2026,03/2028,03/2028,1424.55,1424.55,162.39,5.79,FlashReport_July_2026 (1).pdf,133
2026-07,1446.0,618764,Moga - Bagha Purana - Bajakhana from km. 0.00 to km. 43.32,,Punjab,Ministry of Road Transport & Highways,Roads & Highways,05/2020,12/2022,12/2024,12/2026,1032.59,1264.17,799.77,76.0,FlashReport_July_2026 (1).pdf,133
2026-07,1447.0,618776,4L of Greenfield section from Sirhind to Mohali,,Punjab,Ministry of Road Transport & Highways,Roads & Highways,03/2022,05/2023,05/2025,09/2026,1237.65,1301.15,1391.6,98.66,FlashReport_July_2026 (1).pdf,133
2026-07,1448.0,618785,4/6L Greenfield LudhianaRupnagar highway from Jn. with NE-5 village near to ManewalLudhiana to Jn. with NH-205 near Bheora Village Rupnagar from Km 66.0 to Km 91.0 i/c spur to Kharar from Km 0.0 to Km 19.5 with Ludhiana bypass of NH-205K Pkg-3,,Punjab,Ministry of Road Transport & Highways,Roads & Highways,07/2021,02/2023,02/2025,12/2026,1501.02,1815.13,1162.52,80.25,FlashReport_July_2026 (1).pdf,133
2026-07,1449.0,618786,4L of Phagwara - Hoshiarpur,,Punjab,Ministry of Road Transport & Highways,Roads & Highways,11/2022,03/2025,03/2027,07/2027,1196.38,1503.79,556.23,20.03,FlashReport_July_2026 (1).pdf,133
2026-07,1450.0,618793,4L of Fazilka to Abohar section of NH-07 including construction of Greenfield Abohar & Fazilka Bypasses,,Punjab,Ministry of Road Transport & Highways,Roads & Highways,03/2023,04/2024,04/2026,08/2027,1409.88,1674.04,913.89,67.0,FlashReport_July_2026 (1).pdf,133
2026-07,1451.0,618794,Amritsarairport Junction - Ramdas from km. 100.835 to km. 139.813 Pkg - IV,,Punjab,Ministry of Road Transport & Highways,Roads & Highways,12/2020,03/2022,09/2023,09/2026,524.88,416.58,395.48,96.0,FlashReport_July_2026 (1).pdf,133
2026-07,1452.0,618795,Amritsar Bypass Pkg III from km. 71.496 to km. 105.158,,Punjab,Ministry of Road Transport & Highways,Roads & Highways,02/2021,08/2022,08/2024,12/2026,1474.77,1228.42,1222.67,82.88,FlashReport_July_2026 (1).pdf,133
2026-07,1453.0,618809,4L of Beas-Mehta-Batala-Dera Baba Nanak from intersection with Jalandhar-Amritsar Highway NH-3 near Beas till start of Batala Bypass near Village Acchhal from Km. 0.000 to Km. 31.300 Pkg-1,,Punjab,Ministry of Road Transport & Highways,Roads & Highways,08/2021,06/2023,06/2025,05/2027,809.51,966.99,670.85,68.2,FlashReport_July_2026 (1).pdf,133
2026-07,1454.0,618810,4L of existing Beas Baba Bakala - Dera Baba Nanak Section from start of Batala Bypass till intersection with Ajnala Gurdaspur Highway NH 354 near Dera Baba Nanak from Km. 31.300 to Km. 69.100 with Additional batala Bypass Pkg-II,,Punjab,Ministry of Road Transport & Highways,Roads & Highways,10/2021,06/2023,06/2025,03/2027,1003.38,993.6,800.86,80.9,FlashReport_July_2026 (1).pdf,133
2026-07,1455.0,618906,4L of Amritsar-Ghoman - Tanda - Una Section from Km 8.270 to Km 54.000 of NH- 503A Package-I,,Punjab,Ministry of Road Transport & Highways,Roads & Highways,12/2020,06/2022,06/2024,03/2027,857.91,1443.47,772.91,68.9,FlashReport_July_2026 (1).pdf,133
2026-07,1456.0,619099,6L Amritsar-Bathinda Greenfield section from Jn. with Moga Jalandhar road NH-703 near Dharamkot to Jn. with Bhagta Bhai Ka-Bhadaur Road near Dyalpura Bhai Ka from km 39.000 to km 93.000 of NH-754A Pkg-2,,Punjab,Ministry of Road Transport & Highways,Roads & Highways,03/2021,06/2024,06/2026,06/2027,1801.37,2172.71,1268.39,66.53,FlashReport_July_2026 (1).pdf,133
2026-07,1457.0,619105,6L Access Controlled Ludhiana-Bathinda Greenfield highway from Jn. with Moga- Barnala Road NH-703 near village Tallewal to Jn. with Delhi-Katra Expressway NE-5 near Ludhiana village Ballowal from Km 30.300 to Km 75.543 of NH-754AD Pkg-2,,Punjab,Ministry of Road Transport & Highways,Roads & Highways,07/2021,09/2025,09/2027,09/2027,1555.13,1564.66,711.39,25.55,FlashReport_July_2026 (1).pdf,133
2026-07,1458.0,619200,Delhi-Amritsar-Katra Expressway Phase-I Spur-III from Junction with Amritsar- Jalandhar road NH-3 near Bhishambarpura to Junction with Amritsar-Anjala road NH- 354 near Amritsar Airport [Km 71000 to Km 99000 of Amritsar connectivity],,Punjab,Ministry of Road Transport & Highways,Roads & Highways,03/2021,11/2022,10/2024,10/2027,1641.75,1951.7,1364.2,33.85,FlashReport_July_2026 (1).pdf,133
2026-07,1459.0,619318,4/6L Greenfield Ludhiana Rupnagar highway from Jn. with NE-5 village near to ManewalLudhiana to Jn. with NH-205 near Bheora Village Rupnagar from Km. 0.00 to Km. 37.7 including spur to Kharar with Ludhiana bypass of NH-205K Pkg-1,,Punjab,Ministry of Road Transport & Highways,Roads & Highways,05/2021,12/2022,12/2024,12/2027,1368.91,1382.48,533.33,15.31,FlashReport_July_2026 (1).pdf,134
2026-07,1460.0,617901,Widening of Pachpadra-Bagundi Section to 4 Lane from Km 73/60 to 95/70 of NH-25 on EPC mode in the state of Rajasthan.,MoRTH,Rajasthan,Ministry of Road Transport & Highways,Roads & Highways,01/2022,12/2022,12/2024,07/2026,194.88,194.88,55.29,98.58,FlashReport_July_2026 (1).pdf,134
2026-07,1461.0,618011,Construction of 2 lane with paved shoulder for the work of Development of remaining sections of NH-325 Balotra to sanderao via Jalore to 2 lane with paved shoulder configuration by Construction of Byasses for town portions1 Asotra- Brahmdham bypass 2Siwana Bypass 3 Mokalsar Bypass 4 Major realignment at Kathadi 5 Major realignment at Bishangarh 6 Jalore Bypass 7 Ahore Town portion 8 Dujana Bypass in the state of Rajasthan on EPC Mode,MoRTH,Rajasthan,Ministry of Road Transport & Highways,Roads & Highways,12/2021,05/2022,05/2024,10/2026,411.44,411.44,85.69,92.77,FlashReport_July_2026 (1).pdf,134
2026-07,1462.0,618069,Upgradation to Two-lane with paved shoulder of Hanumangarh to Kenchiyan section from Km 0.000existing chainage-Km 23.200 to Km 49.605existing chainage-Km 74.645 of NH-54 in the State of Rajasthan on EPC mode.,MoRTH,Rajasthan,Ministry of Road Transport & Highways,Roads & Highways,03/2022,10/2024,10/2026,10/2026,334.64,334.64,0.0,72.0,FlashReport_July_2026 (1).pdf,134
2026-07,1463.0,618092,Up-gradation to 2 lane with paved shoulder from Neechli Oden Nathdwara at Design Km 88.800 existing km 55.95 to Bhatewar at Design Km 142.028 existing km 0.00 of NH-162E in the State of Rajasthan on EPC mode.,MoRTH,Rajasthan,Ministry of Road Transport & Highways,Roads & Highways,02/2023,10/2024,10/2026,10/2026,606.61,606.61,304.62,63.52,FlashReport_July_2026 (1).pdf,134
2026-07,1464.0,618117,Upgradation to 2-Lane with Paved Shoulder from Design Km 36300 to Design Chainage 47918 and from Design Ch 69900 to Design Ch 83940 of NH-248A Natni Ka Bara in the State of Rajasthan on EPC Mode.,MoRTH,Rajasthan,Ministry of Road Transport & Highways,Roads & Highways,02/2024,11/2024,05/2026,08/2026,154.89,154.89,15.13,23.0,FlashReport_July_2026 (1).pdf,134
2026-07,1465.0,618200,Construction of 2 lane with Paved Shoulder for Northern Bypass Phase-II of Kota city in the State of Rajasthan.,MoRTH,Rajasthan,Ministry of Road Transport & Highways,Roads & Highways,03/2022,10/2023,04/2025,11/2026,317.74,317.74,6.14,50.33,FlashReport_July_2026 (1).pdf,134
2026-07,1466.0,618235,Balance work of Rehabilitation and Up-gradation to 4-Lane configuration of Ras- Beawar Section Km 00.000 to km 30.050 of NH-158 in the State of Rajasthan under Green National Highway Corridor Project GNHCP.,MoRTH,Rajasthan,Ministry of Road Transport & Highways,Roads & Highways,01/2025,06/2025,12/2026,12/2026,278.1,278.1,99.13,56.2,FlashReport_July_2026 (1).pdf,134
2026-07,1467.0,618457,Delhi-Vadodara Greenfield Alignment NH-148N Pkg-10 Ch. 292.950 to Ch. 319.400 [End of Interchange on NH-166 near village Mui to Hardeoganj village near Indergarh],,Rajasthan,Ministry of Road Transport & Highways,Roads & Highways,11/2019,05/2021,05/2023,09/2026,1272.97,1265.16,1150.13,95.25,FlashReport_July_2026 (1).pdf,134
2026-07,1468.0,618458,Delhi-Vadodara Greenfield Alignment NH-148N Pkg-15 Ch. 419.000 to Ch.427.300 [Junction with NH-12 near village Ummedpura to Major bridge over Takli river near Nayagaon Jageer village],,Rajasthan,Ministry of Road Transport & Highways,Roads & Highways,07/2020,07/2021,01/2024,08/2026,1854.68,1854.68,1530.92,98.28,FlashReport_July_2026 (1).pdf,134
2026-07,1469.0,618611,Sangariya near Chautala-Rasisar near Bikaner section of NH-754K Phase-I AJ/SR- Package-7,,Rajasthan,Ministry of Road Transport & Highways,Roads & Highways,02/2019,06/2021,06/2023,08/2026,520.63,548.42,450.59,100.0,FlashReport_July_2026 (1).pdf,134
2026-07,1470.0,618612,Deogarh near Dhandhaniya-Rajasthan/Gujarat Border Phase-I AJ/DRGB-Package-6,,Rajasthan,Ministry of Road Transport & Highways,Roads & Highways,10/2019,08/2021,08/2023,08/2026,846.59,740.62,705.48,100.0,FlashReport_July_2026 (1).pdf,134
2026-07,1471.0,618613,Deogarh near Dhandhaniya-Rajasthan/Gujarat Border Phase-I AJ/DRGB-Package-7,,Rajasthan,Ministry of Road Transport & Highways,Roads & Highways,10/2019,07/2021,07/2023,08/2026,662.08,597.77,561.75,99.2,FlashReport_July_2026 (1).pdf,134
2026-07,1472.0,618757,6L access controlled Highway from Km 40080 to Km 86513 Mator to Barodameo Section,,Rajasthan,Ministry of Road Transport & Highways,Roads & Highways,09/2022,03/2024,03/2026,06/2027,2010.2,1565.88,708.28,37.27,FlashReport_July_2026 (1).pdf,134
2026-07,1473.0,618758,6L accesscontrolled highway from km 0000 to km 40080 Paniyala to Mator Section of Paniyala-Barodameo ICR,,Rajasthan,Ministry of Road Transport & Highways,Roads & Highways,09/2022,09/2024,09/2026,08/2026,1764.86,1239.24,571.41,42.75,FlashReport_July_2026 (1).pdf,134
2026-07,1474.0,618796,Tanot -Ramgarh-Bhadasar-Jaisalmer NH-68 and BhadasarMokal-Sarkaritala up to Pakisthan Border NH-968 Pkg-BM/5,,Rajasthan,Ministry of Road Transport & Highways,Roads & Highways,02/2018,04/2019,04/2021,08/2026,828.58,830.37,755.88,100.0,FlashReport_July_2026 (1).pdf,134
2026-07,1475.0,618797,"Widening Strengthening of 2-Lane with Paved Shoulder from MyajlarJaisalmer from Design Chainage 0000 to 98350 Section of NH-11 & SundraMyajlarAmbasingh ki Dhani Road from Design Chainage 46000 to 81601, part of MunabaoTanot Road Section of NH-70 along with Strengthening/Widening of Existing Connection of NH-70 & NH-11 of length 0.914 km in the State of Rajasthan under NHO on Hybrid Annuity Mode",,Rajasthan,Ministry of Road Transport & Highways,Roads & Highways,03/2025,12/2025,12/2027,12/2027,1237.71,927.02,94.08,21.22,FlashReport_July_2026 (1).pdf,135
2026-07,1476.0,618838,4L of Karwar Km. 281.980 of NH-62 Nagaur road to Dangiyavas of Jodhpur Ring Road Pkg-II,,Rajasthan,Ministry of Road Transport & Highways,Roads & Highways,11/2021,08/2022,08/2024,08/2026,736.75,512.77,463.98,100.0,FlashReport_July_2026 (1).pdf,135
2026-07,1477.0,618853,Construction of Four lane Elevated Structure at Raniwada Circle in Sanchore City on NH-68,,Rajasthan,Ministry of Road Transport & Highways,Roads & Highways,01/2024,07/2024,07/2026,11/2026,353.3,241.34,192.88,89.37,FlashReport_July_2026 (1).pdf,135
2026-07,1478.0,619251,Construction of two lane with paved shoulder of Ghatol Bypass from km 133.250 to km 140.950 of NH-56 old NH No. 113 on EPC mode in the State of Rajasthan.,MoRTH,Rajasthan,Ministry of Road Transport & Highways,Roads & Highways,03/2025,03/2026,09/2027,,170.49,170.49,0.0,17.0,FlashReport_July_2026 (1).pdf,135
2026-07,1479.0,619270,"Upgradation of 6 laned Jaipur- Kishangarh section of NH-48 from km 274100 to 363885 involving construction of flyovers and Service road in Rajasthan On Engineering, Procurement & Construction EPC Mode",,Rajasthan,Ministry of Road Transport & Highways,Roads & Highways,03/2026,08/2026,01/2029,08/2028,910.91,910.91,0.0,0.0,FlashReport_July_2026 (1).pdf,135
2026-07,1480.0,619271,Construction of Elevated Corridor at Kherwara Town on Udaipur Ratanpur Shamlaji Section of NH-48 in Udaipur District in the State of Rajasthan on EPC mode,,Rajasthan,Ministry of Road Transport & Highways,Roads & Highways,03/2026,07/2026,01/2029,01/2029,363.89,363.89,0.38,0.0,FlashReport_July_2026 (1).pdf,135
2026-07,1481.0,618071,Construction of two lane with paved shoulder Gangtok Bypass Road from Ranipool to Burtuk Ch 0.00 Km to 23.316 L23.316 Km in the State of Sikkim,MoRTH,Sikkim,Ministry of Road Transport & Highways,Roads & Highways,10/2021,05/2022,05/2024,12/2026,385.15,342.89,203.36,92.0,FlashReport_July_2026 (1).pdf,135
2026-07,1482.0,618426,Construction/Up gradation of Existing road to 2 Lane with Paved Shoulder including Geometric Improvement from Ranipool to Pakyong Balance work from Km 2.000 to 16.167 of NH-717-A on EPC basis under SARDP-NE Phase A in the State of Sikkim,,Sikkim,Ministry of Road Transport & Highways,Roads & Highways,03/2018,01/2023,07/2024,12/2026,264.84,380.94,127.34,87.03,FlashReport_July_2026 (1).pdf,135
2026-07,1483.0,618428,Realignment of NH-717A from Design Ch.0.00 Km 77.800 of NH-10 to Design Ch.2.00 Km 3.100 of NH-717A with two lane paved shoulder including Major Bridge of 680 m in the State of Sikkim on EPC Mode-COS work,,Sikkim,Ministry of Road Transport & Highways,Roads & Highways,01/2021,04/2021,04/2023,05/2026,264.84,380.94,70.71,100.0,FlashReport_July_2026 (1).pdf,135
2026-07,1484.0,618446,Construction & Upgradation of existing road to 2-lane with paved shoulder from New Rolep Bridge at km 37.600 to Chochenpheri at km 52.00 in the section of Rongli to Chochenpheri of NH 717B Pkg-II C,,Sikkim,Ministry of Road Transport & Highways,Roads & Highways,10/2020,05/2021,05/2024,09/2026,493.42,478.79,395.19,79.13,FlashReport_July_2026 (1).pdf,135
2026-07,1485.0,618447,Construction of 2-Laning with Paved Shoulder of New Greenfield Alignment From Helipad near Menla at Km 82000 to Menla at Km 94030 of Rhenock-Menla Spur NH- 717B Package-IIIB on EPC Basis under SARDP-NE Phase 'A' in the State of Sikkim.,,Sikkim,Ministry of Road Transport & Highways,Roads & Highways,01/2021,02/2021,02/2024,05/2027,410.6,379.3,241.77,82.64,FlashReport_July_2026 (1).pdf,135
2026-07,1486.0,618448,Construction of 2-Laning with Paved Shoulder of New Greenfield Alignment From Chochenpheri at Km 52000 to Helipad near Menla at Km 82000 of Rhenock-Menla Spur NH-717B Package-IIIA on EPC Basis under SARDP-NE Phase 'A' in the State of Sikkim.,,Sikkim,Ministry of Road Transport & Highways,Roads & Highways,10/2020,12/2020,12/2023,05/2027,816.79,786.6,474.96,64.31,FlashReport_July_2026 (1).pdf,135
2026-07,1487.0,618449,Construction & Upgradation of existing road to 2-lane with paved shoulder from km27.200 End of Rongli bypass to km37.600New Rolep Bridge of Rhenok-Menla spur NH-717B on EPC Mode under SARDP-NE Phase-A in Sikkim Pkg-II B,,Sikkim,Ministry of Road Transport & Highways,Roads & Highways,07/2020,10/2020,04/2023,09/2026,230.45,244.91,249.71,86.19,FlashReport_July_2026 (1).pdf,135
2026-07,1488.0,618450,Rehabilitation & Upgradation of existing road to 2-lane with paved shoulder including geometric improvement of section from start of Rabangla km33.600 to km58.840 under SARDP-NE Phase A Pkg- IV,,Sikkim,Ministry of Road Transport & Highways,Roads & Highways,07/2020,10/2020,05/2022,12/2026,292.8,292.8,253.63,65.15,FlashReport_July_2026 (1).pdf,135
2026-07,1489.0,617962,"Construction of Bypass to Madurai Achambathu Viratipathu in between km 6/850 10/382 of NH 49 Extn New NH 85 including Land Acquisition on Engineering, Procurement & Construction EPC basis Contract under NH O Annual Plan 2021-22 in the state of Tamil Nadu job No.NH-49 Extn New NH 85 - TN-2021-22-997",MoRTH,Tamil Nadu,Ministry of Road Transport & Highways,Roads & Highways,03/2022,09/2024,08/2026,08/2026,238.97,260.07,126.56,94.0,FlashReport_July_2026 (1).pdf,135
2026-07,1490.0,618478,Bangalore Chennai Expressway Phase-III Package II Walajahpet to Arakkonam from Km 180.000 to Km 204.500,,Tamil Nadu,Ministry of Road Transport & Highways,Roads & Highways,01/2021,07/2022,07/2024,08/2026,1106.65,1106.65,593.0,93.04,FlashReport_July_2026 (1).pdf,135
2026-07,1491.0,618479,Bangalore Chennai Expressway Phase-III Package III Arakkonam to Kancheepuram from Km 204.500 to Km 230.000,,Tamil Nadu,Ministry of Road Transport & Highways,Roads & Highways,12/2020,08/2022,07/2024,12/2027,1525.1,1525.1,360.95,53.56,FlashReport_July_2026 (1).pdf,136
2026-07,1492.0,618480,Construction of Trumpet Interchange Connecting Bangalore Chennai Expressway km.261705 to km. 262800 with Maduravoyal to Walajapet Section of NH 48 near Sriperumbudur Toll Plaza at km. 35700,,Tamil Nadu,Ministry of Road Transport & Highways,Roads & Highways,05/2023,02/2024,08/2025,10/2026,162.55,162.56,54.98,38.52,FlashReport_July_2026 (1).pdf,136
2026-07,1493.0,618481,4L Bangalore-Chennai Expressway from Km. 230.000 to Km. 261.705 of Kanchepuram to Sriperumbudur Section Phase-III/Package-IV,,Tamil Nadu,Ministry of Road Transport & Highways,Roads & Highways,02/2021,07/2022,07/2024,10/2026,3605.73,3605.73,987.38,89.97,FlashReport_July_2026 (1).pdf,136
2026-07,1494.0,618521,Karaipettai to Walajapet from Km 71.015 to 107.091,,Tamil Nadu,Ministry of Road Transport & Highways,Roads & Highways,08/2018,02/2019,02/2021,08/2026,766.51,766.51,613.76,93.55,FlashReport_July_2026 (1).pdf,136
2026-07,1495.0,618522,Balance Works for six laning of Sriperumbudur to karaipettai section of NH-4 New NH- 48 from 37000 Existing Km 37000 to Km 71015 Existing Km 71000 in Tamilnadu on EPC mode underNHDP Phase-V,,Tamil Nadu,Ministry of Road Transport & Highways,Roads & Highways,06/2024,01/2025,10/2026,03/2027,411.16,411.16,134.65,38.26,FlashReport_July_2026 (1).pdf,136
2026-07,1496.0,618561,Improving the Alignment of Thoppur Ghat Section from Km 158.500 to Km 165.100 in Dharmapuri - Salem Section of NH-44,,Tamil Nadu,Ministry of Road Transport & Highways,Roads & Highways,03/2024,03/2025,03/2028,03/2028,904.99,731.09,211.34,47.84,FlashReport_July_2026 (1).pdf,136
2026-07,1497.0,618563,4L of Madurai Ring Road Phase 1 [Vadipatti-Thamrapatti] from km 0.00 - km 29.960,,Tamil Nadu,Ministry of Road Transport & Highways,Roads & Highways,12/2018,03/2020,03/2022,08/2026,900.05,900.05,903.57,99.42,FlashReport_July_2026 (1).pdf,136
2026-07,1498.0,618608,4L of left-over works including additional structures from Kerala/Tamil Nadu border to Kanyakumari Section from Km 43.0 to Km 96.174 of NH66,,Tamil Nadu,Ministry of Road Transport & Highways,Roads & Highways,11/2022,08/2023,08/2025,12/2026,1564.23,1263.42,980.14,81.85,FlashReport_July_2026 (1).pdf,136
2026-07,1499.0,618635,6L of Pondavakkam to Kannigaipair from km 96.040 to km 116.100 of NH 716B Pkg- IV,,Tamil Nadu,Ministry of Road Transport & Highways,Roads & Highways,02/2021,01/2023,01/2025,12/2027,1359.81,1359.81,409.35,44.53,FlashReport_July_2026 (1).pdf,136
2026-07,1500.0,618744,4L of Thirumangalam to Vadugapatti section from km 0.000 to km 36.000 of NH-744,,Tamil Nadu,Ministry of Road Transport & Highways,Roads & Highways,03/2022,02/2023,02/2025,08/2026,1076.97,791.6,685.52,95.95,FlashReport_July_2026 (1).pdf,136
2026-07,1501.0,618756,Melur - Pilayarpatti - Karaikudi from km 99.920 of NH 38 to km 12.9 of NH 383 Ext.,,Tamil Nadu,Ministry of Road Transport & Highways,Roads & Highways,12/2018,03/2020,03/2022,08/2026,1103.86,1085.41,956.44,98.12,FlashReport_July_2026 (1).pdf,136
2026-07,1502.0,618800,Construction of New Double Tier 4L Elevated Corridor from Chennai Port to Maduravoyal in Chennai District from km -0.342 to Km 20.593 and Package II from Km 4.604 to Km 9.700,,Tamil Nadu,Ministry of Road Transport & Highways,Roads & Highways,03/2023,11/2023,05/2026,03/2029,1616.97,1616.97,250.4,18.13,FlashReport_July_2026 (1).pdf,136
2026-07,1503.0,618801,Construction of New Double Tier 4-lane Elevated Corridor from Chennai Port to Maduravoyal in Chennai District from Km -0342 to Km 20223 Package 1 from Km - 0342 to Km 4604,,Tamil Nadu,Ministry of Road Transport & Highways,Roads & Highways,03/2023,11/2023,05/2026,03/2029,1388.59,1388.59,275.2,22.8,FlashReport_July_2026 (1).pdf,136
2026-07,1504.0,618846,Poondiyankuppam Km.67.000 to Sattanathapuram Km.123.800,,Tamil Nadu,Ministry of Road Transport & Highways,Roads & Highways,03/2018,01/2022,01/2024,09/2026,2565.63,2319.35,1210.2,99.8,FlashReport_July_2026 (1).pdf,136
2026-07,1505.0,618894,4L of Madathukulam - Pollachi from km. 74.38 to km. 116.95 of old NH-209 New NH- 83,,Tamil Nadu,Ministry of Road Transport & Highways,Roads & Highways,01/2019,12/2020,12/2022,09/2026,1772.13,1772.13,1062.67,97.65,FlashReport_July_2026 (1).pdf,136
2026-07,1506.0,618895,Kamalapuram to Oddanchatram from km. 0.00 to km. 35.822,,Tamil Nadu,Ministry of Road Transport & Highways,Roads & Highways,01/2019,01/2021,01/2023,09/2026,1319.42,1319.42,649.83,93.6,FlashReport_July_2026 (1).pdf,136
2026-07,1507.0,618898,Balance Works for Four laning of Vikravandi to Sethiyathope section from Km 0.0 to Km 65.96 of NH-45C in Tamil Nadu under NHDP Phase-IV on EPC mode,,Tamil Nadu,Ministry of Road Transport & Highways,Roads & Highways,01/2025,06/2025,06/2027,06/2027,1163.17,834.46,264.13,37.62,FlashReport_July_2026 (1).pdf,136
2026-07,1508.0,618899,Kallagam km.38.700 to Meensurutti Km.98.433 of NH-227 in Tamil Nadu,,Tamil Nadu,Ministry of Road Transport & Highways,Roads & Highways,02/2018,04/2019,04/2021,08/2026,1499.12,1499.12,1111.9,100.0,FlashReport_July_2026 (1).pdf,136
2026-07,1509.0,619045,Construction of New Double Tier 4L Elevated Corridor from Chennai Port to Maduravoyal in Chennai District from km -0.342 to Km 20.593 and Package IV from Km 14.185 to Km 20.593,,Tamil Nadu,Ministry of Road Transport & Highways,Roads & Highways,03/2023,11/2023,05/2026,03/2029,1205.4,1210.21,88.16,8.58,FlashReport_July_2026 (1).pdf,136
2026-07,1510.0,619074,6-laning of Krishnagiri Km.0.000 to Walajahpet Km.148.300 section on NH-46 under NHDP-V,,Tamil Nadu,Ministry of Road Transport & Highways,Roads & Highways,12/2009,06/2011,12/2013,08/2026,1673.17,781.74,707.81,99.99,FlashReport_July_2026 (1).pdf,137
2026-07,1511.0,619086,Chengapalli km 102.035 to Neelambur Km144.680 and Madukkarai Km 170.880 to Walayar K183.010 Package No. NS-2/BOT/TN-08,,Tamil Nadu,Ministry of Road Transport & Highways,Roads & Highways,10/2009,09/2010,03/2013,10/2026,1247.43,285.55,7.24,100.0,FlashReport_July_2026 (1).pdf,137
2026-07,1512.0,619094,Thorapalli - Agraharam - Jittandahalli Section from km 23.350 to km 60.100 [Hosur to Dhamrapuri Pkg-2],,Tamil Nadu,Ministry of Road Transport & Highways,Roads & Highways,02/2019,12/2021,12/2023,12/2026,1243.57,1272.11,827.88,77.57,FlashReport_July_2026 (1).pdf,137
2026-07,1513.0,619129,Mahabalipuram - Pondicherry Pkg-I [Mamallapuram to Mugaiyur],,Tamil Nadu,Ministry of Road Transport & Highways,Roads & Highways,02/2019,05/2022,05/2024,01/2027,1360.54,1477.94,904.84,58.65,FlashReport_July_2026 (1).pdf,137
2026-07,1514.0,619130,Mahabalipuram - Pondicherry Pkg-II [Mugaiyur to Marakkanam],,Tamil Nadu,Ministry of Road Transport & Highways,Roads & Highways,02/2019,12/2023,12/2025,03/2027,1116.13,1463.75,804.69,53.41,FlashReport_July_2026 (1).pdf,137
2026-07,1515.0,619131,Four Laning of Chettikulam to Natham section of NH-785,,Tamil Nadu,Ministry of Road Transport & Highways,Roads & Highways,03/2018,11/2018,11/2020,06/2026,837.61,823.93,641.93,99.75,FlashReport_July_2026 (1).pdf,137
2026-07,1516.0,619139,Construction of New Double Tier 4L Elevated Corridor from Chennai Port to Maduravoyal in Chennai District from km -0.342 to Km 20.593 and Package III from Km 9.700 to Km 14.185,,Tamil Nadu,Ministry of Road Transport & Highways,Roads & Highways,03/2023,11/2023,05/2026,03/2029,1299.36,1299.36,193.34,17.24,FlashReport_July_2026 (1).pdf,137
2026-07,1517.0,619156,4 Laning of Paramakudi to Ramanathapuram Section of NH-87 Old NH-49,,Tamil Nadu,Ministry of Road Transport & Highways,Roads & Highways,07/2025,05/2026,05/2028,05/2028,1853.16,1853.16,169.53,0.0,FlashReport_July_2026 (1).pdf,137
2026-07,1518.0,619161,Access Controlled Highway of 4 Lane with Paved Shoulders from Tiruvallur Design Chainage Km 1756 to TN/AP Broder Design Chainage Km 6151 of NH-716 Chennai- Tirupati Package-1,,Tamil Nadu,Ministry of Road Transport & Highways,Roads & Highways,03/2024,12/2024,12/2026,03/2027,1376.1,1247.7,181.78,46.31,FlashReport_July_2026 (1).pdf,137
2026-07,1519.0,619222,"Balance works of four lane from km 43.950 Thiruvallur Bypass to km 61.470 Veppampattu Bypass passing through Thannerkulam, Thozur and Sevapet Bypass 17.520 kms of Tirupathi- Tiruttani- Chennai section of NH 205",,Tamil Nadu,Ministry of Road Transport & Highways,Roads & Highways,03/2022,09/2022,09/2024,08/2026,467.99,699.68,595.08,97.92,FlashReport_July_2026 (1).pdf,137
2026-07,1520.0,617913,6-laning of km 9.900 to km 19/948 Aramgarh to Shamshabad Section of Hyderabad- Bangalore section of NH-44 Under NHO EPC basis in the state of Telangana,MoRTH,Telangana,Ministry of Road Transport & Highways,Roads & Highways,01/2018,05/2018,05/2020,06/2026,283.15,300.7,480.41,92.62,FlashReport_July_2026 (1).pdf,137
2026-07,1521.0,617936,Widening to two/four lane with paved shoulder from Km.180.600 to Km.223.000 of NH-63 on Nizamabad-Jagadalpur road on EPC mode under NHO in the state of Telangana.,MoRTH,Telangana,Ministry of Road Transport & Highways,Roads & Highways,10/2016,03/2017,03/2019,,253.99,183.26,0.0,100.0,FlashReport_July_2026 (1).pdf,137
2026-07,1522.0,617939,6-Laning of Pune-Hyderabad Section of NH-65 from Km 493/0 to Km 524/0 from Sangareddy X Roads to Madinaguda in the State of Telangana,MoRTH,Telangana,Ministry of Road Transport & Highways,Roads & Highways,03/2023,07/2024,07/2026,08/2026,1297.75,1297.75,0.0,45.85,FlashReport_July_2026 (1).pdf,137
2026-07,1523.0,617940,"Rehabilitation and Upgradation of LB-Nagar to Malkapur section to 6-Lane main carriageway with service roads, drains cum footpath, including VUPs and widening of Minor bridge & road safety provisions from Km. 15/00 to Km 40/00 of NH-65 Old NH-9 under NH O for the year 2020-21 in the state of Telangana on EPC Mode.",MoRTH,Telangana,Ministry of Road Transport & Highways,Roads & Highways,03/2021,07/2022,07/2024,12/2026,545.11,545.11,290.36,83.47,FlashReport_July_2026 (1).pdf,137
2026-07,1524.0,617980,Construction of six lane elevated corridor from km 7.950 Uppal to km 14.200 of NH- 163 to De-Congest the urban limits of Hyderabad-Bhoopalapatnam section on EPC mode in the state of Telangana,MoRTH,Telangana,Ministry of Road Transport & Highways,Roads & Highways,03/2018,07/2018,07/2020,12/2027,626.76,626.76,24.4,54.26,FlashReport_July_2026 (1).pdf,137
2026-07,1525.0,617983,Widening & Strengthening of Existing 2LPS to 4 lane PS from Km 150000 to Km 159000 and Km 165400 to Km 186000 of NH-163 old NH-202 under NH O for the year 2020-21 on EPC Mode in the state of Telangana.,MoRTH,Telangana,Ministry of Road Transport & Highways,Roads & Highways,03/2021,07/2022,07/2024,08/2026,317.19,300.56,190.86,91.0,FlashReport_July_2026 (1).pdf,137
2026-07,1526.0,617994,Rehabilitation and upgradation of NH-167 from design km 113.900 to 154.479 Mallepally Haliya section to two lane with paved shoulders on EPC mode in the stte of Telangana,MoRTH,Telangana,Ministry of Road Transport & Highways,Roads & Highways,02/2018,06/2018,11/2019,12/2025,294.13,257.61,249.23,88.22,FlashReport_July_2026 (1).pdf,137
2026-07,1527.0,617995,Widening to Two Lane with Paved Shoulders from Km 67.000 to Km 114.425 of Kalwakurthy- Mallapally Section of NH 167 Erstwhile section of SH 18 in the State of Telangana on EPC mode under NH O Annual Plan 2016-17,MoRTH,Telangana,Ministry of Road Transport & Highways,Roads & Highways,01/2017,05/2017,05/2019,12/2026,300.0,300.0,175.12,99.2,FlashReport_July_2026 (1).pdf,138
2026-07,1528.0,618001,"Construction of 4-lane flyover at Amberpet-X road, Hyderabad on NH-202 in the State of Telangana",MoRTH,Telangana,Ministry of Road Transport & Highways,Roads & Highways,05/2018,06/2021,06/2023,06/2026,216.53,265.88,172.17,92.1,FlashReport_July_2026 (1).pdf,138
2026-07,1529.0,618025,Rehabiitation and upgradation from km 121/000 to 154/000 Nakrekal to Mallampally section of NH-365 to 2 lane with paved shoulders in the state of Telangana in the EPC mode,MoRTH,Telangana,Ministry of Road Transport & Highways,Roads & Highways,03/2018,06/2018,12/2019,09/2026,192.67,192.67,141.82,96.0,FlashReport_July_2026 (1).pdf,138
2026-07,1530.0,618091,Widening to two lane with paved shoulders from Km 0/000 to Km 45/946 of Nizampet- Narayankhed-bidar section of NH-161B in the state of Telangana under Annual Plan 2021-22 on EPC mode under NHO,MoRTH,Telangana,Ministry of Road Transport & Highways,Roads & Highways,03/2022,02/2024,02/2026,03/2027,512.98,512.98,152.49,46.0,FlashReport_July_2026 (1).pdf,138
2026-07,1531.0,618104,Widening to two lane with paved shoulders from Km 0/000 to Km 79/300 of Kalwakurthy - Kollapur section of NH-167K in the state of Telangana under annual plan 2021-22 on EPC mode under NHO.,MoRTH,Telangana,Ministry of Road Transport & Highways,Roads & Highways,03/2022,07/2023,07/2025,08/2026,886.69,886.69,620.25,90.05,FlashReport_July_2026 (1).pdf,138
2026-07,1532.0,618105,Widening and strengthening to 4 lane / 2-lane with paved shoulders of Mahabubnagar - Chincholi section from km 60/255 to Km 102/834 of NH-167N in the State of Telangana on EPC mode.,MoRTH,Telangana,Ministry of Road Transport & Highways,Roads & Highways,03/2022,10/2023,10/2025,11/2026,631.49,631.49,125.34,46.63,FlashReport_July_2026 (1).pdf,138
2026-07,1533.0,618106,Widening and Strengthening to 2/4 lane with paved shoulders of Mahabubnagar Chincholi section from Km 0/0 to Km 60/255 of NH-167N in the state of Telangana under Annual plan 2021-22 on EPC modepackage-I under NHO Job No.167N-TS- 2021-22-75,MoRTH,Telangana,Ministry of Road Transport & Highways,Roads & Highways,01/2022,05/2026,11/2027,03/2026,703.68,703.68,304.65,90.69,FlashReport_July_2026 (1).pdf,138
2026-07,1534.0,618130,Widening to 2 lane with paved shoulders from 0.00 to 32.970 ofAdilabadto Bela section of NH 353B in the State of Telangana,MoRTH,Telangana,Ministry of Road Transport & Highways,Roads & Highways,10/2022,05/2024,05/2026,12/2026,490.92,490.92,149.79,79.07,FlashReport_July_2026 (1).pdf,138
2026-07,1535.0,618140,Widening to two/four lane with paved shoulders from Km.34.250 to Km.71.830 of NH- 365A on Kodad-Khammam-Kurvi road.,MoRTH,Telangana,Ministry of Road Transport & Highways,Roads & Highways,10/2022,02/2025,01/2027,01/2027,445.76,445.76,18.32,13.33,FlashReport_July_2026 (1).pdf,138
2026-07,1536.0,618141,Widening and Improvement of existing carriage way to 2 lane with paved shoulders from Km. 86/160 to 131/730 of Jangaon-Duddeda section of NH-365B in the State of Telangana on EPC Mode,MoRTH,Telangana,Ministry of Road Transport & Highways,Roads & Highways,01/2022,12/2022,12/2024,12/2026,423.48,423.48,184.83,77.85,FlashReport_July_2026 (1).pdf,138
2026-07,1537.0,618182,Widening to Two lane with paved shoulders from 106/830 to 158/496 of Yellareddy- Rudrur Section of NH-765D in the state of Telangana on EPC mode under NHO under Annual plan 2022-23,MoRTH,Telangana,Ministry of Road Transport & Highways,Roads & Highways,10/2022,07/2024,07/2026,05/2027,499.88,499.88,207.08,68.9,FlashReport_July_2026 (1).pdf,138
2026-07,1538.0,618183,Widening to 2 lane with paved shoulders from Km 62/920 to km 106/830 of Medak - Yellareddy section in the State of Telangana under Annual Plan 2022-23 on EPC mode under NHO,MoRTH,Telangana,Ministry of Road Transport & Highways,Roads & Highways,10/2022,08/2024,08/2026,08/2026,399.01,399.01,146.04,70.6,FlashReport_July_2026 (1).pdf,138
2026-07,1539.0,618186,"Rehabilitation and Up-gradation of Valigonda to Thorrur Section to Two Lane with Paved Shoulders from Km 39.180 to Km 108.300 of NH-930P in the State of Telangana on Engineering, Procurement and Construction EPC Basis",MoRTH,Telangana,Ministry of Road Transport & Highways,Roads & Highways,01/2022,12/2022,12/2024,09/2026,549.28,549.28,325.77,94.97,FlashReport_July_2026 (1).pdf,138
2026-07,1540.0,618190,Widening to two lane with paved shoulders of 'Bodhan Basar Bhainsa ' section from Km 38/900 to 95/300 of NH-161BB in the state of Telangana under Annual Plan 2021- 22 on EPC Mode under NH O.,MoRTH,Telangana,Ministry of Road Transport & Highways,Roads & Highways,03/2022,03/2023,03/2025,08/2026,644.45,644.45,403.48,98.6,FlashReport_July_2026 (1).pdf,138
2026-07,1541.0,618196,Widening to 2 lane with Paved Shoulders of Siddipet-Elkathurthy section from Km 69/978 to km 133/619 of NH-765DG in the State of Telangana under Annual plan 2021-22 on EPC mode,MoRTH,Telangana,Ministry of Road Transport & Highways,Roads & Highways,01/2022,12/2022,09/2024,12/2026,578.85,578.85,0.0,85.0,FlashReport_July_2026 (1).pdf,138
2026-07,1542.0,618197,Widening to 2 lane with Paved Shoulders of Medak - Siddipet section from Km 0/0 to km 69/978 of NH-765DG in the State of Telangana under Annual plan 2021-22 on EPC mode,MoRTH,Telangana,Ministry of Road Transport & Highways,Roads & Highways,01/2022,01/2023,01/2025,12/2026,882.18,882.18,383.75,74.06,FlashReport_July_2026 (1).pdf,138
2026-07,1543.0,618746,Khammam-Devarapalle Pkg I [4L Access Controlled Greenfield from Thallampadu village to Somavaram village Design Chainage 0000 to 33604],,Telangana,Ministry of Road Transport & Highways,Roads & Highways,01/2021,10/2022,10/2024,10/2026,797.36,1337.18,684.62,97.26,FlashReport_July_2026 (1).pdf,139
2026-07,1544.0,618765,4L of Karimnagar-Warangal section from km 49.500 to km 117.820 of NH-563,,Telangana,Ministry of Road Transport & Highways,Roads & Highways,03/2022,07/2023,07/2025,08/2026,2146.86,2486.51,1272.62,92.4,FlashReport_July_2026 (1).pdf,139
2026-07,1545.0,618811,4L Access Controlled Greenfield Highway Section Mancherial Warangal from Pangidipalle village at Design Ch. 72.350 Km to Oorugonda village at Design Ch. 112.240 KmPackage-III,,Telangana,Ministry of Road Transport & Highways,Roads & Highways,03/2023,10/2025,10/2027,01/2028,1183.71,1170.64,209.72,5.63,FlashReport_July_2026 (1).pdf,139
2026-07,1546.0,618812,4L Access Controlled Greenfield Section Mancherial Warangal from Puttapaka village at Design Ch. 35.300 Km to Pangidipalle village at Design Ch. 72.350 KmPackage-II,,Telangana,Ministry of Road Transport & Highways,Roads & Highways,01/2023,06/2025,06/2027,12/2027,1129.33,1145.41,210.45,9.04,FlashReport_July_2026 (1).pdf,139
2026-07,1547.0,618813,4L Access Controlled Greenfield Section Mancherial Warangal from Narva village at Design Ch. 3.834 Km to Puttapaka village at Design Ch. 35.300 Km Package-I,,Telangana,Ministry of Road Transport & Highways,Roads & Highways,03/2023,12/2024,12/2026,10/2027,1127.9,1104.27,161.67,11.28,FlashReport_July_2026 (1).pdf,139
2026-07,1548.0,618814,4L Access Controlled Greenfield Highway section on NH163G Warangal-Khammam from Oorugonda village in Hanamkonda District at Design Ch. 112.240 Km to Venkatpur village in Warangal District at Design Ch. 150.240 KmPackage-I,,Telangana,Ministry of Road Transport & Highways,Roads & Highways,03/2023,06/2025,06/2027,05/2028,1142.6,1140.82,160.19,0.5,FlashReport_July_2026 (1).pdf,139
2026-07,1549.0,618815,4L Access Controlled Greenfield Highway section on NH-163G Warangal-Khammam from Venkatpur village in Warangal District at Design Ch. 150.240 Km to Thallasenkesa village in Mahabubabed District at Design Ch. 189.650 kmPackage-II,,Telangana,Ministry of Road Transport & Highways,Roads & Highways,03/2023,04/2024,04/2026,03/2027,1092.88,1083.11,408.59,77.65,FlashReport_July_2026 (1).pdf,139
2026-07,1550.0,618816,4L Access Controlled Greenfield Highway section on NH-163G Warangal-Khammam from Thallasenkesa village at Design Ch. 189.650 km to V.Vekatayapalem village in Khammam District at Design Ch. 220.480 KmPackage-III,,Telangana,Ministry of Road Transport & Highways,Roads & Highways,03/2023,07/2025,07/2027,07/2027,1105.25,1098.05,168.28,10.11,FlashReport_July_2026 (1).pdf,139
2026-07,1551.0,618817,4L Access Controlled Greenfield Highway section on NH-163G Khammam Vijayawada from V. Venkatayapalem village at Design Ch. 220.480 Km to BrahmanapalliK village at Design Ch. 250.400 Km Package-I.,,Telangana,Ministry of Road Transport & Highways,Roads & Highways,03/2023,03/2025,03/2027,06/2027,973.45,1021.96,271.03,45.89,FlashReport_July_2026 (1).pdf,139
2026-07,1552.0,618944,Hyderabad - Maneguda,,Telangana,Ministry of Road Transport & Highways,Roads & Highways,10/2021,11/2024,11/2026,05/2027,958.86,1218.49,431.45,24.2,FlashReport_July_2026 (1).pdf,139
2026-07,1553.0,618945,4L of Kodad Design Km 0.00/Existing Km 185.00 of NH-65 to Khammam Design Km 31.800/Existing Km 29.400 of NH-365A,,Telangana,Ministry of Road Transport & Highways,Roads & Highways,01/2021,01/2022,05/2024,08/2026,1149.17,1606.99,871.58,99.98,FlashReport_July_2026 (1).pdf,139
2026-07,1554.0,619009,Upgradation to Two Lane with Paved Shoulders from Km 0.000 to Km 41.920 Green Field Alignment of Gowrelly to Valigonda Section of NH-930P in the State of Telangana on EPC Mode under Annual Plan 2022-23,MoRTH,Telangana,Ministry of Road Transport & Highways,Roads & Highways,11/2022,05/2026,04/2028,03/2028,690.33,690.33,0.0,0.0,FlashReport_July_2026 (1).pdf,139
2026-07,1555.0,619128,Khammam-Devarapalle Pkg II [4L Access Controlled Greenfield from Somavaram village to Chintagudem village Design Chainage 33604 to 63117],,Telangana,Ministry of Road Transport & Highways,Roads & Highways,01/2021,09/2022,09/2024,08/2026,615.78,981.64,524.11,98.02,FlashReport_July_2026 (1).pdf,139
2026-07,1556.0,619165,Thanamcherla-Jamandlapally 2LPS,,Telangana,Ministry of Road Transport & Highways,Roads & Highways,11/2013,03/2014,02/2023,12/2026,177.18,18.65,8.3,100.0,FlashReport_July_2026 (1).pdf,139
2026-07,1557.0,619193,Rehabilitation and upgradation of NH-221 from km 121/0 to 165/0 Rudrampur to Bhadrachalam section to two lane with paved shoulder under NHDPIV in the state of Telangana through EPC mode,MoRTH,Telangana,Ministry of Road Transport & Highways,Roads & Highways,01/2015,02/2015,02/2017,08/2026,295.47,334.82,375.14,82.76,FlashReport_July_2026 (1).pdf,139
2026-07,1558.0,619253,Construction of 4 lane Bypass to Nalgonda Town lrorn Km 000 Existing Ch. 181590 to Km 14.00 Existing Ch. 28/685 ol Nakrekal to Nagarjunsagar Section of NH -565 in the State of Telangara on EPC under Annual Plan 2024 -25,MoRTH,Telangana,Ministry of Road Transport & Highways,Roads & Highways,10/2024,10/2025,10/2027,10/2027,516.17,516.17,0.0,55.62,FlashReport_July_2026 (1).pdf,139
2026-07,1559.0,619265,Rehabilitation & Upgradation of Thorrur to Nehru Nagar section to Two Lane with Paved shoulders from Km 109/420 to Km 178/500 of NH 930P in the state of Telangana on EPC mode under Annual Plan 2022-2023,MoRTH,Telangana,Ministry of Road Transport & Highways,Roads & Highways,01/2025,07/2026,07/2028,07/2028,675.45,675.45,0.0,0.0,FlashReport_July_2026 (1).pdf,139
2026-07,1560.0,618307,Rehabilitation and up-gradation of road from km 16.077 to km 43.935 total length 27.858 km of Lalchara-Kanchanpur section via Shivbari on NH-44A to 2 lane with paved shoulder in the state of Tripura on EPC Mode Pkg-2 under BharatMala Pariyojana Manu-Simlung -2,,Tripura,Ministry of Road Transport & Highways,Roads & Highways,02/2022,01/2023,01/2025,01/2026,456.88,456.88,205.69,54.56,FlashReport_July_2026 (1).pdf,140
2026-07,1561.0,618350,Improvement & widening of existing NH-08 to 4-lane with Paved Shoulder from Champak Nagar to Khayerpur section design Km 242500 to Km 261610 in the state of Tripura on EPC basis under NHO-NE,,Tripura,Ministry of Road Transport & Highways,Roads & Highways,12/2023,09/2024,09/2026,03/2027,920.66,920.66,404.6,48.3,FlashReport_July_2026 (1).pdf,140
2026-07,1562.0,618367,Improvement and Widening to 2-lane with paved shoulder of road from design Km 72.000 Pati Chhari to design Km 107.654 Harina Total length 35.654 Km on Teliamura to Harina section of NH 208 in the state of Tripura on EPC mode under JICA ODA Loan Phase VI Package-4,,Tripura,Ministry of Road Transport & Highways,Roads & Highways,01/2024,12/2024,12/2026,06/2027,726.9,726.9,100.25,9.5,FlashReport_July_2026 (1).pdf,140
2026-07,1563.0,618368,Improvement and Widening to 2-lane with paved shoulder of road from design Km 36.000 Rangamati to design Km 72.000 Pati Chhari Total length 36.000 Km on Teliamura to Harina section of NH 208 in the state of Tripura on EPC mode under JICA ODA Loan Phase VI Package-3,,Tripura,Ministry of Road Transport & Highways,Roads & Highways,01/2024,09/2024,09/2026,05/2027,670.9,670.9,183.24,14.7,FlashReport_July_2026 (1).pdf,140
2026-07,1564.0,618369,Improvement and Widening to 2-lane with paved shoulder of road from existing Km 438.170 Khowai Chowmuhani to existing Km 439.410 South Pulinpur of NH-08 and from design Km 0.000 South Pulinpur to design Km 36.00 near Rangamati of NH 208 on Khowai Teliamura- Harina section Total length 37.24 in the state of Tripura on EPC mode under JICA ODA Loan Phase VI Package-2,,Tripura,Ministry of Road Transport & Highways,Roads & Highways,01/2024,09/2024,09/2026,03/2027,657.21,657.21,301.86,60.7,FlashReport_July_2026 (1).pdf,140
2026-07,1565.0,618370,Improvement and Widening to 2-lane with paved shoulder of road from Km 101.300 to km 127.319 Total Length 26.019 Km i.e. the Khowai Teliamura-Amarpur-Harina- Sabroom section of NH 208 in the state of Tripura on EPC under JICA ODA Loan Phase VI Package-1,,Tripura,Ministry of Road Transport & Highways,Roads & Highways,01/2024,07/2024,07/2026,04/2027,431.78,431.78,265.36,63.15,FlashReport_July_2026 (1).pdf,140
2026-07,1566.0,618385,Rehabilitation and up-gradation of road from design km 25.250 to km 36.460 Total lengh 11.210 km of Kailashahar-Kurti Bridge section on NH-208A to 2-lane with paved shoulder on EPC basis under NHO Package-III- Balance Work,,Tripura,Ministry of Road Transport & Highways,Roads & Highways,02/2020,09/2024,03/2026,03/2026,174.43,174.43,67.1,53.14,FlashReport_July_2026 (1).pdf,140
2026-07,1567.0,618411,Melaghar-Srimantapur section on NH-08 Spur from Km 23 to Km 34.500 11.5 Km and overlay from Km 20.30 to Km 22.00 1.7 Km Total Length 13.2 Km,,Tripura,Ministry of Road Transport & Highways,Roads & Highways,01/2023,05/2023,11/2024,10/2026,195.95,195.95,95.54,72.48,FlashReport_July_2026 (1).pdf,140
2026-07,1568.0,618417,"Construction of 4-Lane with paved shoulder Agartala bypass Western side, length 25.402 km connecting NH-8 near Amtali to NH-108B near Lembuchhera in the state of Tripura on EPC basis under NHO-NE",,Tripura,Ministry of Road Transport & Highways,Roads & Highways,03/2023,03/2024,03/2027,03/2027,2026.05,2026.05,462.34,9.2,FlashReport_July_2026 (1).pdf,140
2026-07,1569.0,617963,Rehabilitation and upgradation to four lane road from km 70.500 to km 78.600 of NH- 92 under EPC mode in the State of Uttar Pradesh,MoRTH,Uttar Pradesh,Ministry of Road Transport & Highways,Roads & Highways,01/2022,01/2025,01/2027,01/2027,296.02,351.78,75.38,39.0,FlashReport_July_2026 (1).pdf,140
2026-07,1570.0,617964,"Widening to Four Lane rigid pavement configuration from Km 90.00 to Km 100.800 on NH-96 Km 42.0 to Km 53.300 as per new NH-330,design length of 11.300 km under EPC mode in the state of Uttar Pradesh.",MoRTH,Uttar Pradesh,Ministry of Road Transport & Highways,Roads & Highways,12/2022,11/2024,11/2026,11/2026,309.63,309.63,41.92,31.09,FlashReport_July_2026 (1).pdf,140
2026-07,1571.0,618009,Balance work of Construction of Ring Road for Raebareli City on eastern side of NH- 24B Phase-1 on EPC mode.,MoRTH,Uttar Pradesh,Ministry of Road Transport & Highways,Roads & Highways,12/2019,10/2020,04/2022,12/2026,319.96,347.8,0.0,95.0,FlashReport_July_2026 (1).pdf,140
2026-07,1572.0,618054,Construction of Balrampur bypass with 2L flexible pavement configuration from km.223.000 of NH-330 to km.328.300 of NH-730 under EPC mode,MoRTH,Uttar Pradesh,Ministry of Road Transport & Highways,Roads & Highways,12/2022,08/2024,02/2026,12/2026,515.69,515.69,128.55,56.0,FlashReport_July_2026 (1).pdf,140
2026-07,1573.0,618055,Construction of Pratapgarh Bypass Extension connecting NH-31 to NH-330 on EPC mode in the State of Uttar Pradesh.,MoRTH,Uttar Pradesh,Ministry of Road Transport & Highways,Roads & Highways,10/2022,01/2024,06/2025,09/2026,225.17,225.17,66.96,78.0,FlashReport_July_2026 (1).pdf,140
2026-07,1574.0,618056,Improvement and Up-gradation to two Lane with Paved Shoulder Configuration from existing km. 420.00 Shohrathgarh to km. 454.00 Uska Bazar of NH-730 in the state of Uttar Pradesh EPC basis,MoRTH,Uttar Pradesh,Ministry of Road Transport & Highways,Roads & Highways,01/2022,03/2024,09/2025,12/2026,509.65,484.42,120.57,62.0,FlashReport_July_2026 (1).pdf,140
2026-07,1575.0,618057,Construction of Shohratgarh Bypass on NH-730 under EPC mode in the State of Uttar Pradesh,MoRTH,Uttar Pradesh,Ministry of Road Transport & Highways,Roads & Highways,10/2022,11/2023,05/2025,12/2026,189.31,189.31,31.42,54.0,FlashReport_July_2026 (1).pdf,140
2026-07,1576.0,618063,Widening & Strenghteningof section from Bharthana chowk to Kodarkoot km.0.00 to km.40.00 of NH-91-A on EPC mode,MoRTH,Uttar Pradesh,Ministry of Road Transport & Highways,Roads & Highways,03/2020,03/2023,09/2024,12/2026,262.37,343.77,115.38,94.0,FlashReport_July_2026 (1).pdf,141
2026-07,1577.0,618066,Construction of Amethi bypass Part-II at km.30.050 of NH-931 under EPC mode in the state of Uttar Pradesh,MoRTH,Uttar Pradesh,Ministry of Road Transport & Highways,Roads & Highways,12/2022,02/2025,02/2027,02/2027,283.86,283.86,38.69,48.0,FlashReport_July_2026 (1).pdf,141
2026-07,1578.0,618067,"Rehabilitation & Up-gradation from design Km. 0.000 to Km. 69.280 of NH-931 Pratapgarh - Amethi - Gauriganj -Musafirkhana to two lane with paved shoulder on Engineering, Procurement & Construction EpC mode in the State of Uttar Pradesh",MoRTH,Uttar Pradesh,Ministry of Road Transport & Highways,Roads & Highways,05/2023,11/2025,11/2027,11/2027,1086.3,1086.3,24.29,9.32,FlashReport_July_2026 (1).pdf,141
2026-07,1579.0,618075,Construction of two lane with paved shoulder from existing Km.0.000 to Km.55.610 design km. 0.000 to km. 54.048 of NH-124D,MoRTH,Uttar Pradesh,Ministry of Road Transport & Highways,Roads & Highways,12/2021,02/2024,02/2026,03/2027,840.93,773.58,210.11,77.0,FlashReport_July_2026 (1).pdf,141
2026-07,1580.0,618081,Construction of Mariahu Bypass with four lane paved shoulder configuration Km. 53.540 to Km.59.200 of NH-135A on EPC mode in the state of Uttar Pradesh,MoRTH,Uttar Pradesh,Ministry of Road Transport & Highways,Roads & Highways,03/2023,02/2024,02/2026,12/2026,438.24,362.39,81.45,55.0,FlashReport_July_2026 (1).pdf,141
2026-07,1581.0,618082,Widening & Upgradation to four lane configuration from Km.34.900 Bhadohi to km.73.134 Jaunpur of NH-135A on EPC mode,MoRTH,Uttar Pradesh,Ministry of Road Transport & Highways,Roads & Highways,03/2021,11/2022,05/2024,09/2026,395.62,392.03,0.0,95.0,FlashReport_July_2026 (1).pdf,141
2026-07,1582.0,618111,Improvement and upgradation to two lane with paved shoulder configuration from existing km 90.00 to 130.00 Design length 39.15 of NH-227A near Sikriganj to Barhalganj in the State of UP on EPC Mode.,MoRTH,Uttar Pradesh,Ministry of Road Transport & Highways,Roads & Highways,08/2021,12/2023,06/2025,08/2026,403.36,345.34,142.17,96.0,FlashReport_July_2026 (1).pdf,141
2026-07,1583.0,618112,"Improvement and up-gradation of NH-227B 84 Kosi Parikrama Marg Package I, from km 228.920 Jagarnathpur to Km 235.960/0.000 MakhaudaDham to Km 29.000 Sarpur in the State of Uttar Pradesh on EPC basis",MoRTH,Uttar Pradesh,Ministry of Road Transport & Highways,Roads & Highways,03/2022,05/2025,11/2026,05/2027,912.5,912.5,8.72,8.0,FlashReport_July_2026 (1).pdf,141
2026-07,1584.0,618113,"Improvement and up-gradation of NH-227B 84 Kosi Parikrama Marg Package III, from Km.47.800 Gosaiganj to Km.73.300 Bikapur in the State of Uttar Pradesh on EPC basis.",MoRTH,Uttar Pradesh,Ministry of Road Transport & Highways,Roads & Highways,03/2022,05/2025,11/2026,05/2027,587.97,587.97,80.16,50.72,FlashReport_July_2026 (1).pdf,141
2026-07,1585.0,618114,"Improvement and up-gradation of NH-227B 84 Kosi Parikrama Marg PackageV, from Design Km.140.960 Patranga to Km.160.200 Bahuvan Madar Majha on EPC mode in the State of Uttar Pradesh",MoRTH,Uttar Pradesh,Ministry of Road Transport & Highways,Roads & Highways,03/2023,02/2026,08/2028,08/2028,1192.33,1192.33,0.0,4.0,FlashReport_July_2026 (1).pdf,141
2026-07,1586.0,618116,lmprovement and Up-gradation from Km. 73.300 Bikapur to Km.140.960 Patranga of NH-227B 84 Kosi Parikrama Marg to 2LPS along with Parikrama Path,MoRTH,Uttar Pradesh,Ministry of Road Transport & Highways,Roads & Highways,11/2022,01/2026,01/2028,01/2028,1679.75,1679.75,172.89,40.45,FlashReport_July_2026 (1).pdf,141
2026-07,1587.0,618124,Rehabilitation and upgradation from km 51.600 to km 75.700 of NH-321G Nuhkhas to Etah section to two lane with paved shoulder configuration under EPC mode in the State of Uttar Pradesh,MoRTH,Uttar Pradesh,Ministry of Road Transport & Highways,Roads & Highways,01/2022,02/2024,08/2025,11/2026,343.54,343.54,88.97,73.0,FlashReport_July_2026 (1).pdf,141
2026-07,1588.0,618162,"Improvement and up-gradation to 2LPS of NH-227B 84-Kosi Parikrama Marg PackageVI, Design Km 160200 Bahuvan Madar Majha to Km 224040 Jagarnathpur under HAM",MoRTH,Uttar Pradesh,Ministry of Road Transport & Highways,Roads & Highways,05/2023,01/2026,01/2028,01/2028,2008.7,2008.7,0.0,20.0,FlashReport_July_2026 (1).pdf,141
2026-07,1589.0,618163,"Rehabilitation and Up-gradation from km. 0000 to km.40390 of NH-730S MaharajganjNichloulThuthibari to two lane with paved shoulders in the State of U.P. on Engineering, Procurement & Construction EPC Basis.",MoRTH,Uttar Pradesh,Ministry of Road Transport & Highways,Roads & Highways,03/2023,06/2024,12/2025,12/2026,809.25,603.19,167.84,59.5,FlashReport_July_2026 (1).pdf,141
2026-07,1590.0,618164,Construction of four lane highway with paved shoulder from Km.74.700 to Km.112.950 of NH-731A i/c Yamuna Bridge on HAM in the state of Uttar Pradesh.,MoRTH,Uttar Pradesh,Ministry of Road Transport & Highways,Roads & Highways,03/2022,06/2024,06/2026,08/2026,1141.67,1157.31,0.0,100.0,FlashReport_July_2026 (1).pdf,141
2026-07,1591.0,618166,Construction of 4-lane green field highway from Km. 35.000 to Km. 49.155 of NH- 731A with paved shoulders on Hybrid Annuity Mode in the state of Uttar Pradesh,MoRTH,Uttar Pradesh,Ministry of Road Transport & Highways,Roads & Highways,01/2022,10/2023,10/2025,07/2026,697.66,697.66,0.04,100.0,FlashReport_July_2026 (1).pdf,141
2026-07,1592.0,618168,Widening to four lane with paved shoulder from Design Km.49.200 to Km.89.285 of NH-731B on EPC mode in the state of Uttar Pradesh,MoRTH,Uttar Pradesh,Ministry of Road Transport & Highways,Roads & Highways,03/2022,01/2024,01/2026,01/2027,917.91,965.3,134.41,56.0,FlashReport_July_2026 (1).pdf,141
2026-07,1593.0,618169,Construction of Two Lane with paved shoulder highway from Design Ch.0.000 to Ch.49.2OO of NH-731B on EPC Mode,MoRTH,Uttar Pradesh,Ministry of Road Transport & Highways,Roads & Highways,03/2022,11/2023,11/2025,09/2026,640.18,602.76,270.82,98.0,FlashReport_July_2026 (1).pdf,142
2026-07,1594.0,618187,"Rehabilitation and upgradation of Salon - Jais - Jagdishpur Road section of NH-931A, from design Chainage km 0.000 to km 5.740 to four lane divided carriageway and from design Chainage km 5.740 to km 53.500 to two lane with paved Total length km 53.500 along with One time improvement in 04 no's of realigned/bypassed built-up areas in a total length of 9.732 km in the state of Uttar Pradesh on EPC mode",MoRTH,Uttar Pradesh,Ministry of Road Transport & Highways,Roads & Highways,05/2023,10/2025,10/2027,10/2027,947.15,947.15,26.64,9.06,FlashReport_July_2026 (1).pdf,142
2026-07,1595.0,618233,Construction of 6-lane bridge on Ganga on NH-96 and its approaches in Phaphamau Allahabad on EPC mode,MoRTH,Uttar Pradesh,Ministry of Road Transport & Highways,Roads & Highways,07/2018,02/2021,02/2024,09/2026,1948.25,1465.41,0.43,91.0,FlashReport_July_2026 (1).pdf,142
2026-07,1596.0,618240,Rehabilitation and upgradation to 2-lane with paved sholuders configuration of Bewar- naer Karri village section Km0.00 to Km30.00 Pakage-I of NH-92 in state of Uttar Pradesh undergreen national Highway Corridor Project GNHCP with the loan assistance of world Bank on EPC mode.,MoRTH,Uttar Pradesh,Ministry of Road Transport & Highways,Roads & Highways,04/2020,09/2022,03/2024,08/2026,236.47,236.47,0.0,100.0,FlashReport_July_2026 (1).pdf,142
2026-07,1597.0,618243,Construction of Basti Ring Road Phase-I with 4L configuration for Basti City in the state of Uttar Pradesh on HAM mode,MoRTH,Uttar Pradesh,Ministry of Road Transport & Highways,Roads & Highways,12/2022,06/2025,06/2027,06/2027,1138.72,1138.72,0.07,36.67,FlashReport_July_2026 (1).pdf,142
2026-07,1598.0,618244,Construction of Raebareli Ring Road Phase-2 with four Lane configuration for Raebareli City in the state of Uttar Pradesh on Hybrid Annuity Model HAM basis,MoRTH,Uttar Pradesh,Ministry of Road Transport & Highways,Roads & Highways,03/2022,05/2025,05/2027,05/2027,1273.72,1273.72,0.0,55.0,FlashReport_July_2026 (1).pdf,142
2026-07,1599.0,618247,Construction of 4 lane Mirzapur bypass including bridge over river Ganga from km 0.000 to km 15.000 of NH 135A in the State of Uttar Pradesh on HAM Mode.,MoRTH,Uttar Pradesh,Ministry of Road Transport & Highways,Roads & Highways,03/2024,01/2026,01/2029,01/2029,1708.62,1708.62,0.0,7.0,FlashReport_July_2026 (1).pdf,142
2026-07,1600.0,618248,Widening to 4 lane from km. 139.00 to km 179.20 of NH-135A Pkg-III Jaunpur Akbarpur section and Akbarpur bypass on Hybrid Annuity Mode in the state of Uttar Pradesh.,MoRTH,Uttar Pradesh,Ministry of Road Transport & Highways,Roads & Highways,05/2023,01/2026,01/2028,01/2028,1653.15,1653.15,0.0,22.0,FlashReport_July_2026 (1).pdf,142
2026-07,1601.0,618249,Widening to 4 lane from km. 108.50 to km 139.00 of NH-135A Pkg-II Jaunpur Akbarpur section on Hybrid Annuity Mode in the state of Uttar Pradesh,MoRTH,Uttar Pradesh,Ministry of Road Transport & Highways,Roads & Highways,03/2023,03/2025,03/2027,03/2027,1511.57,1511.57,0.0,40.0,FlashReport_July_2026 (1).pdf,142
2026-07,1602.0,618252,"Improvement and Up-gradation to two Lane with Paved Shoulder/Four Lane configuration from existing Km 130.000 to Km 191.000 design km 131.500 to Km 188.735, Design length 57.235 Km of NH-227A near Barhalganj to Mehrauna Ghat in the state of Uttar Pradesh on Hybrid Annuity Model HAM basis",MoRTH,Uttar Pradesh,Ministry of Road Transport & Highways,Roads & Highways,01/2022,11/2024,05/2027,05/2027,974.19,1344.61,1.2,58.0,FlashReport_July_2026 (1).pdf,142
2026-07,1603.0,618260,"Construction of Salempur bypass to 4LPS from km 64.000 of NH-727A Km 171.00 of Sonauli Balia Marg, old SH-01, near Mahadahan Chauraha to km 61.500 of NH-727B Km 178.500 of Sonauli Balia Marg, old SH-01, near near Ahirauli Village under Hybrid Annuity Mode HAM in the State of Uttar Pradesh",MoRTH,Uttar Pradesh,Ministry of Road Transport & Highways,Roads & Highways,03/2022,11/2025,11/2027,11/2027,1348.06,1348.06,0.0,35.0,FlashReport_July_2026 (1).pdf,142
2026-07,1604.0,618262,Construction of Deoria Bypass from existing Km. 27.140 to existing Km. 46.780 Design Km. 49.109 on NH727A Design length 21.969 Km. to four lane with paved shoulder configuration under Hybrid Annuity Mode HAM in the State of Uttar Pradesh,MoRTH,Uttar Pradesh,Ministry of Road Transport & Highways,Roads & Highways,03/2023,08/2025,07/2027,07/2027,1734.7,1734.7,0.0,10.0,FlashReport_July_2026 (1).pdf,142
2026-07,1605.0,618263,"Rehabilitation and Up-gradation to 2LPS from Km. 0.000 to Km. 7.800 and Km. 35.400 to Km. 52.345 Design length 24.745 Km., except Bihar portion of NH-727B Tamkuhiraj to Bihar Border and Bihar Border to Majhauli on EPC mode in the State of Uttar Pradesh",MoRTH,Uttar Pradesh,Ministry of Road Transport & Highways,Roads & Highways,03/2023,01/2025,07/2026,08/2026,701.02,701.02,156.4,81.18,FlashReport_July_2026 (1).pdf,142
2026-07,1606.0,618264,"Widening and Strengthening to two Lane with Paved Shoulder/Four Lane with paved shoulder configuration from km. 61.500 of NH-727B near Nawalpur km 178.500 of Sonauli Balia Marg, Old SH-01 i.e. end point of Salempur Bypass to km. 106.495 of NH-727B near Sikanderpur under EPC mode",MoRTH,Uttar Pradesh,Ministry of Road Transport & Highways,Roads & Highways,05/2023,12/2025,05/2028,05/2028,2061.86,2061.86,222.2,41.0,FlashReport_July_2026 (1).pdf,142
2026-07,1607.0,618265,Rehabilitation and upgradation to 2-lane with paved sholuders configuration of Miranpur Katra to radhaita section of NH-730CKm.114.000 to Km 137.250pakage-III in state of Uttar Pradesh undergreen national Highway Corridor ProjectGNHCP with the loan assistance of world Bank on EPC mode.,MoRTH,Uttar Pradesh,Ministry of Road Transport & Highways,Roads & Highways,04/2020,07/2022,07/2024,12/2026,172.5,169.56,0.13,92.0,FlashReport_July_2026 (1).pdf,142
2026-07,1608.0,618266,Rehabilitation and upgradation to 2-lane with paved sholuders configuration of Bewar- Allahaganj- section of NH-730C Km.0.000 to Km 52.770 pakage-I in state of Uttar Pradesh undergreen national Highway Corridor Project GNHCP with the loan assistance of world Bank on EPC mode.,MoRTH,Uttar Pradesh,Ministry of Road Transport & Highways,Roads & Highways,04/2020,11/2022,11/2024,09/2026,325.24,340.16,0.0,99.0,FlashReport_July_2026 (1).pdf,143
2026-07,1609.0,618267,Widening/Upgradation to four lane configuration of Shahjahanpur-Bisalpur section from km 0.00 to km 47.026 of NH-731K on Hybrid Annuity Mode in the state of Uttar Pradesh.,MoRTH,Uttar Pradesh,Ministry of Road Transport & Highways,Roads & Highways,03/2023,05/2026,05/2028,05/2028,1590.2,1590.2,0.0,0.0,FlashReport_July_2026 (1).pdf,143
2026-07,1610.0,618499,6L Elevated Kanpur - Lucknow Exeressway Pkg-1 from Km. 10980 to Km. 28500,,Uttar Pradesh,Ministry of Road Transport & Highways,Roads & Highways,12/2021,02/2023,07/2025,08/2026,1972.94,1943.27,770.81,100.0,FlashReport_July_2026 (1).pdf,143
2026-07,1611.0,618500,Construction of 4L Connector from Delhi Meerut Expressway Km 50.000 of Pkg IV to Km 8.520 of NH-235 Pkg-5,,Uttar Pradesh,Ministry of Road Transport & Highways,Roads & Highways,09/2021,03/2022,03/2024,08/2026,1081.39,1116.19,455.0,78.0,FlashReport_July_2026 (1).pdf,143
2026-07,1612.0,618529,Varanasi Ring Road Pkg-II connecting Sandaha Village km 11.70 / NH-29 with Revasa Village km 818.80 / NH-2,,Uttar Pradesh,Ministry of Road Transport & Highways,Roads & Highways,12/2017,02/2019,02/2022,10/2026,1991.71,1832.66,1751.26,96.86,FlashReport_July_2026 (1).pdf,143
2026-07,1613.0,618536,Construction of Ring Road around Kanpur from Ch.68.650 to Ch.93.209 Jarkala to Pakari Package-IV in State of Uttar Pradesh.,,Uttar Pradesh,Ministry of Road Transport & Highways,Roads & Highways,02/2023,12/2024,06/2027,06/2027,1603.53,1192.16,266.36,39.2,FlashReport_July_2026 (1).pdf,143
2026-07,1614.0,618537,Construction of Ring Road around Kanpur from Km.000 to Km. 23.325 Chachendi Sachendi I to Maharajpur Package-I,,Uttar Pradesh,Ministry of Road Transport & Highways,Roads & Highways,01/2023,12/2023,06/2026,02/2027,1753.75,1311.7,479.56,62.15,FlashReport_July_2026 (1).pdf,143
2026-07,1615.0,618538,Construction of Ring Road around kanpur from Ch.51.200 to Ch. 68.650 Badarka to Harbanch-Uchti Pkg-III,,Uttar Pradesh,Ministry of Road Transport & Highways,Roads & Highways,09/2023,01/2025,07/2027,07/2027,1792.68,1126.75,284.83,34.8,FlashReport_July_2026 (1).pdf,143
2026-07,1616.0,618539,Construction of Ring Road Kanpur from Ch. 32.090 to Ch.51.200 Transganaga to Sathara Package-II B,,Uttar Pradesh,Ministry of Road Transport & Highways,Roads & Highways,08/2024,03/2025,09/2027,09/2027,1089.41,1106.92,54.19,20.4,FlashReport_July_2026 (1).pdf,143
2026-07,1617.0,618540,Construction of Ring Road around Kanpur from Ch.23.325 to Ch.32.090 Chaudhariya to Transganga Package-IIA,,Uttar Pradesh,Ministry of Road Transport & Highways,Roads & Highways,08/2024,11/2025,10/2027,04/2028,1089.41,977.45,252.18,49.85,FlashReport_July_2026 (1).pdf,143
2026-07,1618.0,618554,Construction of left out portion of Agra Inner Ring Road connecting village Deori to NH-44 village Bad from Km. 0.000 to Km. 7.772,,Uttar Pradesh,Ministry of Road Transport & Highways,Roads & Highways,07/2022,03/2023,09/2024,08/2026,879.26,787.58,629.11,94.0,FlashReport_July_2026 (1).pdf,143
2026-07,1619.0,618566,4L Green Field Northern East side Gorakhpur Bypass 26.616 Kms starting from NH- 29E Chainage 83.308 and end at NH-28 Chainage 285.100,,Uttar Pradesh,Ministry of Road Transport & Highways,Roads & Highways,02/2023,01/2024,01/2026,01/2027,1973.98,1244.44,1035.52,73.78,FlashReport_July_2026 (1).pdf,143
2026-07,1620.0,618567,4/6L of Northern Ayodhya Bypass starting Km. 112.540 and ending Km. 139.928 north of existing NH-27 part-1 and part-2 south of NH-27 from km 0.000 to km 5.000.,,Uttar Pradesh,Ministry of Road Transport & Highways,Roads & Highways,08/2024,07/2025,01/2028,01/2028,2289.34,1834.25,285.67,33.53,FlashReport_July_2026 (1).pdf,143
2026-07,1621.0,618568,4/6L Southern Ayodhya Bypass from Km 5.000 to Km 37.172 starting near Km. 112.540 and ending at Km. 153.281 of NH-27,,Uttar Pradesh,Ministry of Road Transport & Highways,Roads & Highways,08/2024,03/2025,09/2027,09/2027,2541.13,1983.05,318.53,39.5,FlashReport_July_2026 (1).pdf,143
2026-07,1622.0,618669,4 -Laning of MP/UP Border to Kabarai section of NH-34&35 from km 197.000 to km 242.991 Length 45.991 Km Sagar-Kabrai Package-5 under Bharat Mala Pariyojana EC in MP & UP on HAM,,Uttar Pradesh,Ministry of Road Transport & Highways,Roads & Highways,10/2022,02/2025,02/2027,02/2027,1632.93,1425.43,574.07,61.77,FlashReport_July_2026 (1).pdf,143
2026-07,1623.0,618690,"4 lanning of Aligarh Palwal section from km 0.00 to km 46.39 package -1 from khereshwar junction-kurana of NH33D , including khair & jattari bypass in the state of UP on HAM mode",,Uttar Pradesh,Ministry of Road Transport & Highways,Roads & Highways,03/2024,03/2025,03/2027,03/2027,1663.38,1685.69,590.53,21.25,FlashReport_July_2026 (1).pdf,143
2026-07,1624.0,618710,DL/UP Border - EPE Crossing Pkg-02,,Uttar Pradesh,Ministry of Road Transport & Highways,Roads & Highways,09/2020,05/2021,11/2023,08/2026,2002.79,1889.78,1739.72,100.0,FlashReport_July_2026 (1).pdf,143
2026-07,1625.0,618722,6L access Controlled Greenfield Highway from Gogwan Jalalpur Shamli to Ranipur Barsi Saharanpur of Shamli -Ambala section Package-I Design Ch. Form km 00.600 to km 45.500,,Uttar Pradesh,Ministry of Road Transport & Highways,Roads & Highways,06/2022,05/2023,05/2025,03/2027,1843.59,1247.55,759.32,68.2,FlashReport_July_2026 (1).pdf,143
2026-07,1626.0,618761,4L Spur of Meerut-Garh-Mukteshwar section connecting NH-119 and NH-58 bypassing Meerut Town of NH 709 A,,Uttar Pradesh,Ministry of Road Transport & Highways,Roads & Highways,10/2021,02/2023,02/2025,08/2026,991.89,977.73,865.93,96.98,FlashReport_July_2026 (1).pdf,144
2026-07,1627.0,618768,Four laning of Agra-Aligarh Section from Km. 0.000 Junction of NH-34 Aligarh Km 144.60 to Km. 28.000 near Asroi village in Hathras of NH-509 Package-I,,Uttar Pradesh,Ministry of Road Transport & Highways,Roads & Highways,06/2024,03/2026,03/2028,11/2028,1309.08,1309.08,310.08,3.96,FlashReport_July_2026 (1).pdf,144
2026-07,1628.0,618782,4L of Bareilly-Pilibhit-Sitarganj from Km. 0.000 to Km. 32.500 of NH-30 Pkg-1,,Uttar Pradesh,Ministry of Road Transport & Highways,Roads & Highways,02/2023,03/2024,03/2026,03/2027,1394.14,1394.14,622.58,64.12,FlashReport_July_2026 (1).pdf,144
2026-07,1629.0,618798,4L of Sonauli - Gorakhpur,,Uttar Pradesh,Ministry of Road Transport & Highways,Roads & Highways,12/2021,03/2023,03/2025,09/2026,2555.5,2275.43,1328.22,89.0,FlashReport_July_2026 (1).pdf,144
2026-07,1630.0,618842,"2L PS Greenfield bypass lalganj ajhara, mohanganj and Raniganj on Raebareli - Jaunpur Section Design km 0.00 to Km 53177 of NH-31",,Uttar Pradesh,Ministry of Road Transport & Highways,Roads & Highways,12/2024,06/2026,06/2028,12/2026,1280.68,1280.68,199.56,0.0,FlashReport_July_2026 (1).pdf,144
2026-07,1631.0,618843,Construction of two lane with paved shoulders bypass to Mungrabadshapur town starting from near Kodahu at Km 47/225 of NH-319D and ending near Nauwadandi at Km 219/720 of NH-31 under NHO in the state of Uttar Pradesh on EPC mode,,Uttar Pradesh,Ministry of Road Transport & Highways,Roads & Highways,02/2025,09/2025,03/2027,03/2027,197.6,165.28,54.54,22.79,FlashReport_July_2026 (1).pdf,144
2026-07,1632.0,618848,Construction of Underpass beneath airport runway on NH-31 old NH-56 for proposed expansion of runway of Babatpur Airport Varanasi,,Uttar Pradesh,Ministry of Road Transport & Highways,Roads & Highways,02/2025,09/2025,09/2027,09/2027,649.44,649.44,0.09,22.0,FlashReport_July_2026 (1).pdf,144
2026-07,1633.0,618856,"Improvement and Up-Gradation of Existing Road to 4L PS from Km 123.650 to 175.080, from Start of Shahabad Bypass to End of Hardoi bypass of NH 731 Pkg-2B",,Uttar Pradesh,Ministry of Road Transport & Highways,Roads & Highways,09/2022,11/2023,11/2025,03/2027,1101.79,1212.26,519.69,68.8,FlashReport_July_2026 (1).pdf,144
2026-07,1634.0,618858,"Improvement and Up-Gradation of Existing Road to 4L PS from Km 88.750 to 123.650, from Start of Shahjahanpur Bypass to start of Shahabad bypass of NH 731Pkg.-2A",,Uttar Pradesh,Ministry of Road Transport & Highways,Roads & Highways,09/2022,01/2024,01/2026,03/2027,955.34,955.34,369.94,70.56,FlashReport_July_2026 (1).pdf,144
2026-07,1635.0,618859,"Improvement and Up-Gradation of Existing Road to 4L PS from Km 229.070 to 260.800, End of Hardoi District to Lucknow Ring road of NH 731 Pkg-4",,Uttar Pradesh,Ministry of Road Transport & Highways,Roads & Highways,09/2021,10/2022,10/2024,08/2026,575.66,553.61,390.09,99.33,FlashReport_July_2026 (1).pdf,144
2026-07,1636.0,618866,"Four Lane Highway from Chandan Nagar Existing Km. 59.025 of NH 530B/Design Km. 179.5000 to Bareilly BypassStartExisting Km. 59.025 of NH 530B/Design Km. 218.000 Section of NH 530B, in the State of Uttar Pradesh on HAM Mode under NH0",,Uttar Pradesh,Ministry of Road Transport & Highways,Roads & Highways,12/2024,11/2025,11/2027,11/2027,2077.0,1112.44,486.09,34.5,FlashReport_July_2026 (1).pdf,144
2026-07,1637.0,618867,4L Kasganj-Badaun Section from Km. 123.100 to Km. 179.500 Pkg-III of NH530B,,Uttar Pradesh,Ministry of Road Transport & Highways,Roads & Highways,03/2023,05/2025,05/2027,12/2027,2009.11,1936.61,590.99,40.0,FlashReport_July_2026 (1).pdf,144
2026-07,1638.0,618868,4L from Devinagar Bypass End Existing Km. 208.000 of NH 530B/Design Km. 66.000 to Kasganj Bypass End Existing Km.150.100 of NH 530B/ Design Km. 123.100 of NH 530B,,Uttar Pradesh,Ministry of Road Transport & Highways,Roads & Highways,03/2023,06/2024,06/2026,12/2026,2289.52,2223.71,1027.01,77.0,FlashReport_July_2026 (1).pdf,144
2026-07,1639.0,618869,"Construction of 4/6 lane Highway of Southern Bareilly Bypass, starting at Ch. 237000 of NH 530 near Jhumka chauraha, Dhantiya village and ending at Ch. 267000 of NH 30 near Invertis University including Trumpet Interchange",,Uttar Pradesh,Ministry of Road Transport & Highways,Roads & Highways,12/2024,12/2025,06/2028,06/2028,1122.02,1869.59,620.25,16.4,FlashReport_July_2026 (1).pdf,144
2026-07,1640.0,618883,Construction of Four Lane Highway form Ghazipur- Ballia-UP/Bihar State Border Greenfield section of NH-31 Package I [from Hridaipur km 0.000 to Shahapur km 42.500] on EPC Mode in the state of Uttar Pradesh.,,Uttar Pradesh,Ministry of Road Transport & Highways,Roads & Highways,10/2022,07/2023,07/2025,08/2026,1706.47,1579.59,1447.58,100.0,FlashReport_July_2026 (1).pdf,144
2026-07,1641.0,618884,Construction of Four Lane Highway from Ghazipur- Ballia-UP/Bihar State Border Greenfield section of NH-31 Package II [from Shahapur km 42.500 to Pindari km 78.150] on EPC Mode in the state of Uttar Pradesh.,,Uttar Pradesh,Ministry of Road Transport & Highways,Roads & Highways,10/2022,10/2023,10/2025,08/2026,1493.65,1311.44,775.96,98.4,FlashReport_July_2026 (1).pdf,144
2026-07,1642.0,618885,Construction of Four Lane Highway from Ghazipur- Ballia-UP/Bihar State Border Greenfield section of NH-31 Package IV [from Buxur Spur of length km 17.270 on EPC Mode in the state of Uttar Pradesh.,,Uttar Pradesh,Ministry of Road Transport & Highways,Roads & Highways,10/2022,06/2023,06/2025,11/2026,617.88,549.02,286.1,90.57,FlashReport_July_2026 (1).pdf,144
2026-07,1643.0,618893,Varanasi Gorakhpur Section Packege IV from km. 149.540 to km. 215.160 Mau- Gorakhpur,,Uttar Pradesh,Ministry of Road Transport & Highways,Roads & Highways,04/2015,04/2017,10/2019,08/2026,2966.63,3475.65,3455.15,97.35,FlashReport_July_2026 (1).pdf,144
2026-07,1644.0,618911,4L Greenfield Western Side spur of Rampur-Rudrapur Section from Km 0.000 to Km 13.700 connecting NH-24 to NH-87 bypassing rampur town,,Uttar Pradesh,Ministry of Road Transport & Highways,Roads & Highways,12/2021,05/2023,11/2024,02/2027,646.27,637.83,369.67,63.79,FlashReport_July_2026 (1).pdf,145
2026-07,1645.0,618923,4L Behsuma at Km 39.250 Ex. Km 39240 To Bijnor at Km 78.810 Ex. Km 86590 Design Length 39.560 Km of NH-119 Pkg-II,,Uttar Pradesh,Ministry of Road Transport & Highways,Roads & Highways,03/2023,05/2024,05/2026,12/2026,2158.2,2553.12,1234.06,70.12,FlashReport_July_2026 (1).pdf,145
2026-07,1646.0,618924,2L PS of Najibabad Kotdwar section from 112.575 to Km. 138.635 of NH 119,,Uttar Pradesh,Ministry of Road Transport & Highways,Roads & Highways,10/2021,03/2024,09/2025,10/2026,188.87,99.2,51.17,55.9,FlashReport_July_2026 (1).pdf,145
2026-07,1647.0,618925,Bijnor-Kotawali,,Uttar Pradesh,Ministry of Road Transport & Highways,Roads & Highways,02/2021,11/2021,05/2023,08/2026,300.58,334.48,299.77,99.02,FlashReport_July_2026 (1).pdf,145
2026-07,1648.0,618927,4L of Moradabad-Thakurdwara-Kashipur Section from Km. 0.000 to Km. 38.77 of NH- 734 Pkg-II,,Uttar Pradesh,Ministry of Road Transport & Highways,Roads & Highways,10/2022,03/2024,03/2026,06/2027,2006.82,1890.05,981.64,54.55,FlashReport_July_2026 (1).pdf,145
2026-07,1649.0,618929,4L of Moradabad western side spur connecting NH-734 & NH-24 from Km. 0.000 to Km. 33.200 Pkg-I,,Uttar Pradesh,Ministry of Road Transport & Highways,Roads & Highways,11/2022,09/2023,09/2025,12/2026,1841.92,1843.54,1132.25,83.06,FlashReport_July_2026 (1).pdf,145
2026-07,1650.0,618960,4 Lane Inner Ring Road around Allahabad City Pkg-2 Prayagraj Southern Bypass 43.200 - 50.860,,Uttar Pradesh,Ministry of Road Transport & Highways,Roads & Highways,08/2023,12/2023,06/2026,06/2027,1377.51,1007.62,448.99,44.64,FlashReport_July_2026 (1).pdf,145
2026-07,1651.0,618961,4 Lane Inner Ring Road around Allahabad City Pkg-1 Prayagraj Southern Bypass 34.400 43.200,,Uttar Pradesh,Ministry of Road Transport & Highways,Roads & Highways,02/2025,12/2025,12/2027,12/2027,775.94,498.97,70.02,24.55,FlashReport_July_2026 (1).pdf,145
2026-07,1652.0,618968,6L access control Greenfield highway of Vill-Khyawari to Vill-Latifpur at Saharanpur Bypass from Km. 82.000 to Km. 119.790 Pkg-4,,Uttar Pradesh,Ministry of Road Transport & Highways,Roads & Highways,03/2021,09/2022,09/2024,08/2026,1428.19,1439.35,1394.63,99.24,FlashReport_July_2026 (1).pdf,145
2026-07,1653.0,618970,6L access control Greenfield highway of Vill-Lohadda to Vill-Karaunda Mahajan from Km. 27.000 to Km. 56.500 Pkg-2,,Uttar Pradesh,Ministry of Road Transport & Highways,Roads & Highways,03/2021,09/2022,09/2024,08/2026,1335.45,1335.38,1253.61,98.06,FlashReport_July_2026 (1).pdf,145
2026-07,1654.0,619162,4L of Najibabad Bypass from Km. 105.423 to Km. 118.373 excluding 2.45 Km. of NH- 74 Bypass of NH-119,,Uttar Pradesh,Ministry of Road Transport & Highways,Roads & Highways,01/2022,12/2022,06/2024,08/2026,578.02,566.9,440.93,100.0,FlashReport_July_2026 (1).pdf,145
2026-07,1655.0,619168,6L access controlled Greenfield highway of Junction of EPE Vill.-Mavikalan to Vill.- Lohadda from Km. 0.000 to Km. 27.000 Pkg-1,,Uttar Pradesh,Ministry of Road Transport & Highways,Roads & Highways,03/2021,09/2022,09/2024,08/2026,1602.48,1497.94,1423.29,99.29,FlashReport_July_2026 (1).pdf,145
2026-07,1656.0,619194,"Construction of Four Lane Gola Flyover at Km 99.850 of NH 730 Major Junction with State Highways -93 of Engineering, Procurement and Construction EPC mode in the State of Uttar Pradesh.",MoRTH,Uttar Pradesh,Ministry of Road Transport & Highways,Roads & Highways,03/2025,05/2026,10/2027,10/2027,168.05,168.05,0.0,12.0,FlashReport_July_2026 (1).pdf,145
2026-07,1657.0,619308,6L access-controlled highway from Ganeshpur tonear Mohand of Ganeshpur Dehradun section from Km.0 to Km.8.3 of NH-72A Package-1,,Uttar Pradesh,Ministry of Road Transport & Highways,Roads & Highways,11/2020,10/2021,10/2023,08/2026,836.24,835.74,811.86,98.92,FlashReport_July_2026 (1).pdf,145
2026-07,1658.0,617888,Landslide treatment work on NH 58 from Kodiyala Km. 266.130 to Devprayag Km. 296.925 10 location under EPC mode in the State of Uttarakhand on EPC Mode,MoRTH,Uttarakhand,Ministry of Road Transport & Highways,Roads & Highways,01/2023,02/2024,02/2025,07/2026,192.54,192.54,0.0,99.0,FlashReport_July_2026 (1).pdf,145
2026-07,1659.0,617889,Treatment of landslide zone from location no. 01 to 28 km 62.860 to 152.750 on NH- 12509 in the State of Uttarakhand under EPC mode in NHO Annual Plan 2022-23,MoRTH,Uttarakhand,Ministry of Road Transport & Highways,Roads & Highways,11/2022,06/2023,06/2024,07/2026,192.22,192.22,0.0,98.5,FlashReport_July_2026 (1).pdf,145
2026-07,1660.0,617890,Construction of Champawat Bypass with two lane with paved shoulder configuration starting from existing chainage 121.700 to existing chainage 129.450 Design Length 9.847 of NH-125 in District-Champawat in the state of Uttrakhand on EPC mode.,MoRTH,Uttarakhand,Ministry of Road Transport & Highways,Roads & Highways,02/2025,01/2026,12/2027,,220.89,220.89,0.0,8.5,FlashReport_July_2026 (1).pdf,145
2026-07,1661.0,617929,Construction of 2 lane with paved shoulder of Kund Bypass from Design Km 35.130 to Km 47.700 existing Km 33.130 to Km 41.260 of NH-109 in the State of Uttarakhand,MoRTH,Uttarakhand,Ministry of Road Transport & Highways,Roads & Highways,02/2018,05/2018,05/2020,12/2026,247.41,247.41,114.6,73.5,FlashReport_July_2026 (1).pdf,145
2026-07,1662.0,617967,Construction of Rudraprayag tunnel of length 900.30 MTR including approaches and one major bridge on river Alaknanda connecting NH-107/old-109 to NH-07old-58 on EPC mode in the state of Uttarakhand.,MoRTH,Uttarakhand,Ministry of Road Transport & Highways,Roads & Highways,02/2021,01/2023,07/2025,07/2026,251.88,251.88,108.94,99.0,FlashReport_July_2026 (1).pdf,146
2026-07,1663.0,617968,Construction & Widening Including Augustmuni Bypass Ch-16.545 to Ch - 19.890 to 2L/PS from Km 16.545-Km 33.130 & 45.980 -57.975 Augustmuni to Kund & Guptkashi to Sitapur on NH 109 in UK,MoRTH,Uttarakhand,Ministry of Road Transport & Highways,Roads & Highways,03/2017,02/2018,02/2020,03/2024,418.89,418.89,426.18,95.0,FlashReport_July_2026 (1).pdf,146
2026-07,1664.0,617974,Rehabilitation and upgradation of 2 lane with paved shoulder from existing km. 195.175 to km. 220.000 Design Chainage km71.300 to Km. 95.947 Excluding existing chainage Km 200.300 to Km 202.400 Design chainage Km 76.400 to Km 78.400 on Dharasu to Yamunotri Road of NH- 134 Old NH-94,MoRTH,Uttarakhand,Ministry of Road Transport & Highways,Roads & Highways,05/2025,10/2025,04/2028,,344.73,344.73,0.0,53.74,FlashReport_July_2026 (1).pdf,146
2026-07,1665.0,618039,Widening to 2 Lane from Existing Chainage Km 74.700 Km 100.660 Design Chainage Km 53.365 to Km 78.785 on NH- 507 in the State of Uttarakhand.,MoRTH,Uttarakhand,Ministry of Road Transport & Highways,Roads & Highways,01/2024,10/2025,04/2028,,346.82,346.82,0.0,31.75,FlashReport_July_2026 (1).pdf,146
2026-07,1666.0,618040,Rehabilitation and Upgradation to Two lanes with Paved Shoulders configuration and Strengthening from Km 175.00 to Km 196.00 Gumkhal to Satpuli of NH-119 New NH- 534 in the State of Uttarakhand under NHO Annual Plan 2021-22 under EPC mode,MoRTH,Uttarakhand,Ministry of Road Transport & Highways,Roads & Highways,03/2022,01/2025,01/2027,,452.81,452.81,0.0,42.0,FlashReport_July_2026 (1).pdf,146
2026-07,1667.0,618041,Rehabilitation and upgrading to two lanes with paved shoulders and Strengthening of Kotdwar-Pauri-Srinagar road section from Km 232.00 to 274.470 on NH-119 New 534 Paidul to Srinagar in the State of Uttarakhand on EPC Mode under NHO Annual Plan 2021-22.,MoRTH,Uttarakhand,Ministry of Road Transport & Highways,Roads & Highways,02/2022,12/2025,12/2027,,299.31,299.31,0.0,2.0,FlashReport_July_2026 (1).pdf,146
2026-07,1668.0,618119,Rehabilitation and up-gradation to 2-lane configuration of Bageshwar to Kangarchina road from km 129.600 to Km 161.600 Existing Chainage 136.00 to Km 169.00 of NH- 309Ain the State of Uttarakhand Package-IV under NHO Annual Plan 2021-22,MoRTH,Uttarakhand,Ministry of Road Transport & Highways,Roads & Highways,03/2022,08/2024,02/2027,,472.23,472.23,0.0,67.0,FlashReport_July_2026 (1).pdf,146
2026-07,1669.0,618207,Widening to 2-lane with Hard Shoulder configuration of Mana Ch. 0.00 to Mana Pass Ch. 50.987 road on NH-07 under Bharatmala Pariyojna in the state of Uttarakhand under Annual Plan 2022-23 length 50.987,MoRTH,Uttarakhand,Ministry of Road Transport & Highways,Roads & Highways,10/2022,10/2023,10/2027,10/2028,573.96,573.96,0.0,21.03,FlashReport_July_2026 (1).pdf,146
2026-07,1670.0,618209,Construction & up gradation of existing road to 2-Lane with paved shoulder from existing chainage km 468000 to km 489350 Design Chainage km 465150 to km 471500 of NH-07 Old NH-58 including Joshimath bypass on EPC mode in the state of Uttarakhand Length 6.35 km,MoRTH,Uttarakhand,Ministry of Road Transport & Highways,Roads & Highways,03/2022,09/2022,09/2025,08/2027,258.85,258.85,0.0,37.23,FlashReport_July_2026 (1).pdf,146
2026-07,1671.0,618210,Rehabilitation and upgradation of Askot-Lipulekh on EPC Basis for Phase-I Existing Km 72.00 to 107.620 Design Chainage Km 21330 to Km 56935 under Project Hirak of BRO in the state of Uttarakhand under Bharatmala Pariyojna Phase-I on EPC Mode Length-35.605 Km CA No EPC/MORT&H/HRK/01/2021-22,MoRTH,Uttarakhand,Ministry of Road Transport & Highways,Roads & Highways,09/2020,12/2021,12/2023,07/2026,603.92,603.92,0.0,81.17,FlashReport_July_2026 (1).pdf,146
2026-07,1672.0,618211,Improvement/construction of 2-lane with paved shoulder of Askote Llipulekh road from Tawaghat village to Budhi village design km. 56935 to km 95748 and from end of Tunnel portal to Kali Mandir design km 113828 to km. 133078 [total design length 58.063 km] under project Hirak of BRO in the state of Uttarakhand under Bharatmala Pariyojna on EPC Mode,MoRTH,Uttarakhand,Ministry of Road Transport & Highways,Roads & Highways,05/2022,11/2024,11/2026,07/2027,649.6,649.6,0.0,37.19,FlashReport_July_2026 (1).pdf,146
2026-07,1673.0,618212,"STABILIZATION OF LAND SLIDE AND SLOPE PROTECTION AT KM 11.00 TO KM 11.08, 29,730 KM TO 30,060 KM, 30,400 KM TO 31,060 KM, 34,750 KM TO 35,300 KM, 38,950 KM TO 39,030 KM & 39,460 KM TO 39,540 KM TWO LOC CLUBBED, KM 40,400 TO KM 40,650, KM 43,500 KM 43,680, 52,460 RISHIKESH - DHARASU ROAD NH-94 ON EPC MODE IN THE STATE OF UTTARAKHAND. NOSE OF LAND SLIDE - 12 NOS",MoRTH,Uttarakhand,Ministry of Road Transport & Highways,Roads & Highways,01/2024,10/2025,04/2027,,197.26,197.26,0.0,22.0,FlashReport_July_2026 (1).pdf,146
2026-07,1674.0,618213,Rehabilitation and Upgradation of road Rishikesh Dharasu Old NH-94 with 2-lane with paved shoulder from km 76.000 to km 110.000 Design Chainage from km 74.733 to km 107.347 32.614 km including construction of Kamand re-alignment from existing Chainage Km 105.200 to Km 108.600 design chainage Km 103.436 to Km 105.949 - total length 2513 mtrs and land slide treatment work between design chainage Km 73.800 to Km 74.00 200m on EPC mode under improvement to NH connectivity to Chardham in,MoRTH,Uttarakhand,Ministry of Road Transport & Highways,Roads & Highways,03/2018,01/2019,01/2021,07/2026,273.76,273.76,0.0,96.46,FlashReport_July_2026 (1).pdf,146
2026-07,1675.0,618214,Rehabilitation and upgradation to 2 lane / 2 lane with paved shoulder configuration for design chainage km 107.347 to km 129.208 & km 133.878 to km 138.570 existing chainage km 110.000 to km 133.020 & km 137.330 to km 142.028 and land slide treatment at existing km 138.500 Design chainage km 134.970 of NH -94 on EPC mode under improvement to NH connectivity to Chardham in the state of Uttarakhand.,MoRTH,Uttarakhand,Ministry of Road Transport & Highways,Roads & Highways,03/2018,01/2019,07/2021,06/2024,346.5,346.5,0.0,100.0,FlashReport_July_2026 (1).pdf,147
2026-07,1676.0,618218,Rehabilitation & upgradation of existing road to 2-lane with hard shoulder from Joshimath km 0.00 to Saraithota km 29.725 road on NH-107B under Bharatmala Pariyojna on EPC mode in the state of Uttarakhand,MoRTH,Uttarakhand,Ministry of Road Transport & Highways,Roads & Highways,10/2022,05/2023,05/2025,03/2027,338.38,338.38,0.0,80.0,FlashReport_July_2026 (1).pdf,147
2026-07,1677.0,618219,Upgradation to 2-lane with Hard shoulder configuration of Suraithota Ch. 29.725 km to Malari Ch. 60.550 km road on NH- 107B under in the state of Uttarakhand.,MoRTH,Uttarakhand,Ministry of Road Transport & Highways,Roads & Highways,10/2022,05/2024,05/2026,12/2026,292.76,292.76,0.0,76.67,FlashReport_July_2026 (1).pdf,147
2026-07,1678.0,618390,"Construction, Operation & Maintenance of 2-L Bi-directional Silkyara Bend- Barkot Tunnel with escape passage including approaches Tunnel-4.531 & Approach road- 0.328 on Dharasu-Yamunotri section b/w Chainage 25.400km and 51.00km falling along NH-134 Old NH-94 on EPC mode",,Uttarakhand,Ministry of Road Transport & Highways,Roads & Highways,03/2018,07/2018,07/2022,03/2027,1383.78,1383.78,842.44,76.03,FlashReport_July_2026 (1).pdf,147
2026-07,1679.0,618391,"Construction for Mitigation Measures of 5 Nos. Landslides, 05 No. Sinking Zones and 01 No. Bridge from Ch. 450.00 to Ch. 468.00 18 Km. Length on NH-07 Package-III",,Uttarakhand,Ministry of Road Transport & Highways,Roads & Highways,12/2023,06/2024,12/2025,02/2027,250.33,250.33,100.93,88.12,FlashReport_July_2026 (1).pdf,147
2026-07,1680.0,618392,"Construction for Mitigation Measures of 5 Nos. Landslides, 5 Nos. Sinking Zones in between Ch. 433.00 to 450.00 BANERPANI VILLAGE on NH-07 on EPC mode in the state of Uttarakhand Package-2",,Uttarakhand,Ministry of Road Transport & Highways,Roads & Highways,12/2023,12/2024,06/2026,01/2027,259.64,259.64,0.0,68.45,FlashReport_July_2026 (1).pdf,147
2026-07,1681.0,618393,"Construction for Mitigation Measures of 10 Nos. Landslides, 01 No. Sinking Zones and 1 No. of Minor Bridge in between at Ch. Km 368.00 to Km 433.00 on NH-07 on EPC Mode in Uttarakhand Package-1",,Uttarakhand,Ministry of Road Transport & Highways,Roads & Highways,12/2023,06/2024,12/2025,02/2024,216.68,216.68,117.83,99.97,FlashReport_July_2026 (1).pdf,147
2026-07,1682.0,618875,4L of Haridwar Nagina section Design Ch. LME from km 13.829 to km 17.110 & km 26.077 to km 27.508 and Design Ch. RME from km 13.839 to km 17.120 & km 26.078 to km 27.509 of EUP mitigation measures on NH74,,Uttarakhand,Ministry of Road Transport & Highways,Roads & Highways,11/2021,08/2022,02/2024,12/2026,183.92,142.11,119.67,70.42,FlashReport_July_2026 (1).pdf,147
2026-07,1683.0,619142,Construction of 4-lane connectivity to Banbasa ICP at India Nepal border from NH-09 old NH-125 Sitarganj-Tanakpur at Km 40.00 near Jagbuda bridge under Bharatmala Priyojana of NH-109D on EPC mode in the State of Uttarakhand,,Uttarakhand,Ministry of Road Transport & Highways,Roads & Highways,06/2022,03/2023,09/2024,04/2027,216.97,237.01,213.92,75.24,FlashReport_July_2026 (1).pdf,147
2026-07,1684.0,619155,Upgradation and 4L of Haridwar Bypass from Km 0.000 Km 188.100 of NH-58 to Km. 15.100 Km 5.100 of NH 74 PKg-1,,Uttarakhand,Ministry of Road Transport & Highways,Roads & Highways,11/2021,10/2022,10/2024,11/2026,1602.89,1423.89,770.27,80.36,FlashReport_July_2026 (1).pdf,147
2026-07,1685.0,619221,Realignment of Rudrapur-Kathgodam Section of NH-87 New NH-109 From Design Chainage 000 Existing Chainage Km.54050 To Design Chainage 7875 Existing Chainage Km.61550 Due To Proposed Expansion Of Pantnagar Airport in the state of Uttarakhand.,,Uttarakhand,Ministry of Road Transport & Highways,Roads & Highways,08/2025,06/2026,09/2027,09/2027,252.97,252.97,0.14,0.0,FlashReport_July_2026 (1).pdf,147
2026-07,1686.0,619292,4L Medinipur to Ballupur from Km. 458.65 to Km. 487.65 of NH-07Pkg-2,,Uttarakhand,Ministry of Road Transport & Highways,Roads & Highways,03/2022,02/2023,02/2025,08/2026,1092.9,1072.5,739.13,93.9,FlashReport_July_2026 (1).pdf,147
2026-07,1687.0,619293,Construction of 4 Lane Access Controlled Bypass for Dehradun on NH307 from Design Chainage km 0050 Jhajra on NH-07 to Design Chainage km 12220 Asharori on EPC Mode in the State of Uttarakhand under NHO,,Uttarakhand,Ministry of Road Transport & Highways,Roads & Highways,12/2023,04/2025,04/2027,04/2027,715.97,337.11,191.78,62.79,FlashReport_July_2026 (1).pdf,147
2026-07,1688.0,619294,Road Safety Improvement of existing four lane section of Dehradun-Lal Tappar-Nepali Farm Section of NH-7 and Nepali Farm-Motichur NH-34 on EPC Mode in Uttarakhand under NHO.,,Uttarakhand,Ministry of Road Transport & Highways,Roads & Highways,05/2025,02/2026,08/2028,08/2028,720.67,388.19,10.86,5.13,FlashReport_July_2026 (1).pdf,147
2026-07,1689.0,619295,Four/Six laning of Bhaniyawala-Jollygrant-Rishikesh spur section of NH-07 from Km. 0.000 to Km 19.780,,Uttarakhand,Ministry of Road Transport & Highways,Roads & Highways,02/2023,12/2025,11/2027,11/2027,742.43,664.92,13.35,0.0,FlashReport_July_2026 (1).pdf,147
2026-07,1690.0,617893,Construction of additional major Bridge with 4- lane configuration of length 1.48 km on NH-60 NH-14 over River Kangshabati from Km. 117.770 to Km 119.250 and additional major Bridge with 4- lane configuration of length 0.900 km on NH-60 NH- 14 over River Shilabati from Km. 173.220 to Km 174.120 in the district of Paschim Medinipur of West Bengal under Annual Plan for FY 2023-24 on EPC mode. Job No 014-W8-2023-24/527 .,MoRTH,West Bengal,Ministry of Road Transport & Highways,Roads & Highways,11/2023,11/2025,05/2028,05/2028,304.83,304.83,0.15,0.0,FlashReport_July_2026 (1).pdf,148
2026-07,1691.0,617894,"Construction or 4 lane Raniganj Bypass of length 5.261 km on NH-60 new NH-14 from km 273.00 of NH to km 478.18 of NH-2 New NH 16 in paschim Bardhaman, West Bengal in EPC Mode- reg. Job No. 014-WB-2022-23/514",MoRTH,West Bengal,Ministry of Road Transport & Highways,Roads & Highways,03/2023,03/2024,03/2026,05/2027,410.83,410.83,184.64,67.28,FlashReport_July_2026 (1).pdf,148
2026-07,1692.0,617931,Construction of ROB and its approaches in lieu of LC No. 10/B/T at Km 307.050 of NH-60.,MoRTH,West Bengal,Ministry of Road Transport & Highways,Roads & Highways,03/2016,08/2023,08/2025,10/2027,155.87,138.57,20.6,17.08,FlashReport_July_2026 (1).pdf,148
2026-07,1693.0,617960,Construction of new road at the missing link portion of NH-81 along approved alignment between Harishchandrapur and Eastern approach of Kalindri Bridge from Km 46.550 to Km 59.697 in the district of Malda. Job No-081-WB-2015-16/400,MoRTH,West Bengal,Ministry of Road Transport & Highways,Roads & Highways,08/2016,11/2016,11/2018,10/2026,271.17,291.2,216.61,85.56,FlashReport_July_2026 (1).pdf,148
2026-07,1694.0,618227,Development to 4/6-lanning of NH-31 New NH-10 with both side service roads from km 569.258 to km 581.030 end of AH-02 project on NH- 31 near Shivmandir to Sevoke Army Cantonment in districts of Darjeeling and Jalpaiguri in the state of West Bengal on EPC Mode Job No. 010/WB/2021-22/490,MoRTH,West Bengal,Ministry of Road Transport & Highways,Roads & Highways,03/2022,03/2023,09/2025,03/2027,995.04,1059.2,590.78,74.98,FlashReport_July_2026 (1).pdf,148
2026-07,1695.0,618427,Construction & upgradation of existing road to 2-lane with paved shoulder including geometric improvement of Kafer- Lava More section from km 40.00 to km 61.100 of NH717-A on EPC under SARDP-NE A in state of West Bengal Pkg-VA,,West Bengal,Ministry of Road Transport & Highways,Roads & Highways,06/2020,10/2020,04/2023,12/2026,311.02,273.78,268.2,95.98,FlashReport_July_2026 (1).pdf,148
2026-07,1696.0,618429,Construction & upgradation of existing road to 2-lane with paved shoulder including geometric improvement of sect. from Pedong bypass to Reshi Border km 79.700 to km 96.254 of NH-717A under SARDP-NE-A on EPC as part of Alternate connectivity to Gangtok Lava More-Reshi Border Pkg-VB,,West Bengal,Ministry of Road Transport & Highways,Roads & Highways,06/2020,10/2020,04/2022,08/2026,345.38,395.59,418.73,97.22,FlashReport_July_2026 (1).pdf,148
2026-07,1697.0,618430,Construction of alternative highway to Gangtok in Sikkim via Bagrakot -Chuikhim- Nimbong -Kafer-Bakhim-Algarah-Rhenock in the State of West Bengal and from Rhenok-Rorathang-Pakyong along with spur from Aritar-Rolep-Menla in the State of Sikkim from Km 0.00 to Km 13.00 of Bagrakot -Kafer section of NH 717A on EPC Mode under Phase-A of SARDP-NE in the State of West Bengal PKG- IVA,,West Bengal,Ministry of Road Transport & Highways,Roads & Highways,03/2018,10/2019,04/2022,08/2026,402.94,402.94,261.9,99.23,FlashReport_July_2026 (1).pdf,148
2026-07,1698.0,618431,Construction of alternative highway to Gangtok in Sikkim via Bagrakot -Chuikhim- Nimbong -Kafer-Bakhim-Algarah-Rhenock in the State of West Bengal and from Rhenok-Rorathang-Pakyong along with spur from Aritar-Rolep-Menla in the State of Sikkim from Km 13.00 to Km 25.60 of Bagrakot -Kafer section of NH 717A on EPC Mode under Phase-A of SARDP-NE in the State of West Bengal PKG- IVB,,West Bengal,Ministry of Road Transport & Highways,Roads & Highways,03/2018,10/2020,04/2023,12/2026,295.97,295.97,255.94,97.73,FlashReport_July_2026 (1).pdf,148
2026-07,1699.0,618572,Binnaguri Bypass-Descoped portion of Ghoshpukur-Dhupguri Section of NH-31Dpkg-1,,West Bengal,Ministry of Road Transport & Highways,Roads & Highways,03/2025,11/2025,11/2027,11/2027,309.99,306.02,4.77,3.67,FlashReport_July_2026 (1).pdf,148
2026-07,1700.0,618574,Balance Works of 4L of NH-31D from Km. 113.200 to Km. 154.854 Package-II A Ghoshpukur-Salsalabari Section,,West Bengal,Ministry of Road Transport & Highways,Roads & Highways,11/2023,12/2024,06/2027,06/2027,1818.46,962.31,461.0,61.1,FlashReport_July_2026 (1).pdf,148
2026-07,1701.0,618808,6L Elevated Kona Expressway from Km. 0.145 to Km. 7.337 of NH-117,,West Bengal,Ministry of Road Transport & Highways,Roads & Highways,03/2023,06/2024,12/2026,12/2027,1212.56,1203.11,433.18,39.99,FlashReport_July_2026 (1).pdf,148
2026-07,1702.0,618823,4 laning of Barasat - Barajaguli Section of NH-12 from Km. 31.000 to Km. 48.679 in the district of North 24 - Parganas,,West Bengal,Ministry of Road Transport & Highways,Roads & Highways,02/2024,08/2024,02/2026,10/2027,352.01,346.39,97.88,43.52,FlashReport_July_2026 (1).pdf,148
2026-07,1703.0,618824,"Development to 4-laning of the de-scoped stretches from Km 115.342 to Km 191.700 of NH-34 in Nadia District 3.962 & Murshidabad District 5.538 pertaining to Krishnagar to Berhampore section of NH-34 New NH-12 , in the state of West Bengal under NHO.",,West Bengal,Ministry of Road Transport & Highways,Roads & Highways,03/2024,07/2024,01/2026,06/2027,201.1,197.74,64.63,54.79,FlashReport_July_2026 (1).pdf,148
2026-07,1704.0,618825,Bridge over Ganga River at d/s of Farraka Barrage including Approaches connecting Farakka-Raiganj,,West Bengal,Ministry of Road Transport & Highways,Roads & Highways,08/2018,12/2018,12/2021,09/2026,622.04,646.1,628.08,96.71,FlashReport_July_2026 (1).pdf,148
2026-07,1705.0,619004,"Construction of Dubrajpur Bypass with 4-lane configuration of length 5.676 km on NH- 60 new NH-14 from design chainage 0.00 existing km 316.135 on NH-60 to design chainage 5.676 existing km 320.980 on NH-60 in the district of Birbhum, West Bengal under Annual Plan 2022-23 in EPC Mode- reg. Job. No. 014-WB-2022- 23/518 .",MoRTH,West Bengal,Ministry of Road Transport & Highways,Roads & Highways,03/2023,12/2025,12/2027,12/2027,560.79,560.79,0.31,8.0,FlashReport_July_2026 (1).pdf,149
2026-07,1706.0,619187,"Slope protection and landslide mitigation at 4 vulnerable locations km 1.950 to Km 2.100, km 11.100 to 11.450, km 22.435 to km 22.485 and km 22.610 to km 22.680 within Sevoke-Rangpo section of NH-10 old NH-31A in Darjeeling & Kalimpong district in the State of West Bengal on EPC mode",,West Bengal,Ministry of Road Transport & Highways,Roads & Highways,02/2024,06/2025,06/2027,06/2027,152.27,152.27,21.2,34.47,FlashReport_July_2026 (1).pdf,149
